1ca0.c40: Log file opened: 7.2.14r174565 g_hStartupLog=00000000000000a8 g_uNtVerCombined=0xa04a6500
1ca0.c40: \SystemRoot\System32\ntdll.dll:
1ca0.c40:     CreationTime:    2025-10-21T17:45:59.984182800Z
1ca0.c40:     LastWriteTime:   2025-10-21T17:46:00.026382600Z
1ca0.c40:     ChangeTime:      2025-11-12T15:14:25.916192900Z
1ca0.c40:     FileAttributes:  0x20
1ca0.c40:     Size:            0x1ef7b8
1ca0.c40:     NT Headers:      0xe8
1ca0.c40:     Timestamp:       0x7ec9c15d
1ca0.c40:     Machine:         0x8664 - amd64
1ca0.c40:     Timestamp:       0x7ec9c15d
1ca0.c40:     Image Version:   10.0
1ca0.c40:     SizeOfImage:     0x1f8000 (2064384)
1ca0.c40:     Resource Dir:    0x186000 LB 0x70508
1ca0.c40:     [Version info resource found at 0xd8! (ID/Name: 0x1; SubID/SubName: 0x409)]
1ca0.c40:     [Raw version resource data: 0x1860f0 LB 0x380, codepage 0x0 (reserved 0x0)]
1ca0.c40:     ProductName:     Microsoft® Windows® Operating System
1ca0.c40:     ProductVersion:  10.0.19041.6456
1ca0.c40:     FileVersion:     10.0.19041.6456 (WinBuild.160101.0800)
1ca0.c40:     FileDescription: NT Layer DLL
1ca0.c40: \SystemRoot\System32\kernel32.dll:
1ca0.c40:     CreationTime:    2025-06-20T12:36:39.666423800Z
1ca0.c40:     LastWriteTime:   2025-06-20T12:36:39.682041400Z
1ca0.c40:     ChangeTime:      2025-11-12T15:14:25.947200000Z
1ca0.c40:     FileAttributes:  0x20
1ca0.c40:     Size:            0xbf568
1ca0.c40:     NT Headers:      0xf8
1ca0.c40:     Timestamp:       0xeee0fc1a
1ca0.c40:     Machine:         0x8664 - amd64
1ca0.c40:     Timestamp:       0xeee0fc1a
1ca0.c40:     Image Version:   10.0
1ca0.c40:     SizeOfImage:     0xc2000 (794624)
1ca0.c40:     Resource Dir:    0xc0000 LB 0x520
1ca0.c40:     [Version info resource found at 0x90! (ID/Name: 0x1; SubID/SubName: 0x409)]
1ca0.c40:     [Raw version resource data: 0xc00b0 LB 0x3a4, codepage 0x0 (reserved 0x0)]
1ca0.c40:     ProductName:     Microsoft® Windows® Operating System
1ca0.c40:     ProductVersion:  10.0.19041.5915
1ca0.c40:     FileVersion:     10.0.19041.5915 (WinBuild.160101.0800)
1ca0.c40:     FileDescription: Windows NT BASE API Client DLL
1ca0.c40: \SystemRoot\System32\KernelBase.dll:
1ca0.c40:     CreationTime:    2025-09-23T02:51:12.277213600Z
1ca0.c40:     LastWriteTime:   2025-09-23T02:51:12.369484300Z
1ca0.c40:     ChangeTime:      2025-11-12T15:14:25.916192900Z
1ca0.c40:     FileAttributes:  0x20
1ca0.c40:     Size:            0x2f7a40
1ca0.c40:     NT Headers:      0x100
1ca0.c40:     Timestamp:       0x56511854
1ca0.c40:     Machine:         0x8664 - amd64
1ca0.c40:     Timestamp:       0x56511854
1ca0.c40:     Image Version:   10.0
1ca0.c40:     SizeOfImage:     0x2f6000 (3104768)
1ca0.c40:     Resource Dir:    0x2cc000 LB 0x548
1ca0.c40:     [Version info resource found at 0x90! (ID/Name: 0x1; SubID/SubName: 0x409)]
1ca0.c40:     [Raw version resource data: 0x2cc0b0 LB 0x3bc, codepage 0x0 (reserved 0x0)]
1ca0.c40:     ProductName:     Microsoft® Windows® Operating System
1ca0.c40:     ProductVersion:  10.0.19041.6280
1ca0.c40:     FileVersion:     10.0.19041.6280 (WinBuild.160101.0800)
1ca0.c40:     FileDescription: Windows NT BASE API Client DLL
1ca0.c40: \SystemRoot\System32\apisetschema.dll:
1ca0.c40:     CreationTime:    2025-06-20T12:36:18.336864500Z
1ca0.c40:     LastWriteTime:   2025-06-20T12:36:18.336864500Z
1ca0.c40:     ChangeTime:      2025-11-12T15:14:25.887186400Z
1ca0.c40:     FileAttributes:  0x20
1ca0.c40:     Size:            0x1f9c8
1ca0.c40:     NT Headers:      0xd0
1ca0.c40:     Timestamp:       0x85f6b378
1ca0.c40:     Machine:         0x8664 - amd64
1ca0.c40:     Timestamp:       0x85f6b378
1ca0.c40:     Image Version:   10.0
1ca0.c40:     SizeOfImage:     0x20000 (131072)
1ca0.c40:     Resource Dir:    0x1f000 LB 0x408
1ca0.c40:     [Version info resource found at 0x48! (ID/Name: 0x1; SubID/SubName: 0x409)]
1ca0.c40:     [Raw version resource data: 0x1f060 LB 0x3a8, codepage 0x0 (reserved 0x0)]
1ca0.c40:     ProductName:     Microsoft® Windows® Operating System
1ca0.c40:     ProductVersion:  10.0.19041.5915
1ca0.c40:     FileVersion:     10.0.19041.5915 (WinBuild.160101.0800)
1ca0.c40:     FileDescription: ApiSet Schema DLL
1ca0.c40: root name: type=Mutant name=PendingRenameMutex
1ca0.c40: root name: type=Directory name=ObjectTypes
1ca0.c40: root name: type=FilterConnectionPort name=storqosfltport
1ca0.c40: root name: type=FilterConnectionPort name=MicrosoftMalwareProtectionRemoteIoPortWD
1ca0.c40: root name: type=FilterConnectionPort name=MicrosoftDataLossPreventionPort
1ca0.c40: root name: type=Job name=Container_Microsoft.YourPhone_1.25072.79.0_x64__8wekyb3d8bbwe-S-1-5-21-2830716156-2187875704-3980055628-1001
1ca0.c40: root name: type=SymbolicLink name=SystemRoot
1ca0.c40: root name: type=Directory name=Sessions
1ca0.c40: root name: type=FilterConnectionPort name=MicrosoftMalwareProtectionVeryLowIoPortWD
1ca0.c40: root name: type=Directory name=ArcName
1ca0.c40: root name: type=FilterConnectionPort name=WcifsPort
1ca0.c40: root name: type=Directory name=NLS
1ca0.c40: root name: type=Event name=LanmanServerAnnounceEvent
1ca0.c40: root name: type=ALPC Port name=ThemeApiPort
1ca0.c40: root name: type=Directory name=Windows
1ca0.c40: root name: type=Directory name=GLOBAL??
1ca0.c40: root name: type=Directory name=RPC Control
1ca0.c40: root name: type=FilterConnectionPort name=MicrosoftDataLossPreventionControlPort
1ca0.c40: root name: type=ALPC Port name=PdcPort
1ca0.c40: root name: type=Event name=EFSInitEvent
1ca0.c40: root name: type=SymbolicLink name=Dfs
1ca0.c40: root name: type=Device name=clfs
1ca0.c40: root name: type=FilterConnectionPort name=MicrosoftDataLossPreventionRemoteIoPort
1ca0.c40: root name: type=Event name=CsrSbSyncEvent
1ca0.c40: root name: type=ALPC Port name=SeRmCommandPort
1ca0.c40: root name: type=SymbolicLink name=DosDevices
1ca0.c40: root name: type=Directory name=KnownDlls32
1ca0.c40: root name: type=Key name=REGISTRY
1ca0.c40: root name: type=Directory name=BaseNamedObjects
1ca0.c40: root name: type=Section name=Win32kCrossSessionGlobals
1ca0.c40: root name: type=FilterConnectionPort name=MicrosoftDataLossPreventionVeryLowIoPort
1ca0.c40: root name: type=ALPC Port name=PowerPort
1ca0.c40: root name: type=ALPC Port name=SmSsWinStationApiPort
1ca0.c40: root name: type=Event name=UniqueInteractiveSessionIdEvent
1ca0.c40: root name: type=Directory name=UMDFCommunicationPorts
1ca0.c40: root name: type=Directory name=KnownDlls
1ca0.c40: root name: type=ALPC Port name=PowerMonitorPort
1ca0.c40: root name: type=Device name=Ntfs
1ca0.c40: root name: type=Directory name=FileSystem
1ca0.c40: root name: type=Directory name=KernelObjects
1ca0.c40: root name: type=Event name=DSYSDBG.Debug.Trace.Memory.2d8
1ca0.c40: root name: type=FilterConnectionPort name=MicrosoftMalwareProtectionControlPortWD
1ca0.c40: root name: type=ALPC Port name=SeLsaCommandPort
1ca0.c40: root name: type=Directory name=Callback
1ca0.c40: root name: type=FilterConnectionPort name=MicrosoftDataLossPreventionAsyncPort
1ca0.c40: root name: type=FilterConnectionPort name=BindFltPort
1ca0.c40: root name: type=Directory name=Security
1ca0.c40: root name: type=FilterConnectionPort name=MicrosoftMalwareProtectionAsyncPortWD
1ca0.c40: root name: type=Directory name=Device
1ca0.c40: root name: type=SymbolicLink name=DriverData
1ca0.c40: root name: type=Section name=LsaPerformance
1ca0.c40: root name: type=ALPC Port name=SmApiPort
1ca0.c40: root name: type=FilterConnectionPort name=CLDMSGPORT
1ca0.c40: root name: type=FilterConnectionPort name=MicrosoftMalwareProtectionPortWD
1ca0.c40: root name: type=SymbolicLink name=OSDataRoot
1ca0.c40: root name: type=Event name=SAM_SERVICE_STARTED
1ca0.c40: root name: type=Directory name=Driver
1ca0.c40: root name: type=Directory name=DriverStores
1ca0.c40: NtOpenDirectoryObject failed on '\Driver': 0xc0000022
1ca0.c40: supR3HardenedWinFindAdversaries: 0x0
1ca0.c40: supR3HardenedWinInitAppBin(0x0): '\Device\HarddiskVolume2\Program Files\Oracle\VirtualBox'
1ca0.c40: Calling main()
1ca0.c40: SUPR3HardenedMain: pszProgName=VirtualBoxVM fFlags=0x2
1ca0.c40: supR3HardenedWinInitAppBin(0x2): '\Device\HarddiskVolume2\Program Files\Oracle\VirtualBox'
1ca0.c40: SUPR3HardenedMain: Respawn #1
1ca0.c40: System32:  \Device\HarddiskVolume2\Windows\System32
1ca0.c40: WinSxS:    \Device\HarddiskVolume2\Windows\WinSxS
1ca0.c40: KnownDllPath: C:\Windows\System32
1ca0.c40: supR3HardenedWinInit: Performing a limited self purification...
1ca0.c40: supHardNtVpScanVirtualMemory: enmKind=SELF_PURIFICATION
1ca0.c40:  *0000000000000000-000000007ffdffff 0x0001/0x0000 0x0000000
1ca0.c40:  *000000007ffe0000-000000007ffe0fff 0x0002/0x0002 0x0020000
1ca0.c40:   000000007ffe1000-000000007ffe6fff 0x0001/0x0000 0x0000000
1ca0.c40:  *000000007ffe7000-000000007ffe7fff 0x0002/0x0002 0x0020000
1ca0.c40:   000000007ffe8000-000000fb37ecffff 0x0001/0x0000 0x0000000
1ca0.c40:  *000000fb37ed0000-000000fb37f88fff 0x0000/0x0004 0x0020000
1ca0.c40:   000000fb37f89000-000000fb37f8bfff 0x0104/0x0004 0x0020000
1ca0.c40:   000000fb37f8c000-000000fb37fcffff 0x0004/0x0004 0x0020000
1ca0.c40:   000000fb37fd0000-000000fb37ffffff 0x0001/0x0000 0x0000000
1ca0.c40:  *000000fb38000000-000000fb381b1fff 0x0000/0x0004 0x0020000
1ca0.c40:   000000fb381b2000-000000fb381b4fff 0x0004/0x0004 0x0020000
1ca0.c40:   000000fb381b5000-000000fb381fffff 0x0000/0x0004 0x0020000
1ca0.c40:  *000000fb38200000-000000fb382fcfff 0x0000/0x0002 0x0020000
1ca0.c40:   000000fb382fd000-000000fb382fdfff 0x0102/0x0002 0x0020000
1ca0.c40:   000000fb382fe000-000000fb382fefff 0x0002/0x0002 0x0020000
1ca0.c40:   000000fb382ff000-000000fb382fffff 0x0000/0x0002 0x0020000
1ca0.c40:   000000fb38300000-00000287ea50ffff 0x0001/0x0000 0x0000000
1ca0.c40:  *00000287ea510000-00000287ea51ffff 0x0004/0x0004 0x0040000
1ca0.c40:  *00000287ea520000-00000287ea521fff 0x0002/0x0002 0x0040000
1ca0.c40:   00000287ea522000-00000287ea52ffff 0x0001/0x0000 0x0000000
1ca0.c40:  *00000287ea530000-00000287ea54cfff 0x0002/0x0002 0x0040000
1ca0.c40:   00000287ea54d000-00000287ea54ffff 0x0001/0x0000 0x0000000
1ca0.c40:  *00000287ea550000-00000287ea553fff 0x0002/0x0002 0x0040000
1ca0.c40:   00000287ea554000-00000287ea55ffff 0x0001/0x0000 0x0000000
1ca0.c40:  *00000287ea560000-00000287ea560fff 0x0002/0x0002 0x0040000
1ca0.c40:   00000287ea561000-00000287ea56ffff 0x0001/0x0000 0x0000000
1ca0.c40:  *00000287ea570000-00000287ea571fff 0x0004/0x0004 0x0020000
1ca0.c40:   00000287ea572000-00000287ea57ffff 0x0001/0x0000 0x0000000
1ca0.c40:  *00000287ea580000-00000287ea580fff 0x0004/0x0004 0x0020000
1ca0.c40:   00000287ea581000-00000287ea5a0fff 0x0000/0x0004 0x0020000
1ca0.c40:   00000287ea5a1000-00000287ea5affff 0x0001/0x0000 0x0000000
1ca0.c40:  *00000287ea5b0000-00000287ea5b1fff 0x0002/0x0002 0x0040000
1ca0.c40:   00000287ea5b2000-00000287ea5bffff 0x0001/0x0000 0x0000000
1ca0.c40:  *00000287ea5c0000-00000287ea5c0fff 0x0002/0x0002 0x0040000
1ca0.c40:   00000287ea5c1000-00000287ea5cffff 0x0001/0x0000 0x0000000
1ca0.c40:  *00000287ea5d0000-00000287ea5d0fff 0x0004/0x0004 0x0020000
1ca0.c40:   00000287ea5d1000-00000287ea5f0fff 0x0000/0x0004 0x0020000
1ca0.c40:   00000287ea5f1000-00000287ea5fffff 0x0001/0x0000 0x0000000
1ca0.c40:  *00000287ea600000-00000287ea611fff 0x0004/0x0004 0x0020000
1ca0.c40:   00000287ea612000-00000287ea612fff 0x0000/0x0004 0x0020000
1ca0.c40:   00000287ea613000-00000287ea616fff 0x0004/0x0004 0x0020000
1ca0.c40:   00000287ea617000-00000287ea6fffff 0x0000/0x0004 0x0020000
1ca0.c40:   00000287ea700000-00000287ea711fff 0x0004/0x0004 0x0020000
1ca0.c40:   00000287ea712000-00000287ea712fff 0x0000/0x0004 0x0020000
1ca0.c40:   00000287ea713000-00000287ea72dfff 0x0004/0x0004 0x0020000
1ca0.c40:   00000287ea72e000-00000287ea72efff 0x0000/0x0004 0x0020000
1ca0.c40:   00000287ea72f000-00000287ea73cfff 0x0004/0x0004 0x0020000
1ca0.c40:   00000287ea73d000-00000287ea745fff 0x0000/0x0004 0x0020000
1ca0.c40:   00000287ea746000-00000287ea748fff 0x0004/0x0004 0x0020000
1ca0.c40:   00000287ea749000-00000287ea7fffff 0x0000/0x0004 0x0020000
1ca0.c40:  *00000287ea800000-00000287ea8c8fff 0x0002/0x0002 0x0040000
1ca0.c40:   00000287ea8c9000-00000287eaffffff 0x0001/0x0000 0x0000000
1ca0.c40:  *00000287eb000000-00000287eb001fff 0x0004/0x0004 0x0020000
1ca0.c40:   00000287eb002000-00000287eb00ffff 0x0000/0x0004 0x0020000
1ca0.c40:   00000287eb010000-00000287eb207fff 0x0004/0x0004 0x0020000
1ca0.c40:   00000287eb208000-00000287ebffffff 0x0000/0x0004 0x0020000
1ca0.c40:   00000287ec000000-00007df45a61ffff 0x0001/0x0000 0x0000000
1ca0.c40:  *00007df45a620000-00007df45a624fff 0x0002/0x0002 0x0040000
1ca0.c40:   00007df45a625000-00007df45a71ffff 0x0000/0x0002 0x0040000
1ca0.c40:  *00007df45a720000-00007df45f81cfff 0x0000/0x0004 0x0020000
1ca0.c40:   00007df45f81d000-00007df45f81dfff 0x0004/0x0004 0x0020000
1ca0.c40:   00007df45f81e000-00007df55a71ffff 0x0000/0x0004 0x0020000
1ca0.c40:   00007df55a720000-00007df55a720fff 0x0004/0x0004 0x0020000
1ca0.c40:   00007df55a721000-00007df55a73ffff 0x0000/0x0004 0x0020000
1ca0.c40:  *00007df55a740000-00007df55a7e0fff 0x0000/0x0004 0x0020000
1ca0.c40:   00007df55a7e1000-00007df55a7e1fff 0x0004/0x0004 0x0020000
1ca0.c40:   00007df55a7e2000-00007df55c73ffff 0x0000/0x0004 0x0020000
1ca0.c40:   00007df55c740000-00007df55c740fff 0x0004/0x0004 0x0020000
1ca0.c40:   00007df55c741000-00007df55c74ffff 0x0001/0x0000 0x0000000
1ca0.c40:  *00007df55c750000-00007df55c750fff 0x0002/0x0002 0x0040000
1ca0.c40:   00007df55c751000-00007df55c75ffff 0x0001/0x0000 0x0000000
1ca0.c40:  *00007df55c760000-00007df55c782fff 0x0002/0x0002 0x0040000
1ca0.c40:   00007df55c783000-00007df55c78ffff 0x0001/0x0000 0x0000000
1ca0.c40:  *00007df55c790000-00007df55dddcfff 0x0000/0x0001 0x0040000
1ca0.c40:   00007df55dddd000-00007df55de1dfff 0x0001/0x0001 0x0040000
1ca0.c40:   00007df55de1e000-00007df55e54efff 0x0000/0x0001 0x0040000
1ca0.c40:   00007df55e54f000-00007df55e54ffff 0x0001/0x0001 0x0040000
1ca0.c40:   00007df55e550000-00007ff534c78fff 0x0000/0x0001 0x0040000
1ca0.c40:   00007ff534c79000-00007ff534c7dfff 0x0002/0x0001 0x0040000
1ca0.c40:   00007ff534c7e000-00007ff54fab1fff 0x0000/0x0001 0x0040000
1ca0.c40:   00007ff54fab2000-00007ff551f15fff 0x0001/0x0001 0x0040000
1ca0.c40:   00007ff551f16000-00007ff551f18fff 0x0002/0x0001 0x0040000
1ca0.c40:   00007ff551f19000-00007ff551fdcfff 0x0001/0x0001 0x0040000
1ca0.c40:   00007ff551fdd000-00007ff551fe9fff 0x0002/0x0001 0x0040000
1ca0.c40:   00007ff551fea000-00007ff551ff8fff 0x0001/0x0001 0x0040000
1ca0.c40:   00007ff551ff9000-00007ff551ffcfff 0x0002/0x0001 0x0040000
1ca0.c40:   00007ff551ffd000-00007ff552069fff 0x0001/0x0001 0x0040000
1ca0.c40:   00007ff55206a000-00007ff552072fff 0x0002/0x0001 0x0040000
1ca0.c40:   00007ff552073000-00007ff55c78ffff 0x0000/0x0001 0x0040000
1ca0.c40:   00007ff55c790000-00007ff613a5ffff 0x0001/0x0000 0x0000000
1ca0.c40:  *00007ff613a60000-00007ff613a60fff 0x0002/0x0080 0x1000000  \Device\HarddiskVolume2\Program Files\Oracle\VirtualBox\VirtualBoxVM.exe
1ca0.c40:   00007ff613a61000-00007ff613accfff 0x0020/0x0080 0x1000000  \Device\HarddiskVolume2\Program Files\Oracle\VirtualBox\VirtualBoxVM.exe
1ca0.c40:   00007ff613acd000-00007ff613acdfff 0x0080/0x0080 0x1000000  \Device\HarddiskVolume2\Program Files\Oracle\VirtualBox\VirtualBoxVM.exe
1ca0.c40:   00007ff613ace000-00007ff613b22fff 0x0002/0x0080 0x1000000  \Device\HarddiskVolume2\Program Files\Oracle\VirtualBox\VirtualBoxVM.exe
1ca0.c40:   00007ff613b23000-00007ff613b25fff 0x0004/0x0080 0x1000000  \Device\HarddiskVolume2\Program Files\Oracle\VirtualBox\VirtualBoxVM.exe
1ca0.c40:   00007ff613b26000-00007ff613b28fff 0x0008/0x0080 0x1000000  \Device\HarddiskVolume2\Program Files\Oracle\VirtualBox\VirtualBoxVM.exe
1ca0.c40:   00007ff613b29000-00007ff613b2efff 0x0004/0x0080 0x1000000  \Device\HarddiskVolume2\Program Files\Oracle\VirtualBox\VirtualBoxVM.exe
1ca0.c40:   00007ff613b2f000-00007ff613b2ffff 0x0008/0x0080 0x1000000  \Device\HarddiskVolume2\Program Files\Oracle\VirtualBox\VirtualBoxVM.exe
1ca0.c40:   00007ff613b30000-00007ff613b6afff 0x0002/0x0080 0x1000000  \Device\HarddiskVolume2\Program Files\Oracle\VirtualBox\VirtualBoxVM.exe
1ca0.c40:   00007ff613b6b000-00007ffd5e19ffff 0x0001/0x0000 0x0000000
1ca0.c40:  *00007ffd5e1a0000-00007ffd5e1a0fff 0x0002/0x0080 0x1000000  \Device\HarddiskVolume2\Windows\System32\apphelp.dll
1ca0.c40:   00007ffd5e1a1000-00007ffd5e1f1fff 0x0020/0x0080 0x1000000  \Device\HarddiskVolume2\Windows\System32\apphelp.dll
1ca0.c40:   00007ffd5e1f2000-00007ffd5e214fff 0x0002/0x0080 0x1000000  \Device\HarddiskVolume2\Windows\System32\apphelp.dll
1ca0.c40:   00007ffd5e215000-00007ffd5e217fff 0x0004/0x0080 0x1000000  \Device\HarddiskVolume2\Windows\System32\apphelp.dll
1ca0.c40:   00007ffd5e218000-00007ffd5e233fff 0x0002/0x0080 0x1000000  \Device\HarddiskVolume2\Windows\System32\apphelp.dll
1ca0.c40:   00007ffd5e234000-00007ffd6134ffff 0x0001/0x0000 0x0000000
1ca0.c40:  *00007ffd61350000-00007ffd61350fff 0x0002/0x0080 0x1000000  \Device\HarddiskVolume2\Windows\System32\KernelBase.dll
1ca0.c40:   00007ffd61351000-00007ffd61481fff 0x0020/0x0080 0x1000000  \Device\HarddiskVolume2\Windows\System32\KernelBase.dll
1ca0.c40:   00007ffd61482000-00007ffd61604fff 0x0002/0x0080 0x1000000  \Device\HarddiskVolume2\Windows\System32\KernelBase.dll
1ca0.c40:   00007ffd61605000-00007ffd61609fff 0x0004/0x0080 0x1000000  \Device\HarddiskVolume2\Windows\System32\KernelBase.dll
1ca0.c40:   00007ffd6160a000-00007ffd61645fff 0x0002/0x0080 0x1000000  \Device\HarddiskVolume2\Windows\System32\KernelBase.dll
1ca0.c40:   00007ffd61646000-00007ffd61a5ffff 0x0001/0x0000 0x0000000
1ca0.c40:  *00007ffd61a60000-00007ffd61a60fff 0x0002/0x0080 0x1000000  \Device\HarddiskVolume2\Windows\System32\kernel32.dll
1ca0.c40:   00007ffd61a61000-00007ffd61ae1fff 0x0020/0x0080 0x1000000  \Device\HarddiskVolume2\Windows\System32\kernel32.dll
1ca0.c40:   00007ffd61ae2000-00007ffd61b16fff 0x0002/0x0080 0x1000000  \Device\HarddiskVolume2\Windows\System32\kernel32.dll
1ca0.c40:   00007ffd61b17000-00007ffd61b18fff 0x0004/0x0080 0x1000000  \Device\HarddiskVolume2\Windows\System32\kernel32.dll
1ca0.c40:   00007ffd61b19000-00007ffd61b21fff 0x0002/0x0080 0x1000000  \Device\HarddiskVolume2\Windows\System32\kernel32.dll
1ca0.c40:   00007ffd61b22000-00007ffd636affff 0x0001/0x0000 0x0000000
1ca0.c40:  *00007ffd636b0000-00007ffd636b0fff 0x0002/0x0080 0x1000000  \Device\HarddiskVolume2\Windows\System32\ntdll.dll
1ca0.c40:   00007ffd636b1000-00007ffd637ccfff 0x0020/0x0080 0x1000000  \Device\HarddiskVolume2\Windows\System32\ntdll.dll
1ca0.c40:   00007ffd637cd000-00007ffd63815fff 0x0002/0x0080 0x1000000  \Device\HarddiskVolume2\Windows\System32\ntdll.dll
1ca0.c40:   00007ffd63816000-00007ffd63816fff 0x0004/0x0080 0x1000000  \Device\HarddiskVolume2\Windows\System32\ntdll.dll
1ca0.c40:   00007ffd63817000-00007ffd63818fff 0x0008/0x0080 0x1000000  \Device\HarddiskVolume2\Windows\System32\ntdll.dll
1ca0.c40:   00007ffd63819000-00007ffd63821fff 0x0004/0x0080 0x1000000  \Device\HarddiskVolume2\Windows\System32\ntdll.dll
1ca0.c40:   00007ffd63822000-00007ffd638a7fff 0x0002/0x0080 0x1000000  \Device\HarddiskVolume2\Windows\System32\ntdll.dll
1ca0.c40:   00007ffd638a8000-00007ffffffeffff 0x0001/0x0000 0x0000000
1ca0.c40: kernel32.dll: timestamp 0xeee0fc1a (rc=VINF_SUCCESS)
1ca0.c40: kernelbase.dll: timestamp 0x56511854 (rc=VINF_SUCCESS)
1ca0.c40: apphelp.dll: timestamp 0xcda06055 (rc=VINF_SUCCESS)
1ca0.c40: VirtualBoxVM.exe: timestamp 0x6a5a50e7 (rc=VINF_SUCCESS)
1ca0.c40: '\Device\HarddiskVolume2\Program Files\Oracle\VirtualBox\VirtualBoxVM.exe' has no imports
1ca0.c40: VirtualBoxVM.exe: Differences in section #7 (.0000cfg() between file and memory:
1ca0.c40:   00007ff613b37000 / 0x00d7000: 30 != 60
1ca0.c40:   00007ff613b37001 / 0x00d7001: 24 != cc
1ca0.c40:   00007ff613b37002 / 0x00d7002: a6 != 73
1ca0.c40:   00007ff613b37003 / 0x00d7003: 13 != 63
1ca0.c40:   00007ff613b37004 / 0x00d7004: f6 != fd
1ca0.c40:   00007ff613b37008 / 0x00d7008: 35 != 00
1ca0.c40:   00007ff613b37009 / 0x00d7009: 24 != cd
1ca0.c40:   00007ff613b3700a / 0x00d700a: a6 != 73
1ca0.c40:   00007ff613b3700b / 0x00d700b: 13 != 63
1ca0.c40:   00007ff613b3700c / 0x00d700c: f6 != fd
1ca0.c40:   Restored 0x28 bytes of original file content at 00007ff613b37000
1ca0.c40: VirtualBoxVM.exe: Differences in section #8 (.rsrc) between file and memory:
1ca0.c40:   00007ff613b68b70 / 0x0108b70: 00 != 50
1ca0.c40:   00007ff613b68b71 / 0x0108b71: 00 != 41
1ca0.c40:   00007ff613b68b72 / 0x0108b72: 00 != 44
1ca0.c40:   00007ff613b68b73 / 0x0108b73: 00 != 44
1ca0.c40:   00007ff613b68b74 / 0x0108b74: 00 != 49
1ca0.c40:   00007ff613b68b75 / 0x0108b75: 00 != 4e
1ca0.c40:   00007ff613b68b76 / 0x0108b76: 00 != 47
1ca0.c40:   00007ff613b68b77 / 0x0108b77: 00 != 58
1ca0.c40:   00007ff613b68b78 / 0x0108b78: 00 != 58
1ca0.c40:   00007ff613b68b79 / 0x0108b79: 00 != 50
1ca0.c40:   00007ff613b68b7a / 0x0108b7a: 00 != 41
1ca0.c40:   00007ff613b68b7b / 0x0108b7b: 00 != 44
1ca0.c40:   00007ff613b68b7c / 0x0108b7c: 00 != 44
1ca0.c40:   00007ff613b68b7d / 0x0108b7d: 00 != 49
1ca0.c40:   00007ff613b68b7e / 0x0108b7e: 00 != 4e
1ca0.c40:   00007ff613b68b7f / 0x0108b7f: 00 != 47
1ca0.c40:   00007ff613b68b80 / 0x0108b80: 00 != 50
1ca0.c40:   00007ff613b68b81 / 0x0108b81: 00 != 41
1ca0.c40:   00007ff613b68b82 / 0x0108b82: 00 != 44
1ca0.c40:   00007ff613b68b83 / 0x0108b83: 00 != 44
1ca0.c40:   00007ff613b68b84 / 0x0108b84: 00 != 49
1ca0.c40:   00007ff613b68b85 / 0x0108b85: 00 != 4e
1ca0.c40:   00007ff613b68b86 / 0x0108b86: 00 != 47
1ca0.c40:   00007ff613b68b87 / 0x0108b87: 00 != 58
1ca0.c40:   00007ff613b68b88 / 0x0108b88: 00 != 58
1ca0.c40:   00007ff613b68b89 / 0x0108b89: 00 != 50
1ca0.c40:   00007ff613b68b8a / 0x0108b8a: 00 != 41
1ca0.c40:   00007ff613b68b8b / 0x0108b8b: 00 != 44
1ca0.c40:   00007ff613b68b8c / 0x0108b8c: 00 != 44
1ca0.c40:   00007ff613b68b8d / 0x0108b8d: 00 != 49
1ca0.c40:   00007ff613b68b8e / 0x0108b8e: 00 != 4e
1ca0.c40:   00007ff613b68b8f / 0x0108b8f: 00 != 47
1ca0.c40:   00007ff613b68b90 / 0x0108b90: 00 != 50
1ca0.c40:   00007ff613b68b91 / 0x0108b91: 00 != 41
1ca0.c40:   00007ff613b68b92 / 0x0108b92: 00 != 44
1ca0.c40:   00007ff613b68b93 / 0x0108b93: 00 != 44
1ca0.c40:   00007ff613b68b94 / 0x0108b94: 00 != 49
1ca0.c40:   00007ff613b68b95 / 0x0108b95: 00 != 4e
1ca0.c40:   00007ff613b68b96 / 0x0108b96: 00 != 47
1ca0.c40:   00007ff613b68b97 / 0x0108b97: 00 != 58
1ca0.c40:   00007ff613b68b98 / 0x0108b98: 00 != 58
1ca0.c40:   00007ff613b68b99 / 0x0108b99: 00 != 50
1ca0.c40:   00007ff613b68b9a / 0x0108b9a: 00 != 41
1ca0.c40:   00007ff613b68b9b / 0x0108b9b: 00 != 44
1ca0.c40:   00007ff613b68b9c / 0x0108b9c: 00 != 44
1ca0.c40:   00007ff613b68b9d / 0x0108b9d: 00 != 49
1ca0.c40:   00007ff613b68b9e / 0x0108b9e: 00 != 4e
1ca0.c40:   00007ff613b68b9f / 0x0108b9f: 00 != 47
1ca0.c40:   00007ff613b68ba0 / 0x0108ba0: 00 != 50
1ca0.c40:   00007ff613b68ba1 / 0x0108ba1: 00 != 41
1ca0.c40:   00007ff613b68ba2 / 0x0108ba2: 00 != 44
1ca0.c40:   00007ff613b68ba3 / 0x0108ba3: 00 != 44
1ca0.c40:   00007ff613b68ba4 / 0x0108ba4: 00 != 49
1ca0.c40:   00007ff613b68ba5 / 0x0108ba5: 00 != 4e
1ca0.c40:   00007ff613b68ba6 / 0x0108ba6: 00 != 47
1ca0.c40:   00007ff613b68ba7 / 0x0108ba7: 00 != 58
1ca0.c40:   00007ff613b68ba8 / 0x0108ba8: 00 != 58
1ca0.c40:   00007ff613b68ba9 / 0x0108ba9: 00 != 50
1ca0.c40:   00007ff613b68baa / 0x0108baa: 00 != 41
1ca0.c40:   00007ff613b68bab / 0x0108bab: 00 != 44
1ca0.c40:   00007ff613b68bac / 0x0108bac: 00 != 44
1ca0.c40:   00007ff613b68bad / 0x0108bad: 00 != 49
1ca0.c40:   00007ff613b68bae / 0x0108bae: 00 != 4e
1ca0.c40:   00007ff613b68baf / 0x0108baf: 00 != 47
1ca0.c40:   00007ff613b68bb0 / 0x0108bb0: 00 != 50
1ca0.c40:   00007ff613b68bb1 / 0x0108bb1: 00 != 41
1ca0.c40:   00007ff613b68bb2 / 0x0108bb2: 00 != 44
1ca0.c40:   00007ff613b68bb3 / 0x0108bb3: 00 != 44
1ca0.c40:   00007ff613b68bb4 / 0x0108bb4: 00 != 49
1ca0.c40:   00007ff613b68bb5 / 0x0108bb5: 00 != 4e
1ca0.c40:   00007ff613b68bb6 / 0x0108bb6: 00 != 47
1ca0.c40:   00007ff613b68bb7 / 0x0108bb7: 00 != 58
1ca0.c40:   00007ff613b68bb8 / 0x0108bb8: 00 != 58
1ca0.c40:   00007ff613b68bb9 / 0x0108bb9: 00 != 50
1ca0.c40:   00007ff613b68bba / 0x0108bba: 00 != 41
1ca0.c40:   00007ff613b68bbb / 0x0108bbb: 00 != 44
1ca0.c40:   00007ff613b68bbc / 0x0108bbc: 00 != 44
1ca0.c40:   00007ff613b68bbd / 0x0108bbd: 00 != 49
1ca0.c40:   00007ff613b68bbe / 0x0108bbe: 00 != 4e
1ca0.c40:   00007ff613b68bbf / 0x0108bbf: 00 != 47
1ca0.c40:   00007ff613b68bc0 / 0x0108bc0: 00 != 50
1ca0.c40:   00007ff613b68bc1 / 0x0108bc1: 00 != 41
1ca0.c40:   00007ff613b68bc2 / 0x0108bc2: 00 != 44
1ca0.c40:   00007ff613b68bc3 / 0x0108bc3: 00 != 44
1ca0.c40:   00007ff613b68bc4 / 0x0108bc4: 00 != 49
1ca0.c40:   00007ff613b68bc5 / 0x0108bc5: 00 != 4e
1ca0.c40:   00007ff613b68bc6 / 0x0108bc6: 00 != 47
1ca0.c40:   00007ff613b68bc7 / 0x0108bc7: 00 != 58
1ca0.c40:   00007ff613b68bc8 / 0x0108bc8: 00 != 58
1ca0.c40:   00007ff613b68bc9 / 0x0108bc9: 00 != 50
1ca0.c40:   00007ff613b68bca / 0x0108bca: 00 != 41
1ca0.c40:   00007ff613b68bcb / 0x0108bcb: 00 != 44
1ca0.c40:   00007ff613b68bcc / 0x0108bcc: 00 != 44
1ca0.c40:   00007ff613b68bcd / 0x0108bcd: 00 != 49
1ca0.c40:   00007ff613b68bce / 0x0108bce: 00 != 4e
1ca0.c40:   00007ff613b68bcf / 0x0108bcf: 00 != 47
1ca0.c40:   00007ff613b68bd0 / 0x0108bd0: 00 != 50
1ca0.c40:   00007ff613b68bd1 / 0x0108bd1: 00 != 41
1ca0.c40:   00007ff613b68bd2 / 0x0108bd2: 00 != 44
1ca0.c40:   00007ff613b68bd3 / 0x0108bd3: 00 != 44
1ca0.c40:   00007ff613b68bd4 / 0x0108bd4: 00 != 49
1ca0.c40:   00007ff613b68bd5 / 0x0108bd5: 00 != 4e
1ca0.c40:   00007ff613b68bd6 / 0x0108bd6: 00 != 47
1ca0.c40:   00007ff613b68bd7 / 0x0108bd7: 00 != 58
1ca0.c40:   00007ff613b68bd8 / 0x0108bd8: 00 != 58
1ca0.c40:   00007ff613b68bd9 / 0x0108bd9: 00 != 50
1ca0.c40:   00007ff613b68bda / 0x0108bda: 00 != 41
1ca0.c40:   00007ff613b68bdb / 0x0108bdb: 00 != 44
1ca0.c40:   00007ff613b68bdc / 0x0108bdc: 00 != 44
1ca0.c40:   00007ff613b68bdd / 0x0108bdd: 00 != 49
1ca0.c40:   00007ff613b68bde / 0x0108bde: 00 != 4e
1ca0.c40:   00007ff613b68bdf / 0x0108bdf: 00 != 47
1ca0.c40:   00007ff613b68be0 / 0x0108be0: 00 != 50
1ca0.c40:   00007ff613b68be1 / 0x0108be1: 00 != 41
1ca0.c40:   00007ff613b68be2 / 0x0108be2: 00 != 44
1ca0.c40:   00007ff613b68be3 / 0x0108be3: 00 != 44
1ca0.c40:   00007ff613b68be4 / 0x0108be4: 00 != 49
1ca0.c40:   00007ff613b68be5 / 0x0108be5: 00 != 4e
1ca0.c40:   00007ff613b68be6 / 0x0108be6: 00 != 47
1ca0.c40:   00007ff613b68be7 / 0x0108be7: 00 != 58
1ca0.c40:   00007ff613b68be8 / 0x0108be8: 00 != 58
1ca0.c40:   00007ff613b68be9 / 0x0108be9: 00 != 50
1ca0.c40:   00007ff613b68bea / 0x0108bea: 00 != 41
1ca0.c40:   00007ff613b68beb / 0x0108beb: 00 != 44
1ca0.c40:   00007ff613b68bec / 0x0108bec: 00 != 44
1ca0.c40:   00007ff613b68bed / 0x0108bed: 00 != 49
1ca0.c40:   00007ff613b68bee / 0x0108bee: 00 != 4e
1ca0.c40:   00007ff613b68bef / 0x0108bef: 00 != 47
1ca0.c40:   00007ff613b68bf0 / 0x0108bf0: 00 != 50
1ca0.c40:   00007ff613b68bf1 / 0x0108bf1: 00 != 41
1ca0.c40:   00007ff613b68bf2 / 0x0108bf2: 00 != 44
1ca0.c40:   00007ff613b68bf3 / 0x0108bf3: 00 != 44
1ca0.c40:   00007ff613b68bf4 / 0x0108bf4: 00 != 49
1ca0.c40:   00007ff613b68bf5 / 0x0108bf5: 00 != 4e
1ca0.c40:   00007ff613b68bf6 / 0x0108bf6: 00 != 47
1ca0.c40:   00007ff613b68bf7 / 0x0108bf7: 00 != 58
1ca0.c40:   00007ff613b68bf8 / 0x0108bf8: 00 != 58
1ca0.c40:   00007ff613b68bf9 / 0x0108bf9: 00 != 50
1ca0.c40:   00007ff613b68bfa / 0x0108bfa: 00 != 41
1ca0.c40:   00007ff613b68bfb / 0x0108bfb: 00 != 44
1ca0.c40:   00007ff613b68bfc / 0x0108bfc: 00 != 44
1ca0.c40:   00007ff613b68bfd / 0x0108bfd: 00 != 49
1ca0.c40:   00007ff613b68bfe / 0x0108bfe: 00 != 4e
1ca0.c40:   00007ff613b68bff / 0x0108bff: 00 != 47
1ca0.c40:   Restored 0x490 bytes of original file content at 00007ff613b68b70
1ca0.c40: '\Device\HarddiskVolume2\Windows\System32\ntdll.dll' has no imports
1ca0.c40: ntdll.dll: Differences in section #8 (.00cfg) between file and memory:
1ca0.c40:   00007ffd63835000 / 0x0185000: b0 != 00
1ca0.c40:   00007ffd63835001 / 0x0185001: 10 != cd
1ca0.c40:   00007ffd63835002 / 0x0185002: 75 != 73
1ca0.c40:   Restored 0x8 bytes of original file content at 00007ffd63835000
1ca0.c40: kernel32.dll: Differences in section #2 (.rdata) between file and memory:
1ca0.c40:   00007ffd61ae6640 / 0x0086640: e0 != 60
1ca0.c40:   00007ffd61ae6641 / 0x0086641: 8e != cc
1ca0.c40:   00007ffd61ae6642 / 0x0086642: a8 != 73
1ca0.c40:   00007ffd61ae6643 / 0x0086643: 61 != 63
1ca0.c40:   00007ffd61ae6649 / 0x0086649: 91 != cd
1ca0.c40:   00007ffd61ae664a / 0x008664a: a8 != 73
1ca0.c40:   00007ffd61ae664b / 0x008664b: 61 != 63
1ca0.c40:   Restored 0x2000 bytes of original file content at 00007ffd61ae6000
1ca0.c40: kernelbase.dll: Differences in section #2 (.rdata) between file and memory:
1ca0.c40:   00007ffd61534100 / 0x01e4100: 50 != 60
1ca0.c40:   00007ffd61534101 / 0x01e4101: 6c != cc
1ca0.c40:   00007ffd61534102 / 0x01e4102: 40 != 73
1ca0.c40:   00007ffd61534103 / 0x01e4103: 61 != 63
1ca0.c40:   00007ffd61534109 / 0x01e4109: 70 != cd
1ca0.c40:   00007ffd6153410a / 0x01e410a: 40 != 73
1ca0.c40:   00007ffd6153410b / 0x01e410b: 61 != 63
1ca0.c40:   Restored 0x2000 bytes of original file content at 00007ffd61534000
1ca0.c40: apphelp.dll: Differences in section #2 (.rdata) between file and memory:
1ca0.c40:   00007ffd5e1f42d8 / 0x00542d8: 80 != 30
1ca0.c40:   00007ffd5e1f42d9 / 0x00542d9: b1 != cb
1ca0.c40:   00007ffd5e1f42da / 0x00542da: 3b != a7
1ca0.c40:   00007ffd5e1f42e0 / 0x00542e0: 70 != d0
1ca0.c40:   00007ffd5e1f42e1 / 0x00542e1: fb != 4b
1ca0.c40:   00007ffd5e1f42e2 / 0x00542e2: 3a != a8
1ca0.c40:   00007ffd5e1f42e8 / 0x00542e8: 00 != 10
1ca0.c40:   00007ffd5e1f42e9 / 0x00542e9: 86 != ae
1ca0.c40:   00007ffd5e1f42ea / 0x00542ea: 3b != a7
1ca0.c40:   00007ffd5e1f42f0 / 0x00542f0: 90 != c0
1ca0.c40:   00007ffd5e1f42f1 / 0x00542f1: 50 != 4b
1ca0.c40:   00007ffd5e1f42f2 / 0x00542f2: 38 != a8
1ca0.c40:   00007ffd5e1f42f8 / 0x00542f8: 90 != a0
1ca0.c40:   00007ffd5e1f42f9 / 0x00542f9: e2 != 0a
1ca0.c40:   00007ffd5e1f42fa / 0x00542fa: 3c != a8
1ca0.c40:   00007ffd5e1f4300 / 0x0054300: 50 != 90
1ca0.c40:   00007ffd5e1f4301 / 0x0054301: bc != 58
1ca0.c40:   00007ffd5e1f4302 / 0x0054302: 38 != a7
1ca0.c40:   00007ffd5e1f4308 / 0x0054308: 60 != a0
1ca0.c40:   00007ffd5e1f4309 / 0x0054309: 08 != ce
1ca0.c40:   00007ffd5e1f430a / 0x005430a: 39 != a7
1ca0.c40:   00007ffd5e1f4318 / 0x0054318: f0 != 20
1ca0.c40:   00007ffd5e1f4319 / 0x0054319: 8c != b1
1ca0.c40:   00007ffd5e1f431a / 0x005431a: 37 != a7
1ca0.c40:   00007ffd5e1f48b8 / 0x00548b8: a0 != 60
1ca0.c40:   00007ffd5e1f48b9 / 0x00548b9: 41 != cc
1ca0.c40:   00007ffd5e1f48ba / 0x00548ba: 1b != 73
1ca0.c40:   00007ffd5e1f48bb / 0x00548bb: 5e != 63
1ca0.c40:   00007ffd5e1f48c0 / 0x00548c0: 10 != 00
1ca0.c40:   00007ffd5e1f48c1 / 0x00548c1: 43 != cd
1ca0.c40:   00007ffd5e1f48c2 / 0x00548c2: 1b != 73
1ca0.c40:   00007ffd5e1f48c3 / 0x00548c3: 5e != 63
1ca0.c40:   Restored 0x2000 bytes of original file content at 00007ffd5e1f4000
1ca0.c40: supHardNtVpCheckHandles:
1ca0.c40: supR3HardenedWinInit: SUPHARDNTVPKIND_SELF_PURIFICATION_LIMITED -> VINF_SUCCESS, cFixes=6
1ca0.c40: '\Device\HarddiskVolume2\Program Files\Oracle\VirtualBox\VirtualBoxVM.exe' has no imports
1ca0.c40: supHardenedWinVerifyImageByHandle: -> 0 (\Device\HarddiskVolume2\Program Files\Oracle\VirtualBox\VirtualBoxVM.exe)
1ca0.c40: supR3HardNtEnableThreadCreationEx:
1ca0.c40: supR3HardNtDisableThreadCreation: pvLdrInitThunk=00007ffd63725c10 pvNtTerminateThread=00007ffd6374dff0 g_LdrInitThunkSelfBackup.cb=10
1ca0.c40: supR3HardenedWinDoReSpawn(1): New child 2f4.2134 [kernel32].
1ca0.c40: supR3HardNtChildGatherData: PebBaseAddress=0000002ea6d1b000 cbPeb=0x388
1ca0.c40: supR3HardNtPuChFindNtdll: uNtDllParentAddr=00007ffd636b0000 uNtDllChildAddr=00007ffd636b0000
1ca0.c40: supR3HardenedWinSetupChildInit: uLdrInitThunk=00007ffd63725c10
1ca0.c40: supR3HardenedWinSetupChildInit: Initial context:
  rax=0000000000000000 rbx=0000000000000000 rcx=00007ff613a6c2b0 rdx=0000002ea6d1b000
  rsi=0000000000000000 rdi=0000000000000000 r8 =0000000000000000 r9 =0000000000000000
  r10=0000000000000000 r11=0000000000000000 r12=0000000000000000 r13=0000000000000000
  r14=0000000000000000 r15=0000000000000000  P1=0000000000000000  P2=0000000000000000
  rip=00007ffd636fcc70 rsp=0000002ea6effb08 rbp=0000000000000000    ctxflags=0010001b
  cs=0033 ss=002b ds=0000 es=0000 fs=0000 gs=0000    eflags=00000200   mxcrx=00001f80
   P3=0000000000000000  P4=0000000000000000  P5=0000000000000000  P6=0000000000000000
  dr0=0000000000000000 dr1=0000000000000000 dr2=0000000000000000 dr3=0000000000000000
  dr6=0000000000000000 dr7=0000000000000000 vcr=0000000000000000 dcr=0000000000000000
  lbt=0000000000000000 lbf=0000000000000000 lxt=0000000000000000 lxf=0000000000000000
1ca0.c40: supR3HardenedWinSetupChildInit: Start child.
1ca0.c40: supR3HardNtChildWaitFor: Found expected request 0 (PurifyChildAndCloseHandles) after 0 ms.
1ca0.c40: supR3HardNtChildPurify: Startup delay kludge #1/0: 269 ms, 17 sleeps
1ca0.c40: supHardNtVpScanVirtualMemory: enmKind=CHILD_PURIFICATION
1ca0.c40:  *0000000000000000-000000007ffdffff 0x0001/0x0000 0x0000000
1ca0.c40:  *000000007ffe0000-000000007ffe0fff 0x0002/0x0002 0x0020000
1ca0.c40:   000000007ffe1000-000000007ffe6fff 0x0001/0x0000 0x0000000
1ca0.c40:  *000000007ffe7000-000000007ffe7fff 0x0002/0x0002 0x0020000
1ca0.c40:   000000007ffe8000-0000002ea6bfffff 0x0001/0x0000 0x0000000
1ca0.c40:  *0000002ea6c00000-0000002ea6d1afff 0x0000/0x0004 0x0020000
1ca0.c40:   0000002ea6d1b000-0000002ea6d1dfff 0x0004/0x0004 0x0020000
1ca0.c40:   0000002ea6d1e000-0000002ea6dfffff 0x0000/0x0004 0x0020000
1ca0.c40:  *0000002ea6e00000-0000002ea6efafff 0x0000/0x0004 0x0020000
1ca0.c40:   0000002ea6efb000-0000002ea6efdfff 0x0104/0x0004 0x0020000
1ca0.c40:   0000002ea6efe000-0000002ea6efffff 0x0004/0x0004 0x0020000
1ca0.c40:  *0000002ea6f00000-0000002ea6ffcfff 0x0000/0x0002 0x0020000
1ca0.c40:   0000002ea6ffd000-0000002ea6ffdfff 0x0102/0x0002 0x0020000
1ca0.c40:   0000002ea6ffe000-0000002ea6ffefff 0x0002/0x0002 0x0020000
1ca0.c40:   0000002ea6fff000-0000002ea6ffffff 0x0000/0x0002 0x0020000
1ca0.c40:   0000002ea7000000-000001a06261ffff 0x0001/0x0000 0x0000000
1ca0.c40:  *000001a062620000-000001a06263ffff 0x0004/0x0004 0x0020000
1ca0.c40:  *000001a062640000-000001a06265cfff 0x0002/0x0002 0x0040000
1ca0.c40:   000001a06265d000-000001a06265ffff 0x0001/0x0000 0x0000000
1ca0.c40:  *000001a062660000-000001a062663fff 0x0002/0x0002 0x0040000
1ca0.c40:   000001a062664000-000001a06266ffff 0x0001/0x0000 0x0000000
1ca0.c40:  *000001a062670000-000001a062670fff 0x0002/0x0002 0x0040000
1ca0.c40:   000001a062671000-000001a06267ffff 0x0001/0x0000 0x0000000
1ca0.c40:  *000001a062680000-000001a062681fff 0x0004/0x0004 0x0020000
1ca0.c40:   000001a062682000-00007df5a81fffff 0x0001/0x0000 0x0000000
1ca0.c40:  *00007df5a8200000-00007df5a8200fff 0x0002/0x0002 0x0040000
1ca0.c40:   00007df5a8201000-00007df5a820ffff 0x0001/0x0000 0x0000000
1ca0.c40:  *00007df5a8210000-00007df5a8232fff 0x0002/0x0002 0x0040000
1ca0.c40:   00007df5a8233000-00007df5a823ffff 0x0001/0x0000 0x0000000
1ca0.c40:  *00007df5a8240000-00007df5a988cfff 0x0000/0x0001 0x0040000
1ca0.c40:   00007df5a988d000-00007df5a98cdfff 0x0001/0x0001 0x0040000
1ca0.c40:   00007df5a98ce000-00007df5a9ffefff 0x0000/0x0001 0x0040000
1ca0.c40:   00007df5a9fff000-00007df5a9ffffff 0x0001/0x0001 0x0040000
1ca0.c40:   00007df5aa000000-00007ff580728fff 0x0000/0x0001 0x0040000
1ca0.c40:   00007ff580729000-00007ff58072dfff 0x0002/0x0001 0x0040000
1ca0.c40:   00007ff58072e000-00007ff59b561fff 0x0000/0x0001 0x0040000
1ca0.c40:   00007ff59b562000-00007ff59db19fff 0x0001/0x0001 0x0040000
1ca0.c40:   00007ff59db1a000-00007ff59db22fff 0x0002/0x0001 0x0040000
1ca0.c40:   00007ff59db23000-00007ff5a823ffff 0x0000/0x0001 0x0040000
1ca0.c40:   00007ff5a8240000-00007ff613a5ffff 0x0001/0x0000 0x0000000
1ca0.c40:  *00007ff613a60000-00007ff613a60fff 0x0002/0x0080 0x1000000  \Device\HarddiskVolume2\Program Files\Oracle\VirtualBox\VirtualBoxVM.exe
1ca0.c40:   00007ff613a61000-00007ff613accfff 0x0020/0x0080 0x1000000  \Device\HarddiskVolume2\Program Files\Oracle\VirtualBox\VirtualBoxVM.exe
1ca0.c40:   00007ff613acd000-00007ff613acdfff 0x0080/0x0080 0x1000000  \Device\HarddiskVolume2\Program Files\Oracle\VirtualBox\VirtualBoxVM.exe
1ca0.c40:   00007ff613ace000-00007ff613b22fff 0x0002/0x0080 0x1000000  \Device\HarddiskVolume2\Program Files\Oracle\VirtualBox\VirtualBoxVM.exe
1ca0.c40:   00007ff613b23000-00007ff613b23fff 0x0004/0x0080 0x1000000  \Device\HarddiskVolume2\Program Files\Oracle\VirtualBox\VirtualBoxVM.exe
1ca0.c40:   00007ff613b24000-00007ff613b24fff 0x0008/0x0080 0x1000000  \Device\HarddiskVolume2\Program Files\Oracle\VirtualBox\VirtualBoxVM.exe
1ca0.c40:   00007ff613b25000-00007ff613b29fff 0x0004/0x0080 0x1000000  \Device\HarddiskVolume2\Program Files\Oracle\VirtualBox\VirtualBoxVM.exe
1ca0.c40:   00007ff613b2a000-00007ff613b2ffff 0x0008/0x0080 0x1000000  \Device\HarddiskVolume2\Program Files\Oracle\VirtualBox\VirtualBoxVM.exe
1ca0.c40:   00007ff613b30000-00007ff613b6afff 0x0002/0x0080 0x1000000  \Device\HarddiskVolume2\Program Files\Oracle\VirtualBox\VirtualBoxVM.exe
1ca0.c40:   00007ff613b6b000-00007ffd636affff 0x0001/0x0000 0x0000000
1ca0.c40:  *00007ffd636b0000-00007ffd636b0fff 0x0002/0x0080 0x1000000  \Device\HarddiskVolume2\Windows\System32\ntdll.dll
1ca0.c40:   00007ffd636b1000-00007ffd637ccfff 0x0020/0x0080 0x1000000  \Device\HarddiskVolume2\Windows\System32\ntdll.dll
1ca0.c40:   00007ffd637cd000-00007ffd63815fff 0x0002/0x0080 0x1000000  \Device\HarddiskVolume2\Windows\System32\ntdll.dll
1ca0.c40:   00007ffd63816000-00007ffd63821fff 0x0008/0x0080 0x1000000  \Device\HarddiskVolume2\Windows\System32\ntdll.dll
1ca0.c40:   00007ffd63822000-00007ffd63830fff 0x0002/0x0080 0x1000000  \Device\HarddiskVolume2\Windows\System32\ntdll.dll
1ca0.c40:   00007ffd63831000-00007ffd63831fff 0x0004/0x0080 0x1000000  \Device\HarddiskVolume2\Windows\System32\ntdll.dll
1ca0.c40:   00007ffd63832000-00007ffd63834fff 0x0008/0x0080 0x1000000  \Device\HarddiskVolume2\Windows\System32\ntdll.dll
1ca0.c40:   00007ffd63835000-00007ffd638a7fff 0x0002/0x0080 0x1000000  \Device\HarddiskVolume2\Windows\System32\ntdll.dll
1ca0.c40:   00007ffd638a8000-00007ffffffeffff 0x0001/0x0000 0x0000000
1ca0.c40: VirtualBoxVM.exe: Differences in section #8 (.rsrc) between file and memory:
1ca0.c40:   00007ff613b68b70 / 0x0108b70: 00 != 50
1ca0.c40:   00007ff613b68b71 / 0x0108b71: 00 != 41
1ca0.c40:   00007ff613b68b72 / 0x0108b72: 00 != 44
1ca0.c40:   00007ff613b68b73 / 0x0108b73: 00 != 44
1ca0.c40:   00007ff613b68b74 / 0x0108b74: 00 != 49
1ca0.c40:   00007ff613b68b75 / 0x0108b75: 00 != 4e
1ca0.c40:   00007ff613b68b76 / 0x0108b76: 00 != 47
1ca0.c40:   00007ff613b68b77 / 0x0108b77: 00 != 58
1ca0.c40:   00007ff613b68b78 / 0x0108b78: 00 != 58
1ca0.c40:   00007ff613b68b79 / 0x0108b79: 00 != 50
1ca0.c40:   00007ff613b68b7a / 0x0108b7a: 00 != 41
1ca0.c40:   00007ff613b68b7b / 0x0108b7b: 00 != 44
1ca0.c40:   00007ff613b68b7c / 0x0108b7c: 00 != 44
1ca0.c40:   00007ff613b68b7d / 0x0108b7d: 00 != 49
1ca0.c40:   00007ff613b68b7e / 0x0108b7e: 00 != 4e
1ca0.c40:   00007ff613b68b7f / 0x0108b7f: 00 != 47
1ca0.c40:   00007ff613b68b80 / 0x0108b80: 00 != 50
1ca0.c40:   00007ff613b68b81 / 0x0108b81: 00 != 41
1ca0.c40:   00007ff613b68b82 / 0x0108b82: 00 != 44
1ca0.c40:   00007ff613b68b83 / 0x0108b83: 00 != 44
1ca0.c40:   00007ff613b68b84 / 0x0108b84: 00 != 49
1ca0.c40:   00007ff613b68b85 / 0x0108b85: 00 != 4e
1ca0.c40:   00007ff613b68b86 / 0x0108b86: 00 != 47
1ca0.c40:   00007ff613b68b87 / 0x0108b87: 00 != 58
1ca0.c40:   00007ff613b68b88 / 0x0108b88: 00 != 58
1ca0.c40:   00007ff613b68b89 / 0x0108b89: 00 != 50
1ca0.c40:   00007ff613b68b8a / 0x0108b8a: 00 != 41
1ca0.c40:   00007ff613b68b8b / 0x0108b8b: 00 != 44
1ca0.c40:   00007ff613b68b8c / 0x0108b8c: 00 != 44
1ca0.c40:   00007ff613b68b8d / 0x0108b8d: 00 != 49
1ca0.c40:   00007ff613b68b8e / 0x0108b8e: 00 != 4e
1ca0.c40:   00007ff613b68b8f / 0x0108b8f: 00 != 47
1ca0.c40:   00007ff613b68b90 / 0x0108b90: 00 != 50
1ca0.c40:   00007ff613b68b91 / 0x0108b91: 00 != 41
1ca0.c40:   00007ff613b68b92 / 0x0108b92: 00 != 44
1ca0.c40:   00007ff613b68b93 / 0x0108b93: 00 != 44
1ca0.c40:   00007ff613b68b94 / 0x0108b94: 00 != 49
1ca0.c40:   00007ff613b68b95 / 0x0108b95: 00 != 4e
1ca0.c40:   00007ff613b68b96 / 0x0108b96: 00 != 47
1ca0.c40:   00007ff613b68b97 / 0x0108b97: 00 != 58
1ca0.c40:   00007ff613b68b98 / 0x0108b98: 00 != 58
1ca0.c40:   00007ff613b68b99 / 0x0108b99: 00 != 50
1ca0.c40:   00007ff613b68b9a / 0x0108b9a: 00 != 41
1ca0.c40:   00007ff613b68b9b / 0x0108b9b: 00 != 44
1ca0.c40:   00007ff613b68b9c / 0x0108b9c: 00 != 44
1ca0.c40:   00007ff613b68b9d / 0x0108b9d: 00 != 49
1ca0.c40:   00007ff613b68b9e / 0x0108b9e: 00 != 4e
1ca0.c40:   00007ff613b68b9f / 0x0108b9f: 00 != 47
1ca0.c40:   00007ff613b68ba0 / 0x0108ba0: 00 != 50
1ca0.c40:   00007ff613b68ba1 / 0x0108ba1: 00 != 41
1ca0.c40:   00007ff613b68ba2 / 0x0108ba2: 00 != 44
1ca0.c40:   00007ff613b68ba3 / 0x0108ba3: 00 != 44
1ca0.c40:   00007ff613b68ba4 / 0x0108ba4: 00 != 49
1ca0.c40:   00007ff613b68ba5 / 0x0108ba5: 00 != 4e
1ca0.c40:   00007ff613b68ba6 / 0x0108ba6: 00 != 47
1ca0.c40:   00007ff613b68ba7 / 0x0108ba7: 00 != 58
1ca0.c40:   00007ff613b68ba8 / 0x0108ba8: 00 != 58
1ca0.c40:   00007ff613b68ba9 / 0x0108ba9: 00 != 50
1ca0.c40:   00007ff613b68baa / 0x0108baa: 00 != 41
1ca0.c40:   00007ff613b68bab / 0x0108bab: 00 != 44
1ca0.c40:   00007ff613b68bac / 0x0108bac: 00 != 44
1ca0.c40:   00007ff613b68bad / 0x0108bad: 00 != 49
1ca0.c40:   00007ff613b68bae / 0x0108bae: 00 != 4e
1ca0.c40:   00007ff613b68baf / 0x0108baf: 00 != 47
1ca0.c40:   00007ff613b68bb0 / 0x0108bb0: 00 != 50
1ca0.c40:   00007ff613b68bb1 / 0x0108bb1: 00 != 41
1ca0.c40:   00007ff613b68bb2 / 0x0108bb2: 00 != 44
1ca0.c40:   00007ff613b68bb3 / 0x0108bb3: 00 != 44
1ca0.c40:   00007ff613b68bb4 / 0x0108bb4: 00 != 49
1ca0.c40:   00007ff613b68bb5 / 0x0108bb5: 00 != 4e
1ca0.c40:   00007ff613b68bb6 / 0x0108bb6: 00 != 47
1ca0.c40:   00007ff613b68bb7 / 0x0108bb7: 00 != 58
1ca0.c40:   00007ff613b68bb8 / 0x0108bb8: 00 != 58
1ca0.c40:   00007ff613b68bb9 / 0x0108bb9: 00 != 50
1ca0.c40:   00007ff613b68bba / 0x0108bba: 00 != 41
1ca0.c40:   00007ff613b68bbb / 0x0108bbb: 00 != 44
1ca0.c40:   00007ff613b68bbc / 0x0108bbc: 00 != 44
1ca0.c40:   00007ff613b68bbd / 0x0108bbd: 00 != 49
1ca0.c40:   00007ff613b68bbe / 0x0108bbe: 00 != 4e
1ca0.c40:   00007ff613b68bbf / 0x0108bbf: 00 != 47
1ca0.c40:   00007ff613b68bc0 / 0x0108bc0: 00 != 50
1ca0.c40:   00007ff613b68bc1 / 0x0108bc1: 00 != 41
1ca0.c40:   00007ff613b68bc2 / 0x0108bc2: 00 != 44
1ca0.c40:   00007ff613b68bc3 / 0x0108bc3: 00 != 44
1ca0.c40:   00007ff613b68bc4 / 0x0108bc4: 00 != 49
1ca0.c40:   00007ff613b68bc5 / 0x0108bc5: 00 != 4e
1ca0.c40:   00007ff613b68bc6 / 0x0108bc6: 00 != 47
1ca0.c40:   00007ff613b68bc7 / 0x0108bc7: 00 != 58
1ca0.c40:   00007ff613b68bc8 / 0x0108bc8: 00 != 58
1ca0.c40:   00007ff613b68bc9 / 0x0108bc9: 00 != 50
1ca0.c40:   00007ff613b68bca / 0x0108bca: 00 != 41
1ca0.c40:   00007ff613b68bcb / 0x0108bcb: 00 != 44
1ca0.c40:   00007ff613b68bcc / 0x0108bcc: 00 != 44
1ca0.c40:   00007ff613b68bcd / 0x0108bcd: 00 != 49
1ca0.c40:   00007ff613b68bce / 0x0108bce: 00 != 4e
1ca0.c40:   00007ff613b68bcf / 0x0108bcf: 00 != 47
1ca0.c40:   00007ff613b68bd0 / 0x0108bd0: 00 != 50
1ca0.c40:   00007ff613b68bd1 / 0x0108bd1: 00 != 41
1ca0.c40:   00007ff613b68bd2 / 0x0108bd2: 00 != 44
1ca0.c40:   00007ff613b68bd3 / 0x0108bd3: 00 != 44
1ca0.c40:   00007ff613b68bd4 / 0x0108bd4: 00 != 49
1ca0.c40:   00007ff613b68bd5 / 0x0108bd5: 00 != 4e
1ca0.c40:   00007ff613b68bd6 / 0x0108bd6: 00 != 47
1ca0.c40:   00007ff613b68bd7 / 0x0108bd7: 00 != 58
1ca0.c40:   00007ff613b68bd8 / 0x0108bd8: 00 != 58
1ca0.c40:   00007ff613b68bd9 / 0x0108bd9: 00 != 50
1ca0.c40:   00007ff613b68bda / 0x0108bda: 00 != 41
1ca0.c40:   00007ff613b68bdb / 0x0108bdb: 00 != 44
1ca0.c40:   00007ff613b68bdc / 0x0108bdc: 00 != 44
1ca0.c40:   00007ff613b68bdd / 0x0108bdd: 00 != 49
1ca0.c40:   00007ff613b68bde / 0x0108bde: 00 != 4e
1ca0.c40:   00007ff613b68bdf / 0x0108bdf: 00 != 47
1ca0.c40:   00007ff613b68be0 / 0x0108be0: 00 != 50
1ca0.c40:   00007ff613b68be1 / 0x0108be1: 00 != 41
1ca0.c40:   00007ff613b68be2 / 0x0108be2: 00 != 44
1ca0.c40:   00007ff613b68be3 / 0x0108be3: 00 != 44
1ca0.c40:   00007ff613b68be4 / 0x0108be4: 00 != 49
1ca0.c40:   00007ff613b68be5 / 0x0108be5: 00 != 4e
1ca0.c40:   00007ff613b68be6 / 0x0108be6: 00 != 47
1ca0.c40:   00007ff613b68be7 / 0x0108be7: 00 != 58
1ca0.c40:   00007ff613b68be8 / 0x0108be8: 00 != 58
1ca0.c40:   00007ff613b68be9 / 0x0108be9: 00 != 50
1ca0.c40:   00007ff613b68bea / 0x0108bea: 00 != 41
1ca0.c40:   00007ff613b68beb / 0x0108beb: 00 != 44
1ca0.c40:   00007ff613b68bec / 0x0108bec: 00 != 44
1ca0.c40:   00007ff613b68bed / 0x0108bed: 00 != 49
1ca0.c40:   00007ff613b68bee / 0x0108bee: 00 != 4e
1ca0.c40:   00007ff613b68bef / 0x0108bef: 00 != 47
1ca0.c40:   00007ff613b68bf0 / 0x0108bf0: 00 != 50
1ca0.c40:   00007ff613b68bf1 / 0x0108bf1: 00 != 41
1ca0.c40:   00007ff613b68bf2 / 0x0108bf2: 00 != 44
1ca0.c40:   00007ff613b68bf3 / 0x0108bf3: 00 != 44
1ca0.c40:   00007ff613b68bf4 / 0x0108bf4: 00 != 49
1ca0.c40:   00007ff613b68bf5 / 0x0108bf5: 00 != 4e
1ca0.c40:   00007ff613b68bf6 / 0x0108bf6: 00 != 47
1ca0.c40:   00007ff613b68bf7 / 0x0108bf7: 00 != 58
1ca0.c40:   00007ff613b68bf8 / 0x0108bf8: 00 != 58
1ca0.c40:   00007ff613b68bf9 / 0x0108bf9: 00 != 50
1ca0.c40:   00007ff613b68bfa / 0x0108bfa: 00 != 41
1ca0.c40:   00007ff613b68bfb / 0x0108bfb: 00 != 44
1ca0.c40:   00007ff613b68bfc / 0x0108bfc: 00 != 44
1ca0.c40:   00007ff613b68bfd / 0x0108bfd: 00 != 49
1ca0.c40:   00007ff613b68bfe / 0x0108bfe: 00 != 4e
1ca0.c40:   00007ff613b68bff / 0x0108bff: 00 != 47
1ca0.c40:   Restored 0x490 bytes of original file content at 00007ff613b68b70
1ca0.c40: supR3HardNtChildPurify: cFixes=1 g_fSupAdversaries=0x80000000
1ca0.c40: supR3HardNtChildPurify: Startup delay kludge #1/1: 524 ms, 34 sleeps
1ca0.c40: supHardNtVpScanVirtualMemory: enmKind=CHILD_PURIFICATION
1ca0.c40:  *0000000000000000-000000007ffdffff 0x0001/0x0000 0x0000000
1ca0.c40:  *000000007ffe0000-000000007ffe0fff 0x0002/0x0002 0x0020000
1ca0.c40:   000000007ffe1000-000000007ffe6fff 0x0001/0x0000 0x0000000
1ca0.c40:  *000000007ffe7000-000000007ffe7fff 0x0002/0x0002 0x0020000
1ca0.c40:   000000007ffe8000-0000002ea6bfffff 0x0001/0x0000 0x0000000
1ca0.c40:  *0000002ea6c00000-0000002ea6d1afff 0x0000/0x0004 0x0020000
1ca0.c40:   0000002ea6d1b000-0000002ea6d1dfff 0x0004/0x0004 0x0020000
1ca0.c40:   0000002ea6d1e000-0000002ea6dfffff 0x0000/0x0004 0x0020000
1ca0.c40:  *0000002ea6e00000-0000002ea6efafff 0x0000/0x0004 0x0020000
1ca0.c40:   0000002ea6efb000-0000002ea6efdfff 0x0104/0x0004 0x0020000
1ca0.c40:   0000002ea6efe000-0000002ea6efffff 0x0004/0x0004 0x0020000
1ca0.c40:  *0000002ea6f00000-0000002ea6ffcfff 0x0000/0x0002 0x0020000
1ca0.c40:   0000002ea6ffd000-0000002ea6ffdfff 0x0102/0x0002 0x0020000
1ca0.c40:   0000002ea6ffe000-0000002ea6ffefff 0x0002/0x0002 0x0020000
1ca0.c40:   0000002ea6fff000-0000002ea6ffffff 0x0000/0x0002 0x0020000
1ca0.c40:   0000002ea7000000-000001a06261ffff 0x0001/0x0000 0x0000000
1ca0.c40:  *000001a062620000-000001a06263ffff 0x0004/0x0004 0x0020000
1ca0.c40:  *000001a062640000-000001a06265cfff 0x0002/0x0002 0x0040000
1ca0.c40:   000001a06265d000-000001a06265ffff 0x0001/0x0000 0x0000000
1ca0.c40:  *000001a062660000-000001a062663fff 0x0002/0x0002 0x0040000
1ca0.c40:   000001a062664000-000001a06266ffff 0x0001/0x0000 0x0000000
1ca0.c40:  *000001a062670000-000001a062670fff 0x0002/0x0002 0x0040000
1ca0.c40:   000001a062671000-000001a06267ffff 0x0001/0x0000 0x0000000
1ca0.c40:  *000001a062680000-000001a062681fff 0x0004/0x0004 0x0020000
1ca0.c40:   000001a062682000-00007df5a81fffff 0x0001/0x0000 0x0000000
1ca0.c40:  *00007df5a8200000-00007df5a8200fff 0x0002/0x0002 0x0040000
1ca0.c40:   00007df5a8201000-00007df5a820ffff 0x0001/0x0000 0x0000000
1ca0.c40:  *00007df5a8210000-00007df5a8232fff 0x0002/0x0002 0x0040000
1ca0.c40:   00007df5a8233000-00007df5a823ffff 0x0001/0x0000 0x0000000
1ca0.c40:  *00007df5a8240000-00007df5a988cfff 0x0000/0x0001 0x0040000
1ca0.c40:   00007df5a988d000-00007df5a98cdfff 0x0001/0x0001 0x0040000
1ca0.c40:   00007df5a98ce000-00007df5a9ffefff 0x0000/0x0001 0x0040000
1ca0.c40:   00007df5a9fff000-00007df5a9ffffff 0x0001/0x0001 0x0040000
1ca0.c40:   00007df5aa000000-00007ff580728fff 0x0000/0x0001 0x0040000
1ca0.c40:   00007ff580729000-00007ff58072dfff 0x0002/0x0001 0x0040000
1ca0.c40:   00007ff58072e000-00007ff59b561fff 0x0000/0x0001 0x0040000
1ca0.c40:   00007ff59b562000-00007ff59db19fff 0x0001/0x0001 0x0040000
1ca0.c40:   00007ff59db1a000-00007ff59db22fff 0x0002/0x0001 0x0040000
1ca0.c40:   00007ff59db23000-00007ff5a823ffff 0x0000/0x0001 0x0040000
1ca0.c40:   00007ff5a8240000-00007ff613a5ffff 0x0001/0x0000 0x0000000
1ca0.c40:  *00007ff613a60000-00007ff613a60fff 0x0002/0x0080 0x1000000  \Device\HarddiskVolume2\Program Files\Oracle\VirtualBox\VirtualBoxVM.exe
1ca0.c40:   00007ff613a61000-00007ff613accfff 0x0020/0x0080 0x1000000  \Device\HarddiskVolume2\Program Files\Oracle\VirtualBox\VirtualBoxVM.exe
1ca0.c40:   00007ff613acd000-00007ff613acdfff 0x0040/0x0080 0x1000000  \Device\HarddiskVolume2\Program Files\Oracle\VirtualBox\VirtualBoxVM.exe
1ca0.c40:   00007ff613ace000-00007ff613b22fff 0x0002/0x0080 0x1000000  \Device\HarddiskVolume2\Program Files\Oracle\VirtualBox\VirtualBoxVM.exe
1ca0.c40:   00007ff613b23000-00007ff613b2ffff 0x0004/0x0080 0x1000000  \Device\HarddiskVolume2\Program Files\Oracle\VirtualBox\VirtualBoxVM.exe
1ca0.c40:   00007ff613b30000-00007ff613b6afff 0x0002/0x0080 0x1000000  \Device\HarddiskVolume2\Program Files\Oracle\VirtualBox\VirtualBoxVM.exe
1ca0.c40:   00007ff613b6b000-00007ffd636affff 0x0001/0x0000 0x0000000
1ca0.c40:  *00007ffd636b0000-00007ffd636b0fff 0x0002/0x0080 0x1000000  \Device\HarddiskVolume2\Windows\System32\ntdll.dll
1ca0.c40:   00007ffd636b1000-00007ffd637ccfff 0x0020/0x0080 0x1000000  \Device\HarddiskVolume2\Windows\System32\ntdll.dll
1ca0.c40:   00007ffd637cd000-00007ffd63815fff 0x0002/0x0080 0x1000000  \Device\HarddiskVolume2\Windows\System32\ntdll.dll
1ca0.c40:   00007ffd63816000-00007ffd63819fff 0x0008/0x0080 0x1000000  \Device\HarddiskVolume2\Windows\System32\ntdll.dll
1ca0.c40:   00007ffd6381a000-00007ffd63821fff 0x0004/0x0080 0x1000000  \Device\HarddiskVolume2\Windows\System32\ntdll.dll
1ca0.c40:   00007ffd63822000-00007ffd63830fff 0x0002/0x0080 0x1000000  \Device\HarddiskVolume2\Windows\System32\ntdll.dll
1ca0.c40:   00007ffd63831000-00007ffd63831fff 0x0004/0x0080 0x1000000  \Device\HarddiskVolume2\Windows\System32\ntdll.dll
1ca0.c40:   00007ffd63832000-00007ffd63834fff 0x0008/0x0080 0x1000000  \Device\HarddiskVolume2\Windows\System32\ntdll.dll
1ca0.c40:   00007ffd63835000-00007ffd638a7fff 0x0002/0x0080 0x1000000  \Device\HarddiskVolume2\Windows\System32\ntdll.dll
1ca0.c40:   00007ffd638a8000-00007ffffffeffff 0x0001/0x0000 0x0000000
1ca0.c40: supR3HardNtChildPurify: Done after 797 ms and 1 fixes (loop #1).
2f4.2134: Log file opened: 7.2.14r174565 g_hStartupLog=0000000000000004 g_uNtVerCombined=0xa04a6500
2f4.2134: supR3HardenedVmProcessInit: uNtDllAddr=00007ffd636b0000 g_uNtVerCombined=0xa04a6500 (stack ~0000002ea6efe730)
2f4.2134: ntdll.dll: timestamp 0x7ec9c15d (rc=VINF_SUCCESS)
2f4.2134: New simple heap: #1 000001a062790000 LB 0x400000 (for 2064384 allocation)
1ca0.c40: supR3HardNtEnableThreadCreationEx:
2f4.2134: supR3HardenedWinInitAppBin(0x0): '\Device\HarddiskVolume2\Program Files\Oracle\VirtualBox'
2f4.2134: System32:  \Device\HarddiskVolume2\Windows\System32
2f4.2134: WinSxS:    \Device\HarddiskVolume2\Windows\WinSxS
2f4.2134: KnownDllPath: C:\Windows\System32
2f4.2134: supR3HardenedVmProcessInit: Opening vboxsup stub...
2f4.2134: supR3HardenedVmProcessInit: Restoring LdrInitializeThunk...
2f4.2134: supR3HardenedVmProcessInit: Returning to LdrInitializeThunk...
2f4.2134: Registered Dll notification callback with NTDLL.
2f4.2134: supHardenedWinVerifyImageByHandle: -> 0 (\Device\HarddiskVolume2\Windows\System32\kernel32.dll)
2f4.2134: supR3HardenedWinVerifyCacheInsert: \Device\HarddiskVolume2\Windows\System32\kernel32.dll
2f4.2134: supR3HardenedMonitor_LdrLoadDll: pName=C:\Windows\System32\KERNEL32.DLL (Input=KERNEL32.DLL, rcNtResolve=0xc0150008) *pfFlags=0xffffffff pwszSearchPath=0000000000004001:<flags> [calling]
2f4.2134: supR3HardenedDllNotificationCallback: load   00007ffd61350000 LB 0x002f6000 C:\Windows\System32\KERNELBASE.dll [fFlags=0x0]
2f4.2134: supHardenedWinVerifyImageByHandle: -> 0 (\Device\HarddiskVolume2\Windows\System32\KernelBase.dll)
2f4.2134: supR3HardenedWinVerifyCacheInsert: \Device\HarddiskVolume2\Windows\System32\KernelBase.dll
2f4.2134: supR3HardenedDllNotificationCallback: load   00007ffd61a60000 LB 0x000c2000 C:\Windows\System32\KERNEL32.DLL [fFlags=0x0]
2f4.2134: supR3HardenedScreenImage/LdrLoadDll: cache hit (VINF_SUCCESS) on \Device\HarddiskVolume2\Windows\System32\kernel32.dll [lacks WinVerifyTrust]
2f4.2134: supR3HardenedMonitor_LdrLoadDll: returns rcNt=0x0 hMod=00007ffd61a60000 'C:\Windows\System32\KERNEL32.DLL'
2f4.2134: supR3HardenedDllNotificationCallback: load   00007ff613a60000 LB 0x0010b000 C:\Program Files\Oracle\VirtualBox\VirtualBoxVM.exe [fFlags=0x0]
2f4.2134: '\Device\HarddiskVolume2\Program Files\Oracle\VirtualBox\VirtualBoxVM.exe' has no imports
2f4.2134: supHardenedWinVerifyImageByHandle: -> 0 (\Device\HarddiskVolume2\Program Files\Oracle\VirtualBox\VirtualBoxVM.exe)
2f4.2134: supR3HardenedWinVerifyCacheInsert: \Device\HarddiskVolume2\Program Files\Oracle\VirtualBox\VirtualBoxVM.exe
2f4.2134: supR3HardNtDisableThreadCreation: pvLdrInitThunk=00007ffd63725c10 pvNtTerminateThread=00007ffd6374dff0 g_LdrInitThunkSelfBackup.cb=0
2f4.2134: supR3HardNtDisableThreadCreationEx: Backup=40 53 48 83 ec 20 48 8b d9 e8 1a 00 00 00 b2 01
2f4.2134: \SystemRoot\System32\ntdll.dll:
1ca0.c40: supR3HardNtChildWaitFor: Found expected request 1 (CloseEvents) after 55 ms.
2f4.2134:     CreationTime:    2025-10-21T17:45:59.984182800Z
2f4.2134:     LastWriteTime:   2025-10-21T17:46:00.026382600Z
2f4.2134:     ChangeTime:      2025-11-12T15:14:25.916192900Z
2f4.2134:     FileAttributes:  0x20
2f4.2134:     Size:            0x1ef7b8
2f4.2134:     NT Headers:      0xe8
2f4.2134:     Timestamp:       0x7ec9c15d
2f4.2134:     Machine:         0x8664 - amd64
2f4.2134:     Timestamp:       0x7ec9c15d
2f4.2134:     Image Version:   10.0
2f4.2134:     SizeOfImage:     0x1f8000 (2064384)
2f4.2134:     Resource Dir:    0x186000 LB 0x70508
2f4.2134:     [Version info resource found at 0xd8! (ID/Name: 0x1; SubID/SubName: 0x409)]
2f4.2134:     [Raw version resource data: 0x1860f0 LB 0x380, codepage 0x0 (reserved 0x0)]
2f4.2134:     ProductName:     Microsoft® Windows® Operating System
2f4.2134:     ProductVersion:  10.0.19041.6456
2f4.2134:     FileVersion:     10.0.19041.6456 (WinBuild.160101.0800)
2f4.2134:     FileDescription: NT Layer DLL
2f4.2134: \SystemRoot\System32\kernel32.dll:
2f4.2134:     CreationTime:    2025-06-20T12:36:39.666423800Z
2f4.2134:     LastWriteTime:   2025-06-20T12:36:39.682041400Z
2f4.2134:     ChangeTime:      2025-11-12T15:14:25.947200000Z
2f4.2134:     FileAttributes:  0x20
2f4.2134:     Size:            0xbf568
2f4.2134:     NT Headers:      0xf8
2f4.2134:     Timestamp:       0xeee0fc1a
2f4.2134:     Machine:         0x8664 - amd64
2f4.2134:     Timestamp:       0xeee0fc1a
2f4.2134:     Image Version:   10.0
2f4.2134:     SizeOfImage:     0xc2000 (794624)
2f4.2134:     Resource Dir:    0xc0000 LB 0x520
2f4.2134:     [Version info resource found at 0x90! (ID/Name: 0x1; SubID/SubName: 0x409)]
2f4.2134:     [Raw version resource data: 0xc00b0 LB 0x3a4, codepage 0x0 (reserved 0x0)]
2f4.2134:     ProductName:     Microsoft® Windows® Operating System
2f4.2134:     ProductVersion:  10.0.19041.5915
2f4.2134:     FileVersion:     10.0.19041.5915 (WinBuild.160101.0800)
2f4.2134:     FileDescription: Windows NT BASE API Client DLL
2f4.2134: \SystemRoot\System32\KernelBase.dll:
2f4.2134:     CreationTime:    2025-09-23T02:51:12.277213600Z
2f4.2134:     LastWriteTime:   2025-09-23T02:51:12.369484300Z
2f4.2134:     ChangeTime:      2025-11-12T15:14:25.916192900Z
2f4.2134:     FileAttributes:  0x20
2f4.2134:     Size:            0x2f7a40
2f4.2134:     NT Headers:      0x100
2f4.2134:     Timestamp:       0x56511854
2f4.2134:     Machine:         0x8664 - amd64
2f4.2134:     Timestamp:       0x56511854
2f4.2134:     Image Version:   10.0
2f4.2134:     SizeOfImage:     0x2f6000 (3104768)
2f4.2134:     Resource Dir:    0x2cc000 LB 0x548
2f4.2134:     [Version info resource found at 0x90! (ID/Name: 0x1; SubID/SubName: 0x409)]
2f4.2134:     [Raw version resource data: 0x2cc0b0 LB 0x3bc, codepage 0x0 (reserved 0x0)]
2f4.2134:     ProductName:     Microsoft® Windows® Operating System
2f4.2134:     ProductVersion:  10.0.19041.6280
2f4.2134:     FileVersion:     10.0.19041.6280 (WinBuild.160101.0800)
2f4.2134:     FileDescription: Windows NT BASE API Client DLL
2f4.2134: \SystemRoot\System32\apisetschema.dll:
2f4.2134:     CreationTime:    2025-06-20T12:36:18.336864500Z
2f4.2134:     LastWriteTime:   2025-06-20T12:36:18.336864500Z
2f4.2134:     ChangeTime:      2025-11-12T15:14:25.887186400Z
2f4.2134:     FileAttributes:  0x20
2f4.2134:     Size:            0x1f9c8
2f4.2134:     NT Headers:      0xd0
2f4.2134:     Timestamp:       0x85f6b378
2f4.2134:     Machine:         0x8664 - amd64
2f4.2134:     Timestamp:       0x85f6b378
2f4.2134:     Image Version:   10.0
2f4.2134:     SizeOfImage:     0x20000 (131072)
2f4.2134:     Resource Dir:    0x1f000 LB 0x408
2f4.2134:     [Version info resource found at 0x48! (ID/Name: 0x1; SubID/SubName: 0x409)]
2f4.2134:     [Raw version resource data: 0x1f060 LB 0x3a8, codepage 0x0 (reserved 0x0)]
2f4.2134:     ProductName:     Microsoft® Windows® Operating System
2f4.2134:     ProductVersion:  10.0.19041.5915
2f4.2134:     FileVersion:     10.0.19041.5915 (WinBuild.160101.0800)
2f4.2134:     FileDescription: ApiSet Schema DLL
2f4.2134: root name: type=Mutant name=PendingRenameMutex
2f4.2134: root name: type=Directory name=ObjectTypes
2f4.2134: root name: type=FilterConnectionPort name=storqosfltport
2f4.2134: root name: type=FilterConnectionPort name=MicrosoftMalwareProtectionRemoteIoPortWD
2f4.2134: root name: type=FilterConnectionPort name=MicrosoftDataLossPreventionPort
2f4.2134: root name: type=Job name=Container_Microsoft.YourPhone_1.25072.79.0_x64__8wekyb3d8bbwe-S-1-5-21-2830716156-2187875704-3980055628-1001
2f4.2134: root name: type=SymbolicLink name=SystemRoot
2f4.2134: root name: type=Directory name=Sessions
2f4.2134: root name: type=FilterConnectionPort name=MicrosoftMalwareProtectionVeryLowIoPortWD
2f4.2134: root name: type=Directory name=ArcName
2f4.2134: root name: type=FilterConnectionPort name=WcifsPort
2f4.2134: root name: type=Directory name=NLS
2f4.2134: root name: type=Event name=LanmanServerAnnounceEvent
2f4.2134: root name: type=ALPC Port name=ThemeApiPort
2f4.2134: root name: type=Directory name=Windows
2f4.2134: root name: type=Directory name=GLOBAL??
2f4.2134: root name: type=Directory name=RPC Control
2f4.2134: root name: type=FilterConnectionPort name=MicrosoftDataLossPreventionControlPort
2f4.2134: root name: type=ALPC Port name=PdcPort
2f4.2134: root name: type=Event name=EFSInitEvent
2f4.2134: root name: type=SymbolicLink name=Dfs
2f4.2134: root name: type=Device name=clfs
2f4.2134: root name: type=FilterConnectionPort name=MicrosoftDataLossPreventionRemoteIoPort
2f4.2134: root name: type=Event name=CsrSbSyncEvent
2f4.2134: root name: type=ALPC Port name=SeRmCommandPort
2f4.2134: root name: type=SymbolicLink name=DosDevices
2f4.2134: root name: type=Directory name=KnownDlls32
2f4.2134: root name: type=Key name=REGISTRY
2f4.2134: root name: type=Directory name=BaseNamedObjects
2f4.2134: root name: type=Section name=Win32kCrossSessionGlobals
2f4.2134: root name: type=FilterConnectionPort name=MicrosoftDataLossPreventionVeryLowIoPort
2f4.2134: root name: type=ALPC Port name=PowerPort
2f4.2134: root name: type=ALPC Port name=SmSsWinStationApiPort
2f4.2134: root name: type=Event name=UniqueInteractiveSessionIdEvent
2f4.2134: root name: type=Directory name=UMDFCommunicationPorts
2f4.2134: root name: type=Directory name=KnownDlls
2f4.2134: root name: type=ALPC Port name=PowerMonitorPort
2f4.2134: root name: type=Device name=Ntfs
2f4.2134: root name: type=Directory name=FileSystem
2f4.2134: root name: type=Directory name=KernelObjects
2f4.2134: root name: type=Event name=DSYSDBG.Debug.Trace.Memory.2d8
2f4.2134: root name: type=FilterConnectionPort name=MicrosoftMalwareProtectionControlPortWD
2f4.2134: root name: type=ALPC Port name=SeLsaCommandPort
2f4.2134: root name: type=Directory name=Callback
2f4.2134: root name: type=FilterConnectionPort name=MicrosoftDataLossPreventionAsyncPort
2f4.2134: root name: type=FilterConnectionPort name=BindFltPort
2f4.2134: root name: type=Directory name=Security
2f4.2134: root name: type=FilterConnectionPort name=MicrosoftMalwareProtectionAsyncPortWD
2f4.2134: root name: type=Directory name=Device
2f4.2134: root name: type=SymbolicLink name=DriverData
2f4.2134: root name: type=Section name=LsaPerformance
2f4.2134: root name: type=ALPC Port name=SmApiPort
2f4.2134: root name: type=FilterConnectionPort name=CLDMSGPORT
2f4.2134: root name: type=FilterConnectionPort name=MicrosoftMalwareProtectionPortWD
2f4.2134: root name: type=SymbolicLink name=OSDataRoot
2f4.2134: root name: type=Event name=SAM_SERVICE_STARTED
2f4.2134: root name: type=Directory name=Driver
2f4.2134: root name: type=Directory name=DriverStores
2f4.2134: NtOpenDirectoryObject failed on '\Driver': 0xc0000022
2f4.2134: supR3HardenedWinFindAdversaries: 0x0
2f4.2134: supR3HardenedWinInitAppBin(0x0): '\Device\HarddiskVolume2\Program Files\Oracle\VirtualBox'
2f4.2134: Calling main()
2f4.2134: SUPR3HardenedMain: pszProgName=VirtualBoxVM fFlags=0x2
2f4.2134: supR3HardenedWinInitAppBin(0x2): '\Device\HarddiskVolume2\Program Files\Oracle\VirtualBox'
2f4.2134: '\Device\HarddiskVolume2\Program Files\Oracle\VirtualBox\VirtualBoxVM.exe' has no imports
2f4.2134: supHardenedWinVerifyImageByHandle: -> 0 (\Device\HarddiskVolume2\Program Files\Oracle\VirtualBox\VirtualBoxVM.exe)
2f4.2134: SUPR3HardenedMain: Respawn #2
2f4.2134: supR3HardNtEnableThreadCreationEx:
2f4.2134: supR3HardenedDllNotificationCallback: load   00007ffd62210000 LB 0x00120000 C:\Windows\System32\RPCRT4.dll [fFlags=0x0]
2f4.2134: supHardenedWinVerifyImageByHandle: -> 0 (\Device\HarddiskVolume2\Windows\System32\rpcrt4.dll)
2f4.2134: supR3HardenedWinVerifyCacheInsert: \Device\HarddiskVolume2\Windows\System32\rpcrt4.dll
2f4.2134: supR3HardenedDllNotificationCallback: load   00007ffd60d40000 LB 0x00027000 C:\Windows\System32\bcrypt.dll [fFlags=0x0]
2f4.2134: supHardenedWinVerifyImageByHandle: -> 0 (\Device\HarddiskVolume2\Windows\System32\bcrypt.dll)
2f4.2134: supR3HardenedWinVerifyCacheInsert: \Device\HarddiskVolume2\Windows\System32\bcrypt.dll
2f4.2134: supR3HardenedDllNotificationCallback: load   00007ffd61bd0000 LB 0x0009f000 C:\Windows\System32\sechost.dll [fFlags=0x0]
2f4.2134: supR3HardenedWinVerifyCacheScheduleImports: Import todo: #11 'rpcrt4.dll'.
2f4.2134: supR3HardenedWinVerifyCacheScheduleImports: Import todo: #24 'bcrypt.dll'.
2f4.2134: supHardenedWinVerifyImageByHandle: -> 0 (\Device\HarddiskVolume2\Windows\System32\sechost.dll)
2f4.2134: supR3HardenedWinVerifyCacheInsert: \Device\HarddiskVolume2\Windows\System32\sechost.dll
2f4.2134: '\Device\HarddiskVolume2\Windows\System32\ntdll.dll' has no imports
2f4.2134: supHardenedWinVerifyImageByHandle: -> 0 (\Device\HarddiskVolume2\Windows\System32\ntdll.dll)
2f4.2134: supR3HardenedWinVerifyCacheInsert: \Device\HarddiskVolume2\Windows\System32\ntdll.dll
2f4.2134: supR3HardenedWinVerifyCacheProcessImportTodos: Processing 'bcrypt.dll'...
2f4.2134: supR3HardenedWinVerifyCacheProcessImportTodos: 'bcrypt.dll' -> '\Device\HarddiskVolume2\Windows\System32\bcrypt.dll' [rcNtRedir=0xc0150008]
2f4.2134: supR3HardenedScreenImage/Imports: cache hit (VINF_SUCCESS) on \Device\HarddiskVolume2\Windows\System32\bcrypt.dll [lacks WinVerifyTrust]
2f4.2134: supR3HardenedWinVerifyCacheProcessImportTodos: Processing 'rpcrt4.dll'...
2f4.2134: supR3HardenedWinVerifyCacheProcessImportTodos: 'rpcrt4.dll' -> '\Device\HarddiskVolume2\Windows\System32\rpcrt4.dll' [rcNtRedir=0xc0150008]
2f4.2134: supR3HardenedScreenImage/Imports: cache hit (VINF_SUCCESS) on \Device\HarddiskVolume2\Windows\System32\rpcrt4.dll [lacks WinVerifyTrust]
2f4.2134: supR3HardenedMonitor_LdrLoadDll: pName=C:\Windows\System32\ntdll.dll (Input=ntdll.dll, rcNtResolve=0xc0150008) *pfFlags=0x0 pwszSearchPath=0000000000000801:<flags> [calling]
2f4.2134: supR3HardenedMonitor_LdrLoadDll: returns rcNt=0x0 hMod=00007ffd636b0000 'C:\Windows\System32\ntdll.dll'
2f4.2134: supHardenedWinVerifyImageByHandle: -> 22900 (\Device\HarddiskVolume2\Windows\System32\apphelp.dll)
2f4.2134: supR3HardenedWinVerifyCacheInsert: \Device\HarddiskVolume2\Windows\System32\apphelp.dll
2f4.2134: supR3HardenedMonitor_LdrLoadDll: pName=C:\Windows\system32\apphelp.dll (rcNtResolve=0xc0150008) *pfFlags=0xffffffff pwszSearchPath=0000000000000000:<flags> [calling]
2f4.2134: supR3HardenedScreenImage/NtCreateSection: cache hit (22900) on \Device\HarddiskVolume2\Windows\System32\apphelp.dll [lacks WinVerifyTrust]
2f4.2134: supR3HardenedDllNotificationCallback: load   00007ffd5e1a0000 LB 0x00094000 C:\Windows\system32\apphelp.dll [fFlags=0x0]
2f4.2134: supR3HardenedScreenImage/LdrLoadDll: cache hit (22900) on \Device\HarddiskVolume2\Windows\System32\apphelp.dll [lacks WinVerifyTrust]
2f4.2134: supR3HardenedScreenImage/LdrLoadDll: cache hit (VINF_SUCCESS) on \Device\HarddiskVolume2\Windows\System32\ntdll.dll [lacks WinVerifyTrust]
2f4.2134: supR3HardenedMonitor_LdrLoadDll: pName=C:\Windows\System32\ntdll.dll (Input=ntdll.dll, rcNtResolve=0xc0150008) *pfFlags=0x0 pwszSearchPath=0000000000000801:<flags> [calling]
2f4.2134: supR3HardenedMonitor_LdrLoadDll: returns rcNt=0x0 hMod=00007ffd636b0000 'C:\Windows\System32\ntdll.dll'
2f4.2134: supR3HardenedMonitor_LdrLoadDll: returns rcNt=0x0 hMod=00007ffd5e1a0000 'C:\Windows\system32\apphelp.dll'
2f4.2134: supR3HardNtDisableThreadCreation: pvLdrInitThunk=00007ffd63725c10 pvNtTerminateThread=00007ffd6374dff0 g_LdrInitThunkSelfBackup.cb=10
2f4.2134: supR3HardenedWinDoReSpawn(2): New child 1220.aa8 [kernel32].
2f4.2134: supR3HardenedWinReSpawn: NtSetInformationThread/ThreadHideFromDebugger failed: 0xc0000022 (harmless)
2f4.2134: supR3HardNtChildGatherData: PebBaseAddress=000000d76b687000 cbPeb=0x388
2f4.2134: supR3HardNtPuChFindNtdll: uNtDllParentAddr=00007ffd636b0000 uNtDllChildAddr=00007ffd636b0000
2f4.2134: supR3HardenedWinSetupChildInit: uLdrInitThunk=00007ffd63725c10
2f4.2134: supR3HardenedWinSetupChildInit: Initial context:
  rax=0000000000000000 rbx=0000000000000000 rcx=00007ff613a6c2b0 rdx=000000d76b687000
  rsi=0000000000000000 rdi=0000000000000000 r8 =0000000000000000 r9 =0000000000000000
  r10=0000000000000000 r11=0000000000000000 r12=0000000000000000 r13=0000000000000000
  r14=0000000000000000 r15=0000000000000000  P1=0000000000000000  P2=0000000000000000
  rip=00007ffd636fcc70 rsp=000000d76b5efe88 rbp=0000000000000000    ctxflags=0010001b
  cs=0033 ss=002b ds=0000 es=0000 fs=0000 gs=0000    eflags=00000200   mxcrx=00001f80
   P3=0000000000000000  P4=0000000000000000  P5=0000000000000000  P6=0000000000000000
  dr0=0000000000000000 dr1=0000000000000000 dr2=0000000000000000 dr3=0000000000000000
  dr6=0000000000000000 dr7=0000000000000000 vcr=0000000000000000 dcr=0000000000000000
  lbt=0000000000000000 lbf=0000000000000000 lxt=0000000000000000 lxf=0000000000000000
2f4.2134: kernel32.dll: timestamp 0xeee0fc1a (rc=VINF_SUCCESS)
2f4.2134: supR3HardenedWinSetupChildInit: Start child.
2f4.2134: supR3HardNtChildWaitFor: Found expected request 0 (PurifyChildAndCloseHandles) after 0 ms.
2f4.2134: supR3HardNtChildPurify: Startup delay kludge #1/0: 272 ms, 18 sleeps
2f4.2134: supHardNtVpScanVirtualMemory: enmKind=CHILD_PURIFICATION
2f4.2134:  *0000000000000000-000000007ffdffff 0x0001/0x0000 0x0000000
2f4.2134:  *000000007ffe0000-000000007ffe0fff 0x0002/0x0002 0x0020000
2f4.2134:   000000007ffe1000-000000007ffe6fff 0x0001/0x0000 0x0000000
2f4.2134:  *000000007ffe7000-000000007ffe7fff 0x0002/0x0002 0x0020000
2f4.2134:   000000007ffe8000-000000d76b4effff 0x0001/0x0000 0x0000000
2f4.2134:  *000000d76b4f0000-000000d76b5eafff 0x0000/0x0004 0x0020000
2f4.2134:   000000d76b5eb000-000000d76b5edfff 0x0104/0x0004 0x0020000
2f4.2134:   000000d76b5ee000-000000d76b5effff 0x0004/0x0004 0x0020000
2f4.2134:   000000d76b5f0000-000000d76b5fffff 0x0001/0x0000 0x0000000
2f4.2134:  *000000d76b600000-000000d76b686fff 0x0000/0x0004 0x0020000
2f4.2134:   000000d76b687000-000000d76b689fff 0x0004/0x0004 0x0020000
2f4.2134:   000000d76b68a000-000000d76b7fffff 0x0000/0x0004 0x0020000
2f4.2134:  *000000d76b800000-000000d76b8fcfff 0x0000/0x0002 0x0020000
2f4.2134:   000000d76b8fd000-000000d76b8fdfff 0x0102/0x0002 0x0020000
2f4.2134:   000000d76b8fe000-000000d76b8fefff 0x0002/0x0002 0x0020000
2f4.2134:   000000d76b8ff000-000000d76b8fffff 0x0000/0x0002 0x0020000
2f4.2134:   000000d76b900000-000002d666feffff 0x0001/0x0000 0x0000000
2f4.2134:  *000002d666ff0000-000002d66700ffff 0x0004/0x0004 0x0020000
2f4.2134:  *000002d667010000-000002d66702cfff 0x0002/0x0002 0x0040000
2f4.2134:   000002d66702d000-000002d66702ffff 0x0001/0x0000 0x0000000
2f4.2134:  *000002d667030000-000002d667033fff 0x0002/0x0002 0x0040000
2f4.2134:   000002d667034000-000002d66703ffff 0x0001/0x0000 0x0000000
2f4.2134:  *000002d667040000-000002d667040fff 0x0002/0x0002 0x0040000
2f4.2134:   000002d667041000-000002d66704ffff 0x0001/0x0000 0x0000000
2f4.2134:  *000002d667050000-000002d667051fff 0x0004/0x0004 0x0020000
2f4.2134:   000002d667052000-00007df5bf91ffff 0x0001/0x0000 0x0000000
2f4.2134:  *00007df5bf920000-00007df5bf920fff 0x0002/0x0002 0x0040000
2f4.2134:   00007df5bf921000-00007df5bf92ffff 0x0001/0x0000 0x0000000
2f4.2134:  *00007df5bf930000-00007df5bf952fff 0x0002/0x0002 0x0040000
2f4.2134:   00007df5bf953000-00007df5bf95ffff 0x0001/0x0000 0x0000000
2f4.2134:  *00007df5bf960000-00007df5c0facfff 0x0000/0x0001 0x0040000
2f4.2134:   00007df5c0fad000-00007df5c0fedfff 0x0001/0x0001 0x0040000
2f4.2134:   00007df5c0fee000-00007df5c171efff 0x0000/0x0001 0x0040000
2f4.2134:   00007df5c171f000-00007df5c171ffff 0x0001/0x0001 0x0040000
2f4.2134:   00007df5c1720000-00007ff597e48fff 0x0000/0x0001 0x0040000
2f4.2134:   00007ff597e49000-00007ff597e4dfff 0x0002/0x0001 0x0040000
2f4.2134:   00007ff597e4e000-00007ff5b2c81fff 0x0000/0x0001 0x0040000
2f4.2134:   00007ff5b2c82000-00007ff5b5239fff 0x0001/0x0001 0x0040000
2f4.2134:   00007ff5b523a000-00007ff5b5242fff 0x0002/0x0001 0x0040000
2f4.2134:   00007ff5b5243000-00007ff5bf95ffff 0x0000/0x0001 0x0040000
2f4.2134:   00007ff5bf960000-00007ff613a5ffff 0x0001/0x0000 0x0000000
2f4.2134:  *00007ff613a60000-00007ff613a60fff 0x0002/0x0080 0x1000000  \Device\HarddiskVolume2\Program Files\Oracle\VirtualBox\VirtualBoxVM.exe
2f4.2134:   00007ff613a61000-00007ff613accfff 0x0020/0x0080 0x1000000  \Device\HarddiskVolume2\Program Files\Oracle\VirtualBox\VirtualBoxVM.exe
2f4.2134:   00007ff613acd000-00007ff613acdfff 0x0080/0x0080 0x1000000  \Device\HarddiskVolume2\Program Files\Oracle\VirtualBox\VirtualBoxVM.exe
2f4.2134:   00007ff613ace000-00007ff613b22fff 0x0002/0x0080 0x1000000  \Device\HarddiskVolume2\Program Files\Oracle\VirtualBox\VirtualBoxVM.exe
2f4.2134:   00007ff613b23000-00007ff613b23fff 0x0004/0x0080 0x1000000  \Device\HarddiskVolume2\Program Files\Oracle\VirtualBox\VirtualBoxVM.exe
2f4.2134:   00007ff613b24000-00007ff613b24fff 0x0008/0x0080 0x1000000  \Device\HarddiskVolume2\Program Files\Oracle\VirtualBox\VirtualBoxVM.exe
2f4.2134:   00007ff613b25000-00007ff613b29fff 0x0004/0x0080 0x1000000  \Device\HarddiskVolume2\Program Files\Oracle\VirtualBox\VirtualBoxVM.exe
2f4.2134:   00007ff613b2a000-00007ff613b2ffff 0x0008/0x0080 0x1000000  \Device\HarddiskVolume2\Program Files\Oracle\VirtualBox\VirtualBoxVM.exe
2f4.2134:   00007ff613b30000-00007ff613b6afff 0x0002/0x0080 0x1000000  \Device\HarddiskVolume2\Program Files\Oracle\VirtualBox\VirtualBoxVM.exe
2f4.2134:   00007ff613b6b000-00007ffd636affff 0x0001/0x0000 0x0000000
2f4.2134:  *00007ffd636b0000-00007ffd636b0fff 0x0002/0x0080 0x1000000  \Device\HarddiskVolume2\Windows\System32\ntdll.dll
2f4.2134:   00007ffd636b1000-00007ffd637ccfff 0x0020/0x0080 0x1000000  \Device\HarddiskVolume2\Windows\System32\ntdll.dll
2f4.2134:   00007ffd637cd000-00007ffd63815fff 0x0002/0x0080 0x1000000  \Device\HarddiskVolume2\Windows\System32\ntdll.dll
2f4.2134:   00007ffd63816000-00007ffd63821fff 0x0008/0x0080 0x1000000  \Device\HarddiskVolume2\Windows\System32\ntdll.dll
2f4.2134:   00007ffd63822000-00007ffd63830fff 0x0002/0x0080 0x1000000  \Device\HarddiskVolume2\Windows\System32\ntdll.dll
2f4.2134:   00007ffd63831000-00007ffd63831fff 0x0004/0x0080 0x1000000  \Device\HarddiskVolume2\Windows\System32\ntdll.dll
2f4.2134:   00007ffd63832000-00007ffd63834fff 0x0008/0x0080 0x1000000  \Device\HarddiskVolume2\Windows\System32\ntdll.dll
2f4.2134:   00007ffd63835000-00007ffd638a7fff 0x0002/0x0080 0x1000000  \Device\HarddiskVolume2\Windows\System32\ntdll.dll
2f4.2134:   00007ffd638a8000-00007ffffffeffff 0x0001/0x0000 0x0000000
2f4.2134: VirtualBoxVM.exe: timestamp 0x6a5a50e7 (rc=VINF_SUCCESS)
2f4.2134: '\Device\HarddiskVolume2\Program Files\Oracle\VirtualBox\VirtualBoxVM.exe' has no imports
2f4.2134: VirtualBoxVM.exe: Differences in section #8 (.rsrc) between file and memory:
2f4.2134:   00007ff613b68b70 / 0x0108b70: 00 != 50
2f4.2134:   00007ff613b68b71 / 0x0108b71: 00 != 41
2f4.2134:   00007ff613b68b72 / 0x0108b72: 00 != 44
2f4.2134:   00007ff613b68b73 / 0x0108b73: 00 != 44
2f4.2134:   00007ff613b68b74 / 0x0108b74: 00 != 49
2f4.2134:   00007ff613b68b75 / 0x0108b75: 00 != 4e
2f4.2134:   00007ff613b68b76 / 0x0108b76: 00 != 47
2f4.2134:   00007ff613b68b77 / 0x0108b77: 00 != 58
2f4.2134:   00007ff613b68b78 / 0x0108b78: 00 != 58
2f4.2134:   00007ff613b68b79 / 0x0108b79: 00 != 50
2f4.2134:   00007ff613b68b7a / 0x0108b7a: 00 != 41
2f4.2134:   00007ff613b68b7b / 0x0108b7b: 00 != 44
2f4.2134:   00007ff613b68b7c / 0x0108b7c: 00 != 44
2f4.2134:   00007ff613b68b7d / 0x0108b7d: 00 != 49
2f4.2134:   00007ff613b68b7e / 0x0108b7e: 00 != 4e
2f4.2134:   00007ff613b68b7f / 0x0108b7f: 00 != 47
2f4.2134:   00007ff613b68b80 / 0x0108b80: 00 != 50
2f4.2134:   00007ff613b68b81 / 0x0108b81: 00 != 41
2f4.2134:   00007ff613b68b82 / 0x0108b82: 00 != 44
2f4.2134:   00007ff613b68b83 / 0x0108b83: 00 != 44
2f4.2134:   00007ff613b68b84 / 0x0108b84: 00 != 49
2f4.2134:   00007ff613b68b85 / 0x0108b85: 00 != 4e
2f4.2134:   00007ff613b68b86 / 0x0108b86: 00 != 47
2f4.2134:   00007ff613b68b87 / 0x0108b87: 00 != 58
2f4.2134:   00007ff613b68b88 / 0x0108b88: 00 != 58
2f4.2134:   00007ff613b68b89 / 0x0108b89: 00 != 50
2f4.2134:   00007ff613b68b8a / 0x0108b8a: 00 != 41
2f4.2134:   00007ff613b68b8b / 0x0108b8b: 00 != 44
2f4.2134:   00007ff613b68b8c / 0x0108b8c: 00 != 44
2f4.2134:   00007ff613b68b8d / 0x0108b8d: 00 != 49
2f4.2134:   00007ff613b68b8e / 0x0108b8e: 00 != 4e
2f4.2134:   00007ff613b68b8f / 0x0108b8f: 00 != 47
2f4.2134:   00007ff613b68b90 / 0x0108b90: 00 != 50
2f4.2134:   00007ff613b68b91 / 0x0108b91: 00 != 41
2f4.2134:   00007ff613b68b92 / 0x0108b92: 00 != 44
2f4.2134:   00007ff613b68b93 / 0x0108b93: 00 != 44
2f4.2134:   00007ff613b68b94 / 0x0108b94: 00 != 49
2f4.2134:   00007ff613b68b95 / 0x0108b95: 00 != 4e
2f4.2134:   00007ff613b68b96 / 0x0108b96: 00 != 47
2f4.2134:   00007ff613b68b97 / 0x0108b97: 00 != 58
2f4.2134:   00007ff613b68b98 / 0x0108b98: 00 != 58
2f4.2134:   00007ff613b68b99 / 0x0108b99: 00 != 50
2f4.2134:   00007ff613b68b9a / 0x0108b9a: 00 != 41
2f4.2134:   00007ff613b68b9b / 0x0108b9b: 00 != 44
2f4.2134:   00007ff613b68b9c / 0x0108b9c: 00 != 44
2f4.2134:   00007ff613b68b9d / 0x0108b9d: 00 != 49
2f4.2134:   00007ff613b68b9e / 0x0108b9e: 00 != 4e
2f4.2134:   00007ff613b68b9f / 0x0108b9f: 00 != 47
2f4.2134:   00007ff613b68ba0 / 0x0108ba0: 00 != 50
2f4.2134:   00007ff613b68ba1 / 0x0108ba1: 00 != 41
2f4.2134:   00007ff613b68ba2 / 0x0108ba2: 00 != 44
2f4.2134:   00007ff613b68ba3 / 0x0108ba3: 00 != 44
2f4.2134:   00007ff613b68ba4 / 0x0108ba4: 00 != 49
2f4.2134:   00007ff613b68ba5 / 0x0108ba5: 00 != 4e
2f4.2134:   00007ff613b68ba6 / 0x0108ba6: 00 != 47
2f4.2134:   00007ff613b68ba7 / 0x0108ba7: 00 != 58
2f4.2134:   00007ff613b68ba8 / 0x0108ba8: 00 != 58
2f4.2134:   00007ff613b68ba9 / 0x0108ba9: 00 != 50
2f4.2134:   00007ff613b68baa / 0x0108baa: 00 != 41
2f4.2134:   00007ff613b68bab / 0x0108bab: 00 != 44
2f4.2134:   00007ff613b68bac / 0x0108bac: 00 != 44
2f4.2134:   00007ff613b68bad / 0x0108bad: 00 != 49
2f4.2134:   00007ff613b68bae / 0x0108bae: 00 != 4e
2f4.2134:   00007ff613b68baf / 0x0108baf: 00 != 47
2f4.2134:   00007ff613b68bb0 / 0x0108bb0: 00 != 50
2f4.2134:   00007ff613b68bb1 / 0x0108bb1: 00 != 41
2f4.2134:   00007ff613b68bb2 / 0x0108bb2: 00 != 44
2f4.2134:   00007ff613b68bb3 / 0x0108bb3: 00 != 44
2f4.2134:   00007ff613b68bb4 / 0x0108bb4: 00 != 49
2f4.2134:   00007ff613b68bb5 / 0x0108bb5: 00 != 4e
2f4.2134:   00007ff613b68bb6 / 0x0108bb6: 00 != 47
2f4.2134:   00007ff613b68bb7 / 0x0108bb7: 00 != 58
2f4.2134:   00007ff613b68bb8 / 0x0108bb8: 00 != 58
2f4.2134:   00007ff613b68bb9 / 0x0108bb9: 00 != 50
2f4.2134:   00007ff613b68bba / 0x0108bba: 00 != 41
2f4.2134:   00007ff613b68bbb / 0x0108bbb: 00 != 44
2f4.2134:   00007ff613b68bbc / 0x0108bbc: 00 != 44
2f4.2134:   00007ff613b68bbd / 0x0108bbd: 00 != 49
2f4.2134:   00007ff613b68bbe / 0x0108bbe: 00 != 4e
2f4.2134:   00007ff613b68bbf / 0x0108bbf: 00 != 47
2f4.2134:   00007ff613b68bc0 / 0x0108bc0: 00 != 50
2f4.2134:   00007ff613b68bc1 / 0x0108bc1: 00 != 41
2f4.2134:   00007ff613b68bc2 / 0x0108bc2: 00 != 44
2f4.2134:   00007ff613b68bc3 / 0x0108bc3: 00 != 44
2f4.2134:   00007ff613b68bc4 / 0x0108bc4: 00 != 49
2f4.2134:   00007ff613b68bc5 / 0x0108bc5: 00 != 4e
2f4.2134:   00007ff613b68bc6 / 0x0108bc6: 00 != 47
2f4.2134:   00007ff613b68bc7 / 0x0108bc7: 00 != 58
2f4.2134:   00007ff613b68bc8 / 0x0108bc8: 00 != 58
2f4.2134:   00007ff613b68bc9 / 0x0108bc9: 00 != 50
2f4.2134:   00007ff613b68bca / 0x0108bca: 00 != 41
2f4.2134:   00007ff613b68bcb / 0x0108bcb: 00 != 44
2f4.2134:   00007ff613b68bcc / 0x0108bcc: 00 != 44
2f4.2134:   00007ff613b68bcd / 0x0108bcd: 00 != 49
2f4.2134:   00007ff613b68bce / 0x0108bce: 00 != 4e
2f4.2134:   00007ff613b68bcf / 0x0108bcf: 00 != 47
2f4.2134:   00007ff613b68bd0 / 0x0108bd0: 00 != 50
2f4.2134:   00007ff613b68bd1 / 0x0108bd1: 00 != 41
2f4.2134:   00007ff613b68bd2 / 0x0108bd2: 00 != 44
2f4.2134:   00007ff613b68bd3 / 0x0108bd3: 00 != 44
2f4.2134:   00007ff613b68bd4 / 0x0108bd4: 00 != 49
2f4.2134:   00007ff613b68bd5 / 0x0108bd5: 00 != 4e
2f4.2134:   00007ff613b68bd6 / 0x0108bd6: 00 != 47
2f4.2134:   00007ff613b68bd7 / 0x0108bd7: 00 != 58
2f4.2134:   00007ff613b68bd8 / 0x0108bd8: 00 != 58
2f4.2134:   00007ff613b68bd9 / 0x0108bd9: 00 != 50
2f4.2134:   00007ff613b68bda / 0x0108bda: 00 != 41
2f4.2134:   00007ff613b68bdb / 0x0108bdb: 00 != 44
2f4.2134:   00007ff613b68bdc / 0x0108bdc: 00 != 44
2f4.2134:   00007ff613b68bdd / 0x0108bdd: 00 != 49
2f4.2134:   00007ff613b68bde / 0x0108bde: 00 != 4e
2f4.2134:   00007ff613b68bdf / 0x0108bdf: 00 != 47
2f4.2134:   00007ff613b68be0 / 0x0108be0: 00 != 50
2f4.2134:   00007ff613b68be1 / 0x0108be1: 00 != 41
2f4.2134:   00007ff613b68be2 / 0x0108be2: 00 != 44
2f4.2134:   00007ff613b68be3 / 0x0108be3: 00 != 44
2f4.2134:   00007ff613b68be4 / 0x0108be4: 00 != 49
2f4.2134:   00007ff613b68be5 / 0x0108be5: 00 != 4e
2f4.2134:   00007ff613b68be6 / 0x0108be6: 00 != 47
2f4.2134:   00007ff613b68be7 / 0x0108be7: 00 != 58
2f4.2134:   00007ff613b68be8 / 0x0108be8: 00 != 58
2f4.2134:   00007ff613b68be9 / 0x0108be9: 00 != 50
2f4.2134:   00007ff613b68bea / 0x0108bea: 00 != 41
2f4.2134:   00007ff613b68beb / 0x0108beb: 00 != 44
2f4.2134:   00007ff613b68bec / 0x0108bec: 00 != 44
2f4.2134:   00007ff613b68bed / 0x0108bed: 00 != 49
2f4.2134:   00007ff613b68bee / 0x0108bee: 00 != 4e
2f4.2134:   00007ff613b68bef / 0x0108bef: 00 != 47
2f4.2134:   00007ff613b68bf0 / 0x0108bf0: 00 != 50
2f4.2134:   00007ff613b68bf1 / 0x0108bf1: 00 != 41
2f4.2134:   00007ff613b68bf2 / 0x0108bf2: 00 != 44
2f4.2134:   00007ff613b68bf3 / 0x0108bf3: 00 != 44
2f4.2134:   00007ff613b68bf4 / 0x0108bf4: 00 != 49
2f4.2134:   00007ff613b68bf5 / 0x0108bf5: 00 != 4e
2f4.2134:   00007ff613b68bf6 / 0x0108bf6: 00 != 47
2f4.2134:   00007ff613b68bf7 / 0x0108bf7: 00 != 58
2f4.2134:   00007ff613b68bf8 / 0x0108bf8: 00 != 58
2f4.2134:   00007ff613b68bf9 / 0x0108bf9: 00 != 50
2f4.2134:   00007ff613b68bfa / 0x0108bfa: 00 != 41
2f4.2134:   00007ff613b68bfb / 0x0108bfb: 00 != 44
2f4.2134:   00007ff613b68bfc / 0x0108bfc: 00 != 44
2f4.2134:   00007ff613b68bfd / 0x0108bfd: 00 != 49
2f4.2134:   00007ff613b68bfe / 0x0108bfe: 00 != 4e
2f4.2134:   00007ff613b68bff / 0x0108bff: 00 != 47
2f4.2134:   Restored 0x490 bytes of original file content at 00007ff613b68b70
2f4.2134: '\Device\HarddiskVolume2\Windows\System32\ntdll.dll' has no imports
2f4.2134: supR3HardNtChildPurify: cFixes=1 g_fSupAdversaries=0x80000000
2f4.2134: supR3HardNtChildPurify: Startup delay kludge #1/1: 516 ms, 31 sleeps
2f4.2134: supHardNtVpScanVirtualMemory: enmKind=CHILD_PURIFICATION
2f4.2134:  *0000000000000000-000000007ffdffff 0x0001/0x0000 0x0000000
2f4.2134:  *000000007ffe0000-000000007ffe0fff 0x0002/0x0002 0x0020000
2f4.2134:   000000007ffe1000-000000007ffe6fff 0x0001/0x0000 0x0000000
2f4.2134:  *000000007ffe7000-000000007ffe7fff 0x0002/0x0002 0x0020000
2f4.2134:   000000007ffe8000-000000d76b4effff 0x0001/0x0000 0x0000000
2f4.2134:  *000000d76b4f0000-000000d76b5eafff 0x0000/0x0004 0x0020000
2f4.2134:   000000d76b5eb000-000000d76b5edfff 0x0104/0x0004 0x0020000
2f4.2134:   000000d76b5ee000-000000d76b5effff 0x0004/0x0004 0x0020000
2f4.2134:   000000d76b5f0000-000000d76b5fffff 0x0001/0x0000 0x0000000
2f4.2134:  *000000d76b600000-000000d76b686fff 0x0000/0x0004 0x0020000
2f4.2134:   000000d76b687000-000000d76b689fff 0x0004/0x0004 0x0020000
2f4.2134:   000000d76b68a000-000000d76b7fffff 0x0000/0x0004 0x0020000
2f4.2134:  *000000d76b800000-000000d76b8fcfff 0x0000/0x0002 0x0020000
2f4.2134:   000000d76b8fd000-000000d76b8fdfff 0x0102/0x0002 0x0020000
2f4.2134:   000000d76b8fe000-000000d76b8fefff 0x0002/0x0002 0x0020000
2f4.2134:   000000d76b8ff000-000000d76b8fffff 0x0000/0x0002 0x0020000
2f4.2134:   000000d76b900000-000002d666feffff 0x0001/0x0000 0x0000000
2f4.2134:  *000002d666ff0000-000002d66700ffff 0x0004/0x0004 0x0020000
2f4.2134:  *000002d667010000-000002d66702cfff 0x0002/0x0002 0x0040000
2f4.2134:   000002d66702d000-000002d66702ffff 0x0001/0x0000 0x0000000
2f4.2134:  *000002d667030000-000002d667033fff 0x0002/0x0002 0x0040000
2f4.2134:   000002d667034000-000002d66703ffff 0x0001/0x0000 0x0000000
2f4.2134:  *000002d667040000-000002d667040fff 0x0002/0x0002 0x0040000
2f4.2134:   000002d667041000-000002d66704ffff 0x0001/0x0000 0x0000000
2f4.2134:  *000002d667050000-000002d667051fff 0x0004/0x0004 0x0020000
2f4.2134:   000002d667052000-00007df5bf91ffff 0x0001/0x0000 0x0000000
2f4.2134:  *00007df5bf920000-00007df5bf920fff 0x0002/0x0002 0x0040000
2f4.2134:   00007df5bf921000-00007df5bf92ffff 0x0001/0x0000 0x0000000
2f4.2134:  *00007df5bf930000-00007df5bf952fff 0x0002/0x0002 0x0040000
2f4.2134:   00007df5bf953000-00007df5bf95ffff 0x0001/0x0000 0x0000000
2f4.2134:  *00007df5bf960000-00007df5c0facfff 0x0000/0x0001 0x0040000
2f4.2134:   00007df5c0fad000-00007df5c0fedfff 0x0001/0x0001 0x0040000
2f4.2134:   00007df5c0fee000-00007df5c171efff 0x0000/0x0001 0x0040000
2f4.2134:   00007df5c171f000-00007df5c171ffff 0x0001/0x0001 0x0040000
2f4.2134:   00007df5c1720000-00007ff597e48fff 0x0000/0x0001 0x0040000
2f4.2134:   00007ff597e49000-00007ff597e4dfff 0x0002/0x0001 0x0040000
2f4.2134:   00007ff597e4e000-00007ff5b2c81fff 0x0000/0x0001 0x0040000
2f4.2134:   00007ff5b2c82000-00007ff5b5239fff 0x0001/0x0001 0x0040000
2f4.2134:   00007ff5b523a000-00007ff5b5242fff 0x0002/0x0001 0x0040000
2f4.2134:   00007ff5b5243000-00007ff5bf95ffff 0x0000/0x0001 0x0040000
2f4.2134:   00007ff5bf960000-00007ff613a5ffff 0x0001/0x0000 0x0000000
2f4.2134:  *00007ff613a60000-00007ff613a60fff 0x0002/0x0080 0x1000000  \Device\HarddiskVolume2\Program Files\Oracle\VirtualBox\VirtualBoxVM.exe
2f4.2134:   00007ff613a61000-00007ff613accfff 0x0020/0x0080 0x1000000  \Device\HarddiskVolume2\Program Files\Oracle\VirtualBox\VirtualBoxVM.exe
2f4.2134:   00007ff613acd000-00007ff613acdfff 0x0040/0x0080 0x1000000  \Device\HarddiskVolume2\Program Files\Oracle\VirtualBox\VirtualBoxVM.exe
2f4.2134:   00007ff613ace000-00007ff613b22fff 0x0002/0x0080 0x1000000  \Device\HarddiskVolume2\Program Files\Oracle\VirtualBox\VirtualBoxVM.exe
2f4.2134:   00007ff613b23000-00007ff613b2ffff 0x0004/0x0080 0x1000000  \Device\HarddiskVolume2\Program Files\Oracle\VirtualBox\VirtualBoxVM.exe
2f4.2134:   00007ff613b30000-00007ff613b6afff 0x0002/0x0080 0x1000000  \Device\HarddiskVolume2\Program Files\Oracle\VirtualBox\VirtualBoxVM.exe
2f4.2134:   00007ff613b6b000-00007ffd636affff 0x0001/0x0000 0x0000000
2f4.2134:  *00007ffd636b0000-00007ffd636b0fff 0x0002/0x0080 0x1000000  \Device\HarddiskVolume2\Windows\System32\ntdll.dll
2f4.2134:   00007ffd636b1000-00007ffd637ccfff 0x0020/0x0080 0x1000000  \Device\HarddiskVolume2\Windows\System32\ntdll.dll
2f4.2134:   00007ffd637cd000-00007ffd63815fff 0x0002/0x0080 0x1000000  \Device\HarddiskVolume2\Windows\System32\ntdll.dll
2f4.2134:   00007ffd63816000-00007ffd63819fff 0x0008/0x0080 0x1000000  \Device\HarddiskVolume2\Windows\System32\ntdll.dll
2f4.2134:   00007ffd6381a000-00007ffd63821fff 0x0004/0x0080 0x1000000  \Device\HarddiskVolume2\Windows\System32\ntdll.dll
2f4.2134:   00007ffd63822000-00007ffd63830fff 0x0002/0x0080 0x1000000  \Device\HarddiskVolume2\Windows\System32\ntdll.dll
2f4.2134:   00007ffd63831000-00007ffd63831fff 0x0004/0x0080 0x1000000  \Device\HarddiskVolume2\Windows\System32\ntdll.dll
2f4.2134:   00007ffd63832000-00007ffd63834fff 0x0008/0x0080 0x1000000  \Device\HarddiskVolume2\Windows\System32\ntdll.dll
2f4.2134:   00007ffd63835000-00007ffd638a7fff 0x0002/0x0080 0x1000000  \Device\HarddiskVolume2\Windows\System32\ntdll.dll
2f4.2134:   00007ffd638a8000-00007ffffffeffff 0x0001/0x0000 0x0000000
2f4.2134: supR3HardNtChildPurify: Done after 811 ms and 1 fixes (loop #1).
1220.aa8: Log file opened: 7.2.14r174565 g_hStartupLog=0000000000000004 g_uNtVerCombined=0xa04a6500
1220.aa8: supR3HardenedVmProcessInit: uNtDllAddr=00007ffd636b0000 g_uNtVerCombined=0xa04a6500 (stack ~000000d76b5eeab0)
2f4.2134: supR3HardenedEarlyCompact: Removed heap 1 (0x0001a062790000 LB 0x400000)
1220.aa8: ntdll.dll: timestamp 0x7ec9c15d (rc=VINF_SUCCESS)
1220.aa8: New simple heap: #1 000002d667160000 LB 0x400000 (for 2064384 allocation)
2f4.2134: supR3HardNtEnableThreadCreationEx:
1220.aa8: supR3HardenedWinInitAppBin(0x0): '\Device\HarddiskVolume2\Program Files\Oracle\VirtualBox'
1220.aa8: System32:  \Device\HarddiskVolume2\Windows\System32
1220.aa8: WinSxS:    \Device\HarddiskVolume2\Windows\WinSxS
1220.aa8: KnownDllPath: C:\Windows\System32
1220.aa8: supR3HardenedVmProcessInit: Opening vboxsup...
1220.aa8: supR3HardenedVmProcessInit: Restoring LdrInitializeThunk...
1220.aa8: supR3HardenedVmProcessInit: Returning to LdrInitializeThunk...
1220.aa8: Registered Dll notification callback with NTDLL.
1220.aa8: supHardenedWinVerifyImageByHandle: -> 0 (\Device\HarddiskVolume2\Windows\System32\kernel32.dll)
1220.aa8: supR3HardenedWinVerifyCacheInsert: \Device\HarddiskVolume2\Windows\System32\kernel32.dll
1220.aa8: supR3HardenedMonitor_LdrLoadDll: pName=C:\Windows\System32\KERNEL32.DLL (Input=KERNEL32.DLL, rcNtResolve=0xc0150008) *pfFlags=0xffffffff pwszSearchPath=0000000000004001:<flags> [calling]
1220.aa8: supR3HardenedDllNotificationCallback: load   00007ffd61350000 LB 0x002f6000 C:\Windows\System32\KERNELBASE.dll [fFlags=0x0]
1220.aa8: supHardenedWinVerifyImageByHandle: -> 0 (\Device\HarddiskVolume2\Windows\System32\KernelBase.dll)
1220.aa8: supR3HardenedWinVerifyCacheInsert: \Device\HarddiskVolume2\Windows\System32\KernelBase.dll
1220.aa8: supR3HardenedDllNotificationCallback: load   00007ffd61a60000 LB 0x000c2000 C:\Windows\System32\KERNEL32.DLL [fFlags=0x0]
1220.aa8: supR3HardenedScreenImage/LdrLoadDll: cache hit (VINF_SUCCESS) on \Device\HarddiskVolume2\Windows\System32\kernel32.dll [lacks WinVerifyTrust]
1220.aa8: supR3HardenedMonitor_LdrLoadDll: returns rcNt=0x0 hMod=00007ffd61a60000 'C:\Windows\System32\KERNEL32.DLL'
1220.aa8: supR3HardenedDllNotificationCallback: load   00007ff613a60000 LB 0x0010b000 C:\Program Files\Oracle\VirtualBox\VirtualBoxVM.exe [fFlags=0x0]
1220.aa8: '\Device\HarddiskVolume2\Program Files\Oracle\VirtualBox\VirtualBoxVM.exe' has no imports
1220.aa8: supHardenedWinVerifyImageByHandle: -> 0 (\Device\HarddiskVolume2\Program Files\Oracle\VirtualBox\VirtualBoxVM.exe)
1220.aa8: supR3HardenedWinVerifyCacheInsert: \Device\HarddiskVolume2\Program Files\Oracle\VirtualBox\VirtualBoxVM.exe
1220.aa8: supR3HardNtDisableThreadCreation: pvLdrInitThunk=00007ffd63725c10 pvNtTerminateThread=00007ffd6374dff0 g_LdrInitThunkSelfBackup.cb=0
1220.aa8: supR3HardNtDisableThreadCreationEx: Backup=40 53 48 83 ec 20 48 8b d9 e8 1a 00 00 00 b2 01
1220.aa8: \SystemRoot\System32\ntdll.dll:
2f4.2134: supR3HardNtChildWaitFor: Found expected request 1 (CloseEvents) after 59 ms.
1220.aa8:     CreationTime:    2025-10-21T17:45:59.984182800Z
1220.aa8:     LastWriteTime:   2025-10-21T17:46:00.026382600Z
1220.aa8:     ChangeTime:      2025-11-12T15:14:25.916192900Z
1220.aa8:     FileAttributes:  0x20
1220.aa8:     Size:            0x1ef7b8
1220.aa8:     NT Headers:      0xe8
1220.aa8:     Timestamp:       0x7ec9c15d
1220.aa8:     Machine:         0x8664 - amd64
1220.aa8:     Timestamp:       0x7ec9c15d
1220.aa8:     Image Version:   10.0
1220.aa8:     SizeOfImage:     0x1f8000 (2064384)
1220.aa8:     Resource Dir:    0x186000 LB 0x70508
1220.aa8:     [Version info resource found at 0xd8! (ID/Name: 0x1; SubID/SubName: 0x409)]
1220.aa8:     [Raw version resource data: 0x1860f0 LB 0x380, codepage 0x0 (reserved 0x0)]
1220.aa8:     ProductName:     Microsoft® Windows® Operating System
1220.aa8:     ProductVersion:  10.0.19041.6456
1220.aa8:     FileVersion:     10.0.19041.6456 (WinBuild.160101.0800)
1220.aa8:     FileDescription: NT Layer DLL
1220.aa8: \SystemRoot\System32\kernel32.dll:
1220.aa8:     CreationTime:    2025-06-20T12:36:39.666423800Z
1220.aa8:     LastWriteTime:   2025-06-20T12:36:39.682041400Z
1220.aa8:     ChangeTime:      2025-11-12T15:14:25.947200000Z
1220.aa8:     FileAttributes:  0x20
1220.aa8:     Size:            0xbf568
1220.aa8:     NT Headers:      0xf8
1220.aa8:     Timestamp:       0xeee0fc1a
1220.aa8:     Machine:         0x8664 - amd64
1220.aa8:     Timestamp:       0xeee0fc1a
1220.aa8:     Image Version:   10.0
1220.aa8:     SizeOfImage:     0xc2000 (794624)
1220.aa8:     Resource Dir:    0xc0000 LB 0x520
1220.aa8:     [Version info resource found at 0x90! (ID/Name: 0x1; SubID/SubName: 0x409)]
1220.aa8:     [Raw version resource data: 0xc00b0 LB 0x3a4, codepage 0x0 (reserved 0x0)]
1220.aa8:     ProductName:     Microsoft® Windows® Operating System
1220.aa8:     ProductVersion:  10.0.19041.5915
1220.aa8:     FileVersion:     10.0.19041.5915 (WinBuild.160101.0800)
1220.aa8:     FileDescription: Windows NT BASE API Client DLL
1220.aa8: \SystemRoot\System32\KernelBase.dll:
1220.aa8:     CreationTime:    2025-09-23T02:51:12.277213600Z
1220.aa8:     LastWriteTime:   2025-09-23T02:51:12.369484300Z
1220.aa8:     ChangeTime:      2025-11-12T15:14:25.916192900Z
1220.aa8:     FileAttributes:  0x20
1220.aa8:     Size:            0x2f7a40
1220.aa8:     NT Headers:      0x100
1220.aa8:     Timestamp:       0x56511854
1220.aa8:     Machine:         0x8664 - amd64
1220.aa8:     Timestamp:       0x56511854
1220.aa8:     Image Version:   10.0
1220.aa8:     SizeOfImage:     0x2f6000 (3104768)
1220.aa8:     Resource Dir:    0x2cc000 LB 0x548
1220.aa8:     [Version info resource found at 0x90! (ID/Name: 0x1; SubID/SubName: 0x409)]
1220.aa8:     [Raw version resource data: 0x2cc0b0 LB 0x3bc, codepage 0x0 (reserved 0x0)]
1220.aa8:     ProductName:     Microsoft® Windows® Operating System
1220.aa8:     ProductVersion:  10.0.19041.6280
1220.aa8:     FileVersion:     10.0.19041.6280 (WinBuild.160101.0800)
1220.aa8:     FileDescription: Windows NT BASE API Client DLL
1220.aa8: \SystemRoot\System32\apisetschema.dll:
1220.aa8:     CreationTime:    2025-06-20T12:36:18.336864500Z
1220.aa8:     LastWriteTime:   2025-06-20T12:36:18.336864500Z
1220.aa8:     ChangeTime:      2025-11-12T15:14:25.887186400Z
1220.aa8:     FileAttributes:  0x20
1220.aa8:     Size:            0x1f9c8
1220.aa8:     NT Headers:      0xd0
1220.aa8:     Timestamp:       0x85f6b378
1220.aa8:     Machine:         0x8664 - amd64
1220.aa8:     Timestamp:       0x85f6b378
1220.aa8:     Image Version:   10.0
1220.aa8:     SizeOfImage:     0x20000 (131072)
1220.aa8:     Resource Dir:    0x1f000 LB 0x408
1220.aa8:     [Version info resource found at 0x48! (ID/Name: 0x1; SubID/SubName: 0x409)]
1220.aa8:     [Raw version resource data: 0x1f060 LB 0x3a8, codepage 0x0 (reserved 0x0)]
1220.aa8:     ProductName:     Microsoft® Windows® Operating System
1220.aa8:     ProductVersion:  10.0.19041.5915
1220.aa8:     FileVersion:     10.0.19041.5915 (WinBuild.160101.0800)
1220.aa8:     FileDescription: ApiSet Schema DLL
1220.aa8: root name: type=Mutant name=PendingRenameMutex
1220.aa8: root name: type=Directory name=ObjectTypes
1220.aa8: root name: type=FilterConnectionPort name=storqosfltport
1220.aa8: root name: type=FilterConnectionPort name=MicrosoftMalwareProtectionRemoteIoPortWD
1220.aa8: root name: type=FilterConnectionPort name=MicrosoftDataLossPreventionPort
1220.aa8: root name: type=Job name=Container_Microsoft.YourPhone_1.25072.79.0_x64__8wekyb3d8bbwe-S-1-5-21-2830716156-2187875704-3980055628-1001
1220.aa8: root name: type=SymbolicLink name=SystemRoot
1220.aa8: root name: type=Directory name=Sessions
1220.aa8: root name: type=FilterConnectionPort name=MicrosoftMalwareProtectionVeryLowIoPortWD
1220.aa8: root name: type=Directory name=ArcName
1220.aa8: root name: type=FilterConnectionPort name=WcifsPort
1220.aa8: root name: type=Directory name=NLS
1220.aa8: root name: type=Event name=LanmanServerAnnounceEvent
1220.aa8: root name: type=ALPC Port name=ThemeApiPort
1220.aa8: root name: type=Directory name=Windows
1220.aa8: root name: type=Directory name=GLOBAL??
1220.aa8: root name: type=Directory name=RPC Control
1220.aa8: root name: type=FilterConnectionPort name=MicrosoftDataLossPreventionControlPort
1220.aa8: root name: type=ALPC Port name=PdcPort
1220.aa8: root name: type=Event name=EFSInitEvent
1220.aa8: root name: type=SymbolicLink name=Dfs
1220.aa8: root name: type=Device name=clfs
1220.aa8: root name: type=FilterConnectionPort name=MicrosoftDataLossPreventionRemoteIoPort
1220.aa8: root name: type=Event name=CsrSbSyncEvent
1220.aa8: root name: type=ALPC Port name=SeRmCommandPort
1220.aa8: root name: type=SymbolicLink name=DosDevices
1220.aa8: root name: type=Directory name=KnownDlls32
1220.aa8: root name: type=Key name=REGISTRY
1220.aa8: root name: type=Directory name=BaseNamedObjects
1220.aa8: root name: type=Section name=Win32kCrossSessionGlobals
1220.aa8: root name: type=FilterConnectionPort name=MicrosoftDataLossPreventionVeryLowIoPort
1220.aa8: root name: type=ALPC Port name=PowerPort
1220.aa8: root name: type=ALPC Port name=SmSsWinStationApiPort
1220.aa8: root name: type=Event name=UniqueInteractiveSessionIdEvent
1220.aa8: root name: type=Directory name=UMDFCommunicationPorts
1220.aa8: root name: type=Directory name=KnownDlls
1220.aa8: root name: type=ALPC Port name=PowerMonitorPort
1220.aa8: root name: type=Device name=Ntfs
1220.aa8: root name: type=Directory name=FileSystem
1220.aa8: root name: type=Directory name=KernelObjects
1220.aa8: root name: type=Event name=DSYSDBG.Debug.Trace.Memory.2d8
1220.aa8: root name: type=FilterConnectionPort name=MicrosoftMalwareProtectionControlPortWD
1220.aa8: root name: type=ALPC Port name=SeLsaCommandPort
1220.aa8: root name: type=Directory name=Callback
1220.aa8: root name: type=FilterConnectionPort name=MicrosoftDataLossPreventionAsyncPort
1220.aa8: root name: type=FilterConnectionPort name=BindFltPort
1220.aa8: root name: type=Directory name=Security
1220.aa8: root name: type=FilterConnectionPort name=MicrosoftMalwareProtectionAsyncPortWD
1220.aa8: root name: type=Directory name=Device
1220.aa8: root name: type=SymbolicLink name=DriverData
1220.aa8: root name: type=Section name=LsaPerformance
1220.aa8: root name: type=ALPC Port name=SmApiPort
1220.aa8: root name: type=FilterConnectionPort name=CLDMSGPORT
1220.aa8: root name: type=FilterConnectionPort name=MicrosoftMalwareProtectionPortWD
1220.aa8: root name: type=SymbolicLink name=OSDataRoot
1220.aa8: root name: type=Event name=SAM_SERVICE_STARTED
1220.aa8: root name: type=Directory name=Driver
1220.aa8: root name: type=Directory name=DriverStores
1220.aa8: NtOpenDirectoryObject failed on '\Driver': 0xc0000022
1220.aa8: supR3HardenedWinFindAdversaries: 0x0
1220.aa8: supR3HardenedWinInitAppBin(0x0): '\Device\HarddiskVolume2\Program Files\Oracle\VirtualBox'
1220.aa8: Calling main()
1220.aa8: SUPR3HardenedMain: pszProgName=VirtualBoxVM fFlags=0x2
1220.aa8: supR3HardenedWinInitAppBin(0x2): '\Device\HarddiskVolume2\Program Files\Oracle\VirtualBox'
1220.aa8: '\Device\HarddiskVolume2\Program Files\Oracle\VirtualBox\VirtualBoxVM.exe' has no imports
1220.aa8: supHardenedWinVerifyImageByHandle: -> 0 (\Device\HarddiskVolume2\Program Files\Oracle\VirtualBox\VirtualBoxVM.exe)
1220.aa8: SUPR3HardenedMain: Final process, opening VBoxDrv...
1220.aa8: supR3HardenedEarlyCompact: Removed heap 1 (0x0002d667160000 LB 0x400000)
1220.aa8: supR3HardNtEnableThreadCreationEx:
1220.aa8: supHardenedWinVerifyImageByHandle: -> 0 (\Device\HarddiskVolume2\Program Files\Oracle\VirtualBox\VBoxSupLib.dll)
1220.aa8: supR3HardenedWinVerifyCacheInsert: \Device\HarddiskVolume2\Program Files\Oracle\VirtualBox\VBoxSupLib.dll
1220.aa8: supR3HardenedMonitor_LdrLoadDll: pName=C:\Program Files\Oracle\VirtualBox\VBoxSupLib.DLL (rcNtResolve=0xc0150008) *pfFlags=0x0 pwszSearchPath=0000000000000801:<flags> [calling]
1220.aa8: supR3HardenedScreenImage/NtCreateSection: cache hit (VINF_SUCCESS) on \Device\HarddiskVolume2\Program Files\Oracle\VirtualBox\VBoxSupLib.dll [lacks WinVerifyTrust]
1220.aa8: supR3HardenedDllNotificationCallback: load   00007ffd5ac40000 LB 0x00005000 C:\Program Files\Oracle\VirtualBox\VBoxSupLib.DLL [fFlags=0x0]
1220.aa8: supR3HardenedScreenImage/LdrLoadDll: cache hit (VINF_SUCCESS) on \Device\HarddiskVolume2\Program Files\Oracle\VirtualBox\VBoxSupLib.dll [lacks WinVerifyTrust]
1220.aa8: supR3HardenedScreenImage/LdrLoadDll: cache hit (VINF_SUCCESS) on \Device\HarddiskVolume2\Program Files\Oracle\VirtualBox\VBoxSupLib.dll [lacks WinVerifyTrust]
1220.aa8: supR3HardenedMonitor_LdrLoadDll: pName=C:\Program Files\Oracle\VirtualBox\VBoxSupLib.DLL (rcNtResolve=0xc0150008) *pfFlags=0x0 pwszSearchPath=0000000000000001:<flags> [calling]
1220.aa8: supR3HardenedMonitor_LdrLoadDll: returns rcNt=0x0 hMod=00007ffd5ac40000 'C:\Program Files\Oracle\VirtualBox\VBoxSupLib.DLL'
1220.aa8: supR3HardenedScreenImage/LdrLoadDll: cache hit (VINF_SUCCESS) on \Device\HarddiskVolume2\Program Files\Oracle\VirtualBox\VBoxSupLib.dll [lacks WinVerifyTrust]
1220.aa8: supR3HardenedMonitor_LdrLoadDll: pName=C:\Program Files\Oracle\VirtualBox\VBoxSupLib.DLL (rcNtResolve=0xc0150008) *pfFlags=0x0 pwszSearchPath=0000000000000001:<flags> [calling]
1220.aa8: supR3HardenedMonitor_LdrLoadDll: returns rcNt=0x0 hMod=00007ffd5ac40000 'C:\Program Files\Oracle\VirtualBox\VBoxSupLib.DLL'
1220.aa8: supR3HardenedMonitor_LdrLoadDll: returns rcNt=0x0 hMod=00007ffd5ac40000 'C:\Program Files\Oracle\VirtualBox\VBoxSupLib.DLL'
1220.aa8: supR3HardenedWinVerifyCacheScheduleImports: Import todo: #0 'msvcrt.dll'.
1220.aa8: supR3HardenedWinVerifyCacheScheduleImports: Import todo: #29 'rpcrt4.dll'.
1220.aa8: supHardenedWinVerifyImageByHandle: -> 0 (\Device\HarddiskVolume2\Windows\System32\wintrust.dll)
1220.aa8: supR3HardenedWinVerifyCacheInsert: \Device\HarddiskVolume2\Windows\System32\wintrust.dll
1220.aa8: supR3HardenedWinVerifyCacheProcessImportTodos: Processing 'rpcrt4.dll'...
1220.aa8: supR3HardenedWinVerifyCacheProcessImportTodos: 'rpcrt4.dll' -> '\Device\HarddiskVolume2\Windows\System32\rpcrt4.dll' [rcNtRedir=0xc0150008]
1220.aa8: supHardenedWinVerifyImageByHandle: -> 0 (\Device\HarddiskVolume2\Windows\System32\rpcrt4.dll)
1220.aa8: supR3HardenedWinVerifyCacheInsert: \Device\HarddiskVolume2\Windows\System32\rpcrt4.dll
1220.aa8: supR3HardenedWinVerifyCacheProcessImportTodos: Processing 'msvcrt.dll'...
1220.aa8: supR3HardenedWinVerifyCacheProcessImportTodos: 'msvcrt.dll' -> '\Device\HarddiskVolume2\Windows\System32\msvcrt.dll' [rcNtRedir=0xc0150008]
1220.aa8: supHardenedWinVerifyImageByHandle: -> 0 (\Device\HarddiskVolume2\Windows\System32\msvcrt.dll)
1220.aa8: supR3HardenedWinVerifyCacheInsert: \Device\HarddiskVolume2\Windows\System32\msvcrt.dll
1220.aa8: supR3HardenedMonitor_LdrLoadDll: pName=C:\Windows\system32\Wintrust.dll (rcNtResolve=0xc0150008) *pfFlags=0x0 pwszSearchPath=0000000000000801:<flags> [calling]
1220.aa8: supR3HardenedDllNotificationCallback: load   00007ffd61e10000 LB 0x0009e000 C:\Windows\System32\msvcrt.dll [fFlags=0x0]
1220.aa8: supR3HardenedScreenImage/LdrLoadDll: cache hit (VINF_SUCCESS) on \Device\HarddiskVolume2\Windows\System32\msvcrt.dll [lacks WinVerifyTrust]
1220.aa8: supR3HardenedDllNotificationCallback: load   00007ffd62210000 LB 0x00120000 C:\Windows\System32\RPCRT4.dll [fFlags=0x0]
1220.aa8: supR3HardenedScreenImage/LdrLoadDll: cache hit (VINF_SUCCESS) on \Device\HarddiskVolume2\Windows\System32\rpcrt4.dll [lacks WinVerifyTrust]
1220.aa8: supR3HardenedDllNotificationCallback: load   00007ffd61650000 LB 0x00073000 C:\Windows\System32\Wintrust.dll [fFlags=0x0]
1220.aa8: supR3HardenedScreenImage/LdrLoadDll: cache hit (VINF_SUCCESS) on \Device\HarddiskVolume2\Windows\System32\wintrust.dll [lacks WinVerifyTrust]
1220.aa8: supR3HardenedDllNotificationCallback: load   00007ffd61250000 LB 0x00100000 C:\Windows\System32\ucrtbase.dll [fFlags=0x0]
1220.aa8: supHardenedWinVerifyImageByHandle: -> 0 (\Device\HarddiskVolume2\Windows\System32\ucrtbase.dll)
1220.aa8: supR3HardenedWinVerifyCacheInsert: \Device\HarddiskVolume2\Windows\System32\ucrtbase.dll
1220.aa8: supR3HardenedDllNotificationCallback: load   00007ffd60e40000 LB 0x0015d000 C:\Windows\System32\CRYPT32.dll [fFlags=0x0]
1220.aa8: supHardenedWinVerifyImageByHandle: -> 0 (\Device\HarddiskVolume2\Windows\System32\crypt32.dll)
1220.aa8: supR3HardenedWinVerifyCacheInsert: \Device\HarddiskVolume2\Windows\System32\crypt32.dll
1220.aa8: supR3HardenedIsApiSetDll: ApiSetQueryApiSetPresence(api-ms-win-core-synch-l1-2-0) -> 0x0, fPresent=1
1220.aa8: supR3HardenedMonitor_LdrLoadDll: pName=api-ms-win-core-synch-l1-2-0 (rcNtResolve=0x0) *pfFlags=0x0 pwszSearchPath=0000000000000801:<flags> [calling]
1220.aa8: supR3HardenedMonitor_LdrLoadDll: returns rcNt=0x0 hMod=00007ffd61350000 'api-ms-win-core-synch-l1-2-0'
1220.aa8: supR3HardenedIsApiSetDll: ApiSetQueryApiSetPresence(api-ms-win-core-fibers-l1-1-1) -> 0x0, fPresent=1
1220.aa8: supR3HardenedMonitor_LdrLoadDll: pName=api-ms-win-core-fibers-l1-1-1 (rcNtResolve=0x0) *pfFlags=0x0 pwszSearchPath=0000000000000801:<flags> [calling]
1220.aa8: supR3HardenedMonitor_LdrLoadDll: returns rcNt=0x0 hMod=00007ffd61350000 'api-ms-win-core-fibers-l1-1-1'
1220.aa8: supR3HardenedIsApiSetDll: ApiSetQueryApiSetPresence(api-ms-win-core-fibers-l1-1-1) -> 0x0, fPresent=1
1220.aa8: supR3HardenedMonitor_LdrLoadDll: pName=api-ms-win-core-fibers-l1-1-1 (rcNtResolve=0x0) *pfFlags=0x0 pwszSearchPath=0000000000000801:<flags> [calling]
1220.aa8: supR3HardenedMonitor_LdrLoadDll: returns rcNt=0x0 hMod=00007ffd61350000 'api-ms-win-core-fibers-l1-1-1'
1220.aa8: supR3HardenedIsApiSetDll: ApiSetQueryApiSetPresence(api-ms-win-core-synch-l1-2-0) -> 0x0, fPresent=1
1220.aa8: supR3HardenedMonitor_LdrLoadDll: pName=api-ms-win-core-synch-l1-2-0 (rcNtResolve=0x0) *pfFlags=0x0 pwszSearchPath=0000000000000801:<flags> [calling]
1220.aa8: supR3HardenedMonitor_LdrLoadDll: returns rcNt=0x0 hMod=00007ffd61350000 'api-ms-win-core-synch-l1-2-0'
1220.aa8: supHardenedWinVerifyImageByHandle: -> 0 (\Device\HarddiskVolume2\Windows\System32\msasn1.dll)
1220.aa8: supR3HardenedWinVerifyCacheInsert: \Device\HarddiskVolume2\Windows\System32\msasn1.dll
1220.aa8: supR3HardenedDllNotificationCallback: load   00007ffd60820000 LB 0x00012000 C:\Windows\SYSTEM32\MSASN1.dll [fFlags=0x0]
1220.aa8: supR3HardenedScreenImage/LdrLoadDll: cache hit (VINF_SUCCESS) on \Device\HarddiskVolume2\Windows\System32\msasn1.dll [lacks WinVerifyTrust]
1220.aa8: supR3HardenedMonitor_LdrLoadDll: returns rcNt=0x0 hMod=00007ffd61650000 'C:\Windows\system32\Wintrust.dll'
1220.aa8: supHardenedWinVerifyImageByHandle: -> 0 (\Device\HarddiskVolume2\Windows\System32\bcrypt.dll)
1220.aa8: supR3HardenedWinVerifyCacheInsert: \Device\HarddiskVolume2\Windows\System32\bcrypt.dll
1220.aa8: supR3HardenedMonitor_LdrLoadDll: pName=C:\Windows\system32\bcrypt.dll (rcNtResolve=0xc0150008) *pfFlags=0x0 pwszSearchPath=0000000000000801:<flags> [calling]
1220.aa8: supR3HardenedDllNotificationCallback: load   00007ffd60d40000 LB 0x00027000 C:\Windows\System32\bcrypt.dll [fFlags=0x0]
1220.aa8: supR3HardenedScreenImage/LdrLoadDll: cache hit (VINF_SUCCESS) on \Device\HarddiskVolume2\Windows\System32\bcrypt.dll [lacks WinVerifyTrust]
1220.aa8: supR3HardenedMonitor_LdrLoadDll: returns rcNt=0x0 hMod=00007ffd60d40000 'C:\Windows\system32\bcrypt.dll'
1220.aa8: bcrypt.dll loaded at 00007ffd60d40000, BCryptOpenAlgorithmProvider at 00007ffd60d45a60, preloading providers:
1220.aa8: supHardenedWinVerifyImageByHandle: -> 0 (\Device\HarddiskVolume2\Windows\System32\bcryptprimitives.dll)
1220.aa8: supR3HardenedWinVerifyCacheInsert: \Device\HarddiskVolume2\Windows\System32\bcryptprimitives.dll
1220.aa8: supR3HardenedMonitor_LdrLoadDll: pName=C:\Windows\system32\bcryptprimitives.dll (rcNtResolve=0xc0150008) *pfFlags=0x0 pwszSearchPath=0000000000000001:<flags> [calling]
1220.aa8: supR3HardenedDllNotificationCallback: load   00007ffd610c0000 LB 0x00082000 C:\Windows\System32\bcryptprimitives.dll [fFlags=0x0]
1220.aa8: supR3HardenedScreenImage/LdrLoadDll: cache hit (VINF_SUCCESS) on \Device\HarddiskVolume2\Windows\System32\bcryptprimitives.dll [lacks WinVerifyTrust]
1220.aa8: supR3HardenedMonitor_LdrLoadDll: returns rcNt=0x0 hMod=00007ffd610c0000 'C:\Windows\system32\bcryptprimitives.dll'
1220.aa8:     BCryptOpenAlgorithmProvider(,'MD2',0,0) -> 0x0 (hAlgo=000002d66760d070)
1220.aa8:     BCryptOpenAlgorithmProvider(,'MD4',0,0) -> 0x0 (hAlgo=000002d66760d600)
1220.aa8:     BCryptOpenAlgorithmProvider(,'MD5',0,0) -> 0x0 (hAlgo=000002d66760d930)
1220.aa8:     BCryptOpenAlgorithmProvider(,'SHA1',0,0) -> 0x0 (hAlgo=000002d66760dc60)
1220.aa8:     BCryptOpenAlgorithmProvider(,'SHA256',0,0) -> 0x0 (hAlgo=000002d66760df90)
1220.aa8:     BCryptOpenAlgorithmProvider(,'SHA512',0,0) -> 0x0 (hAlgo=000002d66760e2c0)
1220.aa8:     BCryptOpenAlgorithmProvider(,'RSA',0,0) -> 0x0 (hAlgo=000002d66760e5f0)
1220.aa8:     BCryptOpenAlgorithmProvider(,'DSA',0,0) -> 0x0 (hAlgo=000002d66760e920)
1220.aa8: supHardenedWinVerifyImageByHandle: -> 0 (\Device\HarddiskVolume2\Windows\System32\cryptsp.dll)
1220.aa8: supR3HardenedWinVerifyCacheInsert: \Device\HarddiskVolume2\Windows\System32\cryptsp.dll
1220.aa8: supR3HardenedDllNotificationCallback: load   00007ffd605f0000 LB 0x00018000 C:\Windows\SYSTEM32\CRYPTSP.dll [fFlags=0x0]
1220.aa8: supR3HardenedScreenImage/LdrLoadDll: cache hit (VINF_SUCCESS) on \Device\HarddiskVolume2\Windows\System32\cryptsp.dll [lacks WinVerifyTrust]
1220.aa8: supR3HardenedWinVerifyCacheScheduleImports: Import todo: #18 'bcrypt.dll'.
1220.aa8: supHardenedWinVerifyImageByHandle: -> 0 (\Device\HarddiskVolume2\Windows\System32\rsaenh.dll)
1220.aa8: supR3HardenedWinVerifyCacheInsert: \Device\HarddiskVolume2\Windows\System32\rsaenh.dll
1220.aa8: supR3HardenedWinVerifyCacheProcessImportTodos: Processing 'bcrypt.dll'...
1220.aa8: supR3HardenedWinVerifyCacheProcessImportTodos: 'bcrypt.dll' -> '\Device\HarddiskVolume2\Windows\System32\bcrypt.dll' [rcNtRedir=0xc0150008]
1220.aa8: supR3HardenedScreenImage/Imports: cache hit (VINF_SUCCESS) on \Device\HarddiskVolume2\Windows\System32\bcrypt.dll [lacks WinVerifyTrust]
1220.aa8: supR3HardenedMonitor_LdrLoadDll: pName=C:\Windows\system32\rsaenh.dll (rcNtResolve=0xc0150008) *pfFlags=0x0 pwszSearchPath=0000000000000001:<flags> [calling]
1220.aa8: supR3HardenedScreenImage/NtCreateSection: cache hit (VINF_SUCCESS) on \Device\HarddiskVolume2\Windows\System32\rsaenh.dll [lacks WinVerifyTrust]
1220.aa8: supR3HardenedDllNotificationCallback: load   00007ffd5fd10000 LB 0x00038000 C:\Windows\system32\rsaenh.dll [fFlags=0x0]
1220.aa8: supR3HardenedScreenImage/LdrLoadDll: cache hit (VINF_SUCCESS) on \Device\HarddiskVolume2\Windows\System32\rsaenh.dll [lacks WinVerifyTrust]
1220.aa8: supR3HardenedMonitor_LdrLoadDll: returns rcNt=0x0 hMod=00007ffd5fd10000 'C:\Windows\system32\rsaenh.dll'
1220.aa8: supHardenedWinVerifyImageByHandle: -> 0 (\Device\HarddiskVolume2\Windows\System32\cryptbase.dll)
1220.aa8: supR3HardenedWinVerifyCacheInsert: \Device\HarddiskVolume2\Windows\System32\cryptbase.dll
1220.aa8: supR3HardenedDllNotificationCallback: load   00007ffd605e0000 LB 0x0000c000 C:\Windows\SYSTEM32\CRYPTBASE.dll [fFlags=0x0]
1220.aa8: supR3HardenedScreenImage/LdrLoadDll: cache hit (VINF_SUCCESS) on \Device\HarddiskVolume2\Windows\System32\cryptbase.dll [lacks WinVerifyTrust]
1220.aa8: supR3HardenedScreenImage/LdrLoadDll: cache hit (VINF_SUCCESS) on \Device\HarddiskVolume2\Windows\System32\kernel32.dll [lacks WinVerifyTrust]
1220.aa8: supR3HardenedMonitor_LdrLoadDll: pName=C:\Windows\System32\kernel32.dll (Input=kernel32.dll, rcNtResolve=0xc0150008) *pfFlags=0x0 pwszSearchPath=0000000000000001:<flags> [calling]
1220.aa8: supR3HardenedMonitor_LdrLoadDll: returns rcNt=0x0 hMod=00007ffd61a60000 'C:\Windows\System32\kernel32.dll'
1220.aa8: supR3HardenedScreenImage/LdrLoadDll: cache hit (VINF_SUCCESS) on \Device\HarddiskVolume2\Windows\System32\wintrust.dll [lacks WinVerifyTrust]
1220.aa8: supR3HardenedMonitor_LdrLoadDll: pName=C:\Windows\System32\WINTRUST.DLL (Input=WINTRUST.DLL, rcNtResolve=0xc0150008) *pfFlags=0x0 pwszSearchPath=0000000000000001:<flags> [calling]
1220.aa8: supR3HardenedMonitor_LdrLoadDll: returns rcNt=0x0 hMod=00007ffd61650000 'C:\Windows\System32\WINTRUST.DLL'
1220.aa8: supR3HardenedScreenImage/LdrLoadDll: cache hit (VINF_SUCCESS) on \Device\HarddiskVolume2\Windows\System32\crypt32.dll [lacks WinVerifyTrust]
1220.aa8: supR3HardenedMonitor_LdrLoadDll: pName=C:\Windows\System32\CRYPT32.dll (rcNtResolve=0xc0150008) *pfFlags=0x2 pwszSearchPath=0000000000000001:<flags> [calling]
1220.aa8: supR3HardenedMonitor_LdrLoadDll: returns rcNt=0x0 hMod=00007ffd60e40000 'C:\Windows\System32\CRYPT32.dll'
1220.aa8: supR3HardenedDllNotificationCallback: load   00007ffd61b30000 LB 0x0001d000 C:\Windows\System32\imagehlp.dll [fFlags=0x0]
1220.aa8: supHardenedWinVerifyImageByHandle: -> 0 (\Device\HarddiskVolume2\Windows\System32\imagehlp.dll)
1220.aa8: supR3HardenedWinVerifyCacheInsert: \Device\HarddiskVolume2\Windows\System32\imagehlp.dll
1220.aa8: supR3HardenedScreenImage/LdrLoadDll: cache hit (VINF_SUCCESS) on \Device\HarddiskVolume2\Windows\System32\rsaenh.dll [lacks WinVerifyTrust]
1220.aa8: supR3HardenedMonitor_LdrLoadDll: pName=C:\Windows\system32\rsaenh.dll (rcNtResolve=0xc0150008) *pfFlags=0x0 pwszSearchPath=0000000000000001:<flags> [calling]
1220.aa8: supR3HardenedMonitor_LdrLoadDll: returns rcNt=0x0 hMod=00007ffd5fd10000 'C:\Windows\system32\rsaenh.dll'
1220.aa8: supR3HardenedScreenImage/LdrLoadDll: cache hit (VINF_SUCCESS) on \Device\HarddiskVolume2\Windows\System32\crypt32.dll [lacks WinVerifyTrust]
1220.aa8: supR3HardenedMonitor_LdrLoadDll: pName=C:\Windows\System32\crypt32.dll (Input=crypt32.dll, rcNtResolve=0xc0150008) *pfFlags=0x0 pwszSearchPath=0000000000000001:<flags> [calling]
1220.aa8: supR3HardenedMonitor_LdrLoadDll: returns rcNt=0x0 hMod=00007ffd60e40000 'C:\Windows\System32\crypt32.dll'
1220.aa8: supR3HardenedDllNotificationCallback: load   00007ffd61bd0000 LB 0x0009f000 C:\Windows\System32\sechost.dll [fFlags=0x0]
1220.aa8: supR3HardenedWinVerifyCacheScheduleImports: Import todo: #11 'rpcrt4.dll'.
1220.aa8: supR3HardenedWinVerifyCacheScheduleImports: Import todo: #24 'bcrypt.dll'.
1220.aa8: supHardenedWinVerifyImageByHandle: -> 0 (\Device\HarddiskVolume2\Windows\System32\sechost.dll)
1220.aa8: supR3HardenedWinVerifyCacheInsert: \Device\HarddiskVolume2\Windows\System32\sechost.dll
1220.aa8: supR3HardenedWinVerifyCacheScheduleImports: Import todo: #0 'msvcrt.dll'.
1220.aa8: supR3HardenedWinVerifyCacheScheduleImports: Import todo: #10 'rpcrt4.dll'.
1220.aa8: supHardenedWinVerifyImageByHandle: -> 0 (\Device\HarddiskVolume2\Windows\System32\gpapi.dll)
1220.aa8: supR3HardenedWinVerifyCacheInsert: \Device\HarddiskVolume2\Windows\System32\gpapi.dll
1220.aa8: supR3HardenedDllNotificationCallback: load   00007ffd5f590000 LB 0x00023000 C:\Windows\SYSTEM32\gpapi.dll [fFlags=0x0]
1220.aa8: supR3HardenedScreenImage/LdrLoadDll: cache hit (VINF_SUCCESS) on \Device\HarddiskVolume2\Windows\System32\gpapi.dll [lacks WinVerifyTrust]
1220.aa8: supR3HardenedWinVerifyCacheScheduleImports: Import todo: #0 'msvcrt.dll'.
1220.aa8: supR3HardenedWinVerifyCacheScheduleImports: Import todo: #8 'crypt32.dll'.
1220.aa8: supHardenedWinVerifyImageByHandle: -> 0 (\Device\HarddiskVolume2\Windows\System32\cryptnet.dll)
1220.aa8: supR3HardenedWinVerifyCacheInsert: \Device\HarddiskVolume2\Windows\System32\cryptnet.dll
1220.aa8: supR3HardenedWinVerifyCacheProcessImportTodos: Processing 'crypt32.dll'...
1220.aa8: supR3HardenedWinVerifyCacheProcessImportTodos: 'crypt32.dll' -> '\Device\HarddiskVolume2\Windows\System32\crypt32.dll' [rcNtRedir=0xc0150008]
1220.aa8: supR3HardenedScreenImage/Imports: cache hit (VINF_SUCCESS) on \Device\HarddiskVolume2\Windows\System32\crypt32.dll [lacks WinVerifyTrust]
1220.aa8: supR3HardenedWinVerifyCacheProcessImportTodos: Processing 'msvcrt.dll'...
1220.aa8: supR3HardenedWinVerifyCacheProcessImportTodos: 'msvcrt.dll' -> '\Device\HarddiskVolume2\Windows\System32\msvcrt.dll' [rcNtRedir=0xc0150008]
1220.aa8: supR3HardenedScreenImage/Imports: cache hit (VINF_SUCCESS) on \Device\HarddiskVolume2\Windows\System32\msvcrt.dll [lacks WinVerifyTrust]
1220.aa8: supR3HardenedWinVerifyCacheProcessImportTodos: Processing 'rpcrt4.dll'...
1220.aa8: supR3HardenedWinVerifyCacheProcessImportTodos: 'rpcrt4.dll' -> '\Device\HarddiskVolume2\Windows\System32\rpcrt4.dll' [rcNtRedir=0xc0150008]
1220.aa8: supR3HardenedScreenImage/Imports: cache hit (VINF_SUCCESS) on \Device\HarddiskVolume2\Windows\System32\rpcrt4.dll [lacks WinVerifyTrust]
1220.aa8: supR3HardenedWinVerifyCacheProcessImportTodos: Processing 'msvcrt.dll'...
1220.aa8: supR3HardenedWinVerifyCacheProcessImportTodos: 'msvcrt.dll' -> '\Device\HarddiskVolume2\Windows\System32\msvcrt.dll' [rcNtRedir=0xc0150008]
1220.aa8: supR3HardenedScreenImage/Imports: cache hit (VINF_SUCCESS) on \Device\HarddiskVolume2\Windows\System32\msvcrt.dll [lacks WinVerifyTrust]
1220.aa8: supR3HardenedWinVerifyCacheProcessImportTodos: Processing 'bcrypt.dll'...
1220.aa8: supR3HardenedWinVerifyCacheProcessImportTodos: 'bcrypt.dll' -> '\Device\HarddiskVolume2\Windows\System32\bcrypt.dll' [rcNtRedir=0xc0150008]
1220.aa8: supR3HardenedScreenImage/Imports: cache hit (VINF_SUCCESS) on \Device\HarddiskVolume2\Windows\System32\bcrypt.dll [lacks WinVerifyTrust]
1220.aa8: supR3HardenedWinVerifyCacheProcessImportTodos: Processing 'rpcrt4.dll'...
1220.aa8: supR3HardenedWinVerifyCacheProcessImportTodos: 'rpcrt4.dll' -> '\Device\HarddiskVolume2\Windows\System32\rpcrt4.dll' [rcNtRedir=0xc0150008]
1220.aa8: supR3HardenedScreenImage/Imports: cache hit (VINF_SUCCESS) on \Device\HarddiskVolume2\Windows\System32\rpcrt4.dll [lacks WinVerifyTrust]
1220.aa8: supR3HardenedMonitor_LdrLoadDll: pName=C:\Windows\System32\cryptnet.dll (rcNtResolve=0xc0150008) *pfFlags=0x0 pwszSearchPath=0000000000000001:<flags> [calling]
1220.aa8: supR3HardenedScreenImage/NtCreateSection: cache hit (VINF_SUCCESS) on \Device\HarddiskVolume2\Windows\System32\cryptnet.dll [lacks WinVerifyTrust]
1220.aa8: supR3HardenedDllNotificationCallback: load   00007ffd435d0000 LB 0x00031000 C:\Windows\System32\cryptnet.dll [fFlags=0x0]
1220.aa8: supR3HardenedScreenImage/LdrLoadDll: cache hit (VINF_SUCCESS) on \Device\HarddiskVolume2\Windows\System32\cryptnet.dll [lacks WinVerifyTrust]
1220.aa8: supR3HardenedScreenImage/LdrLoadDll: cache hit (VINF_SUCCESS) on \Device\HarddiskVolume2\Windows\System32\cryptnet.dll [lacks WinVerifyTrust]
1220.aa8: supR3HardenedMonitor_LdrLoadDll: pName=C:\Windows\System32\cryptnet.dll (rcNtResolve=0xc0150008) *pfFlags=0x2 pwszSearchPath=0000000000000001:<flags> [calling]
1220.aa8: supR3HardenedMonitor_LdrLoadDll: returns rcNt=0x0 hMod=00007ffd435d0000 'C:\Windows\System32\cryptnet.dll'
1220.aa8: supR3HardenedScreenImage/LdrLoadDll: cache hit (VINF_SUCCESS) on \Device\HarddiskVolume2\Windows\System32\cryptnet.dll [lacks WinVerifyTrust]
1220.aa8: supR3HardenedMonitor_LdrLoadDll: pName=C:\Windows\System32\cryptnet.dll (rcNtResolve=0xc0150008) *pfFlags=0x2 pwszSearchPath=0000000000000001:<flags> [calling]
1220.aa8: supR3HardenedMonitor_LdrLoadDll: returns rcNt=0x0 hMod=00007ffd435d0000 'C:\Windows\System32\cryptnet.dll'
1220.aa8: supR3HardenedScreenImage/LdrLoadDll: cache hit (VINF_SUCCESS) on \Device\HarddiskVolume2\Windows\System32\cryptnet.dll [lacks WinVerifyTrust]
1220.aa8: supR3HardenedMonitor_LdrLoadDll: pName=C:\Windows\System32\cryptnet.dll (rcNtResolve=0xc0150008) *pfFlags=0x2 pwszSearchPath=0000000000000001:<flags> [calling]
1220.aa8: supR3HardenedMonitor_LdrLoadDll: returns rcNt=0x0 hMod=00007ffd435d0000 'C:\Windows\System32\cryptnet.dll'
1220.aa8: supR3HardenedScreenImage/LdrLoadDll: cache hit (VINF_SUCCESS) on \Device\HarddiskVolume2\Windows\System32\cryptnet.dll [lacks WinVerifyTrust]
1220.aa8: supR3HardenedMonitor_LdrLoadDll: pName=C:\Windows\System32\cryptnet.dll (rcNtResolve=0xc0150008) *pfFlags=0x2 pwszSearchPath=0000000000000001:<flags> [calling]
1220.aa8: supR3HardenedMonitor_LdrLoadDll: returns rcNt=0x0 hMod=00007ffd435d0000 'C:\Windows\System32\cryptnet.dll'
1220.aa8: supR3HardenedScreenImage/LdrLoadDll: cache hit (VINF_SUCCESS) on \Device\HarddiskVolume2\Windows\System32\cryptnet.dll [lacks WinVerifyTrust]
1220.aa8: supR3HardenedMonitor_LdrLoadDll: pName=C:\Windows\System32\cryptnet.dll (rcNtResolve=0xc0150008) *pfFlags=0x2 pwszSearchPath=0000000000000001:<flags> [calling]
1220.aa8: supR3HardenedMonitor_LdrLoadDll: returns rcNt=0x0 hMod=00007ffd435d0000 'C:\Windows\System32\cryptnet.dll'
1220.aa8: supR3HardenedScreenImage/LdrLoadDll: cache hit (VINF_SUCCESS) on \Device\HarddiskVolume2\Windows\System32\cryptnet.dll [lacks WinVerifyTrust]
1220.aa8: supR3HardenedMonitor_LdrLoadDll: pName=C:\Windows\System32\cryptnet.dll (rcNtResolve=0xc0150008) *pfFlags=0x2 pwszSearchPath=0000000000000001:<flags> [calling]
1220.aa8: supR3HardenedMonitor_LdrLoadDll: returns rcNt=0x0 hMod=00007ffd435d0000 'C:\Windows\System32\cryptnet.dll'
1220.aa8: supR3HardenedScreenImage/LdrLoadDll: cache hit (VINF_SUCCESS) on \Device\HarddiskVolume2\Windows\System32\cryptnet.dll [lacks WinVerifyTrust]
1220.aa8: supR3HardenedMonitor_LdrLoadDll: returns rcNt=0x0 hMod=00007ffd435d0000 'C:\Windows\System32\cryptnet.dll'
1220.aa8: supR3HardenedScreenImage/LdrLoadDll: cache hit (VINF_SUCCESS) on \Device\HarddiskVolume2\Windows\System32\cryptnet.dll [lacks WinVerifyTrust]
1220.aa8: supR3HardenedMonitor_LdrLoadDll: returns rcNt=0x0 hMod=00007ffd435d0000 'C:\Windows\System32\cryptnet.dll'
1220.aa8: supR3HardenedScreenImage/LdrLoadDll: cache hit (VINF_SUCCESS) on \Device\HarddiskVolume2\Windows\System32\cryptnet.dll [lacks WinVerifyTrust]
1220.aa8: supR3HardenedMonitor_LdrLoadDll: returns rcNt=0x0 hMod=00007ffd435d0000 'C:\Windows\System32\cryptnet.dll'
1220.aa8: supR3HardenedScreenImage/LdrLoadDll: cache hit (VINF_SUCCESS) on \Device\HarddiskVolume2\Windows\System32\cryptnet.dll [lacks WinVerifyTrust]
1220.aa8: supR3HardenedMonitor_LdrLoadDll: returns rcNt=0x0 hMod=00007ffd435d0000 'C:\Windows\System32\cryptnet.dll'
1220.aa8: supR3HardenedScreenImage/LdrLoadDll: cache hit (VINF_SUCCESS) on \Device\HarddiskVolume2\Windows\System32\cryptnet.dll [lacks WinVerifyTrust]
1220.aa8: supR3HardenedMonitor_LdrLoadDll: returns rcNt=0x0 hMod=00007ffd435d0000 'C:\Windows\System32\cryptnet.dll'
1220.aa8: supR3HardenedMonitor_LdrLoadDll: returns rcNt=0x0 hMod=00007ffd435d0000 'C:\Windows\System32\cryptnet.dll'
1220.aa8: supHardenedWinVerifyImageByHandle: -> 0 (\Device\HarddiskVolume2\Windows\System32\profapi.dll)
1220.aa8: supR3HardenedWinVerifyCacheInsert: \Device\HarddiskVolume2\Windows\System32\profapi.dll
1220.aa8: supR3HardenedDllNotificationCallback: load   00007ffd60c70000 LB 0x00024000 C:\Windows\SYSTEM32\profapi.dll [fFlags=0x0]
1220.aa8: supR3HardenedScreenImage/LdrLoadDll: cache hit (VINF_SUCCESS) on \Device\HarddiskVolume2\Windows\System32\profapi.dll [lacks WinVerifyTrust]
1220.aa8: supR3HardenedDllNotificationCallback: load   00007ffd63400000 LB 0x000b1000 C:\Windows\System32\advapi32.dll [fFlags=0x0]
1220.aa8: supR3HardenedWinVerifyCacheScheduleImports: Import todo: #0 'msvcrt.dll'.
1220.aa8: supR3HardenedWinVerifyCacheScheduleImports: Import todo: #6 'sechost.dll'.
1220.aa8: supR3HardenedWinVerifyCacheScheduleImports: Import todo: #27 'rpcrt4.dll'.
1220.aa8: supHardenedWinVerifyImageByHandle: -> 0 (\Device\HarddiskVolume2\Windows\System32\advapi32.dll)
1220.aa8: supR3HardenedWinVerifyCacheInsert: \Device\HarddiskVolume2\Windows\System32\advapi32.dll
1220.aa8: supR3HardenedScreenImage/LdrLoadDll: cache hit (VINF_SUCCESS) on \Device\HarddiskVolume2\Windows\System32\rsaenh.dll [lacks WinVerifyTrust]
1220.aa8: supR3HardenedWinVerifyCacheProcessImportTodos: Processing 'rpcrt4.dll'...
1220.aa8: supR3HardenedWinVerifyCacheProcessImportTodos: 'rpcrt4.dll' -> '\Device\HarddiskVolume2\Windows\System32\rpcrt4.dll' [rcNtRedir=0xc0150008]
1220.aa8: supR3HardenedScreenImage/Imports: cache hit (VINF_SUCCESS) on \Device\HarddiskVolume2\Windows\System32\rpcrt4.dll [lacks WinVerifyTrust]
1220.aa8: supR3HardenedWinVerifyCacheProcessImportTodos: Processing 'sechost.dll'...
1220.aa8: supR3HardenedWinVerifyCacheProcessImportTodos: 'sechost.dll' -> '\Device\HarddiskVolume2\Windows\System32\sechost.dll' [rcNtRedir=0xc0150008]
1220.aa8: supR3HardenedScreenImage/Imports: cache hit (VINF_SUCCESS) on \Device\HarddiskVolume2\Windows\System32\sechost.dll [lacks WinVerifyTrust]
1220.aa8: supR3HardenedWinVerifyCacheProcessImportTodos: Processing 'msvcrt.dll'...
1220.aa8: supR3HardenedWinVerifyCacheProcessImportTodos: 'msvcrt.dll' -> '\Device\HarddiskVolume2\Windows\System32\msvcrt.dll' [rcNtRedir=0xc0150008]
1220.aa8: supR3HardenedScreenImage/Imports: cache hit (VINF_SUCCESS) on \Device\HarddiskVolume2\Windows\System32\msvcrt.dll [lacks WinVerifyTrust]
1220.aa8: supR3HardenedMonitor_LdrLoadDll: pName=C:\Windows\system32\rsaenh.dll (rcNtResolve=0xc0150008) *pfFlags=0x0 pwszSearchPath=0000000000000001:<flags> [calling]
1220.aa8: supR3HardenedMonitor_LdrLoadDll: returns rcNt=0x0 hMod=00007ffd5fd10000 'C:\Windows\system32\rsaenh.dll'
1220.aa8: supR3HardenedScreenImage/LdrLoadDll: cache hit (VINF_SUCCESS) on \Device\HarddiskVolume2\Windows\System32\crypt32.dll [lacks WinVerifyTrust]
1220.aa8: supR3HardenedMonitor_LdrLoadDll: pName=C:\Windows\System32\crypt32.dll (Input=crypt32.dll, rcNtResolve=0xc0150008) *pfFlags=0x0 pwszSearchPath=0000000000000001:<flags> [calling]
1220.aa8: supR3HardenedMonitor_LdrLoadDll: returns rcNt=0x0 hMod=00007ffd60e40000 'C:\Windows\System32\crypt32.dll'
1220.aa8: supR3HardNtViCallWinVerifyTrustCatFile: hFile=0000000000000000 pwszName=\SystemRoot\System32\ntdll.dll
1220.aa8: supR3HardNtViCallWinVerifyTrustCatFile: New context 000002d66764e610
1220.aa8: supR3HardNtViCallWinVerifyTrustCatFile: hCatAdmin=000002d66764e610
1220.aa8: supR3HardNtViCallWinVerifyTrustCatFile: cbHash=20 wszDigest=0CF12AA3B29D7188F4DC9C1E151BA1AD50268E1A
1220.aa8: supR3HardenedScreenImage/LdrLoadDll: cache hit (VINF_SUCCESS) on \Device\HarddiskVolume2\Windows\System32\rpcrt4.dll [lacks WinVerifyTrust]
1220.aa8: supR3HardenedMonitor_LdrLoadDll: pName=C:\Windows\System32\rpcrt4.dll (Input=rpcrt4.dll, rcNtResolve=0xc0150008) *pfFlags=0x0 pwszSearchPath=0000000000000001:<flags> [calling]
1220.aa8: supR3HardenedMonitor_LdrLoadDll: returns rcNt=0x0 hMod=00007ffd62210000 'C:\Windows\System32\rpcrt4.dll'
1220.aa8: supR3HardenedScreenImage/LdrLoadDll: cache hit (VINF_SUCCESS) on \Device\HarddiskVolume2\Windows\System32\rsaenh.dll [lacks WinVerifyTrust]
1220.aa8: supR3HardenedMonitor_LdrLoadDll: pName=C:\Windows\system32\rsaenh.dll (rcNtResolve=0xc0150008) *pfFlags=0x0 pwszSearchPath=0000000000000001:<flags> [calling]
1220.aa8: supR3HardenedMonitor_LdrLoadDll: returns rcNt=0x0 hMod=00007ffd5fd10000 'C:\Windows\system32\rsaenh.dll'
1220.aa8: supR3HardenedScreenImage/LdrLoadDll: cache hit (VINF_SUCCESS) on \Device\HarddiskVolume2\Windows\System32\crypt32.dll [lacks WinVerifyTrust]
1220.aa8: supR3HardenedMonitor_LdrLoadDll: pName=C:\Windows\System32\crypt32.dll (Input=crypt32.dll, rcNtResolve=0xc0150008) *pfFlags=0x0 pwszSearchPath=0000000000000001:<flags> [calling]
1220.aa8: supR3HardenedMonitor_LdrLoadDll: returns rcNt=0x0 hMod=00007ffd60e40000 'C:\Windows\System32\crypt32.dll'
1220.aa8: supR3HardNtViCallWinVerifyTrustCatFile: WinVerifyTrust => 0x0; cat='C:\Windows\system32\CatRoot\{F750E6C3-38EE-11D1-85E5-00C04FC295EE}\Microsoft-Windows-Client-Desktop-Required-Package0516~31bf3856ad364e35~amd64~~10.0.19041.6456.cat'; file='\SystemRoot\System32\ntdll.dll'
1220.aa8: g_pfnWinVerifyTrust=00007ffd61653d10
1220.aa8: supR3HardenedScreenImage/preload: cache hit (VINF_SUCCESS) on \Device\HarddiskVolume2\Windows\System32\crypt32.dll [redoing WinVerifyTrust]
1220.aa8: supR3HardenedScreenImage/LdrLoadDll: cache hit (VINF_SUCCESS) on \Device\HarddiskVolume2\Windows\System32\rsaenh.dll [lacks WinVerifyTrust]
1220.aa8: supR3HardenedMonitor_LdrLoadDll: pName=C:\Windows\system32\rsaenh.dll (rcNtResolve=0xc0150008) *pfFlags=0x0 pwszSearchPath=0000000000000001:<flags> [calling]
1220.aa8: supR3HardenedMonitor_LdrLoadDll: returns rcNt=0x0 hMod=00007ffd5fd10000 'C:\Windows\system32\rsaenh.dll'
1220.aa8: supR3HardenedScreenImage/LdrLoadDll: cache hit (VINF_SUCCESS) on \Device\HarddiskVolume2\Windows\System32\crypt32.dll [lacks WinVerifyTrust]
1220.aa8: supR3HardenedMonitor_LdrLoadDll: pName=C:\Windows\System32\crypt32.dll (Input=crypt32.dll, rcNtResolve=0xc0150008) *pfFlags=0x0 pwszSearchPath=0000000000000001:<flags> [calling]
1220.aa8: supR3HardenedMonitor_LdrLoadDll: returns rcNt=0x0 hMod=00007ffd60e40000 'C:\Windows\System32\crypt32.dll'
1220.aa8: supR3HardenedScreenImage/preload: 0 (was 0) fWinVerifyTrust=1 for '\Device\HarddiskVolume2\Windows\System32\crypt32.dll'
1220.aa8: supR3HardenedScreenImage/preload: cache hit (VINF_SUCCESS) on \Device\HarddiskVolume2\Windows\System32\wintrust.dll [redoing WinVerifyTrust]
1220.aa8: supR3HardenedScreenImage/LdrLoadDll: cache hit (VINF_SUCCESS) on \Device\HarddiskVolume2\Windows\System32\rsaenh.dll [lacks WinVerifyTrust]
1220.aa8: supR3HardenedMonitor_LdrLoadDll: pName=C:\Windows\system32\rsaenh.dll (rcNtResolve=0xc0150008) *pfFlags=0x0 pwszSearchPath=0000000000000001:<flags> [calling]
1220.aa8: supR3HardenedMonitor_LdrLoadDll: returns rcNt=0x0 hMod=00007ffd5fd10000 'C:\Windows\system32\rsaenh.dll'
1220.aa8: supR3HardenedScreenImage/LdrLoadDll: cache hit (VINF_SUCCESS) on \Device\HarddiskVolume2\Windows\System32\crypt32.dll
1220.aa8: supR3HardenedMonitor_LdrLoadDll: pName=C:\Windows\System32\crypt32.dll (Input=crypt32.dll, rcNtResolve=0xc0150008) *pfFlags=0x0 pwszSearchPath=0000000000000001:<flags> [calling]
1220.aa8: supR3HardenedMonitor_LdrLoadDll: returns rcNt=0x0 hMod=00007ffd60e40000 'C:\Windows\System32\crypt32.dll'
1220.aa8: supR3HardenedScreenImage/preload: 0 (was 0) fWinVerifyTrust=1 for '\Device\HarddiskVolume2\Windows\System32\wintrust.dll'
1220.aa8: supR3HardenedScreenImage/LdrLoadDll: cache hit (VINF_SUCCESS) on \Device\HarddiskVolume2\Windows\System32\rsaenh.dll [lacks WinVerifyTrust]
1220.aa8: supR3HardenedMonitor_LdrLoadDll: pName=C:\Windows\system32\rsaenh.dll (rcNtResolve=0xc0150008) *pfFlags=0x0 pwszSearchPath=0000000000000001:<flags> [calling]
1220.aa8: supR3HardenedMonitor_LdrLoadDll: returns rcNt=0x0 hMod=00007ffd5fd10000 'C:\Windows\system32\rsaenh.dll'
1220.aa8: supR3HardenedMonitor_LdrLoadDll: returns rcNt=0x0 hMod=00007ffd60e40000 'C:\Windows\System32\crypt32.dll'
1220.aa8: supR3HardenedWinVerifyCacheProcessWvtTodos: 0 (was 0) fWinVerifyTrust=1 for '\Device\HarddiskVolume2\Windows\System32\advapi32.dll'
1220.aa8: supR3HardenedScreenImage/LdrLoadDll: cache hit (VINF_SUCCESS) on \Device\HarddiskVolume2\Windows\System32\rsaenh.dll [lacks WinVerifyTrust]
1220.aa8: supR3HardenedMonitor_LdrLoadDll: returns rcNt=0x0 hMod=00007ffd5fd10000 'C:\Windows\system32\rsaenh.dll'
1220.aa8: supR3HardenedMonitor_LdrLoadDll: returns rcNt=0x0 hMod=00007ffd60e40000 'C:\Windows\System32\crypt32.dll'
1220.aa8: supR3HardenedWinVerifyCacheProcessWvtTodos: 0 (was 0) fWinVerifyTrust=1 for '\Device\HarddiskVolume2\Windows\System32\profapi.dll'
1220.aa8: supR3HardenedScreenImage/LdrLoadDll: cache hit (VINF_SUCCESS) on \Device\HarddiskVolume2\Windows\System32\rsaenh.dll [lacks WinVerifyTrust]
1220.aa8: supR3HardenedMonitor_LdrLoadDll: returns rcNt=0x0 hMod=00007ffd5fd10000 'C:\Windows\system32\rsaenh.dll'
1220.aa8: supR3HardenedMonitor_LdrLoadDll: returns rcNt=0x0 hMod=00007ffd60e40000 'C:\Windows\System32\crypt32.dll'
1220.aa8: supR3HardenedWinVerifyCacheProcessWvtTodos: 0 (was 0) fWinVerifyTrust=1 for '\Device\HarddiskVolume2\Windows\System32\cryptnet.dll'
1220.aa8: supR3HardenedScreenImage/LdrLoadDll: cache hit (VINF_SUCCESS) on \Device\HarddiskVolume2\Windows\System32\rsaenh.dll [lacks WinVerifyTrust]
1220.aa8: supR3HardenedMonitor_LdrLoadDll: returns rcNt=0x0 hMod=00007ffd5fd10000 'C:\Windows\system32\rsaenh.dll'
1220.aa8: supR3HardenedMonitor_LdrLoadDll: returns rcNt=0x0 hMod=00007ffd60e40000 'C:\Windows\System32\crypt32.dll'
1220.aa8: supR3HardenedWinVerifyCacheProcessWvtTodos: 0 (was 0) fWinVerifyTrust=1 for '\Device\HarddiskVolume2\Windows\System32\gpapi.dll'
1220.aa8: supR3HardenedScreenImage/LdrLoadDll: cache hit (VINF_SUCCESS) on \Device\HarddiskVolume2\Windows\System32\rsaenh.dll [lacks WinVerifyTrust]
1220.aa8: supR3HardenedMonitor_LdrLoadDll: returns rcNt=0x0 hMod=00007ffd5fd10000 'C:\Windows\system32\rsaenh.dll'
1220.aa8: supR3HardenedMonitor_LdrLoadDll: returns rcNt=0x0 hMod=00007ffd60e40000 'C:\Windows\System32\crypt32.dll'
1220.aa8: supR3HardenedWinVerifyCacheProcessWvtTodos: 0 (was 0) fWinVerifyTrust=1 for '\Device\HarddiskVolume2\Windows\System32\sechost.dll'
1220.aa8: supR3HardenedScreenImage/LdrLoadDll: cache hit (VINF_SUCCESS) on \Device\HarddiskVolume2\Windows\System32\rsaenh.dll [lacks WinVerifyTrust]
1220.aa8: supR3HardenedMonitor_LdrLoadDll: returns rcNt=0x0 hMod=00007ffd5fd10000 'C:\Windows\system32\rsaenh.dll'
1220.aa8: supR3HardenedMonitor_LdrLoadDll: returns rcNt=0x0 hMod=00007ffd60e40000 'C:\Windows\System32\crypt32.dll'
1220.aa8: supR3HardenedWinVerifyCacheProcessWvtTodos: 0 (was 0) fWinVerifyTrust=1 for '\Device\HarddiskVolume2\Windows\System32\imagehlp.dll'
1220.aa8: supR3HardenedScreenImage/LdrLoadDll: cache hit (VINF_SUCCESS) on \Device\HarddiskVolume2\Windows\System32\rsaenh.dll [lacks WinVerifyTrust]
1220.aa8: supR3HardenedMonitor_LdrLoadDll: returns rcNt=0x0 hMod=00007ffd5fd10000 'C:\Windows\system32\rsaenh.dll'
1220.aa8: supR3HardenedMonitor_LdrLoadDll: returns rcNt=0x0 hMod=00007ffd60e40000 'C:\Windows\System32\crypt32.dll'
1220.aa8: supR3HardenedWinVerifyCacheProcessWvtTodos: 0 (was 0) fWinVerifyTrust=1 for '\Device\HarddiskVolume2\Windows\System32\cryptbase.dll'
1220.aa8: supR3HardenedScreenImage/LdrLoadDll: cache hit (VINF_SUCCESS) on \Device\HarddiskVolume2\Windows\System32\rsaenh.dll [lacks WinVerifyTrust]
1220.aa8: supR3HardenedMonitor_LdrLoadDll: returns rcNt=0x0 hMod=00007ffd5fd10000 'C:\Windows\system32\rsaenh.dll'
1220.aa8: supR3HardenedScreenImage/LdrLoadDll: cache hit (VINF_SUCCESS) on \Device\HarddiskVolume2\Windows\System32\crypt32.dll
1220.aa8: supR3HardenedMonitor_LdrLoadDll: pName=C:\Windows\System32\crypt32.dll (Input=crypt32.dll, rcNtResolve=0xc0150008) *pfFlags=0x0 pwszSearchPath=0000000000000001:<flags> [calling]
1220.aa8: supR3HardenedMonitor_LdrLoadDll: returns rcNt=0x0 hMod=00007ffd60e40000 'C:\Windows\System32\crypt32.dll'
1220.aa8: supR3HardenedWinVerifyCacheProcessWvtTodos: 0 (was 0) fWinVerifyTrust=1 for '\Device\HarddiskVolume2\Windows\System32\rsaenh.dll'
1220.aa8: supR3HardenedScreenImage/LdrLoadDll: cache hit (VINF_SUCCESS) on \Device\HarddiskVolume2\Windows\System32\rsaenh.dll
1220.aa8: supR3HardenedMonitor_LdrLoadDll: pName=C:\Windows\system32\rsaenh.dll (rcNtResolve=0xc0150008) *pfFlags=0x0 pwszSearchPath=0000000000000001:<flags> [calling]
1220.aa8: supR3HardenedMonitor_LdrLoadDll: returns rcNt=0x0 hMod=00007ffd5fd10000 'C:\Windows\system32\rsaenh.dll'
1220.aa8: supR3HardenedMonitor_LdrLoadDll: returns rcNt=0x0 hMod=00007ffd60e40000 'C:\Windows\System32\crypt32.dll'
1220.aa8: supR3HardenedWinVerifyCacheProcessWvtTodos: 0 (was 0) fWinVerifyTrust=1 for '\Device\HarddiskVolume2\Windows\System32\cryptsp.dll'
1220.aa8: supR3HardenedMonitor_LdrLoadDll: returns rcNt=0x0 hMod=00007ffd5fd10000 'C:\Windows\system32\rsaenh.dll'
1220.aa8: supR3HardenedMonitor_LdrLoadDll: returns rcNt=0x0 hMod=00007ffd60e40000 'C:\Windows\System32\crypt32.dll'
1220.aa8: supR3HardenedWinVerifyCacheProcessWvtTodos: 0 (was 0) fWinVerifyTrust=1 for '\Device\HarddiskVolume2\Windows\System32\bcryptprimitives.dll'
1220.aa8: supR3HardenedMonitor_LdrLoadDll: returns rcNt=0x0 hMod=00007ffd5fd10000 'C:\Windows\system32\rsaenh.dll'
1220.aa8: supR3HardenedMonitor_LdrLoadDll: returns rcNt=0x0 hMod=00007ffd60e40000 'C:\Windows\System32\crypt32.dll'
1220.aa8: supR3HardenedWinVerifyCacheProcessWvtTodos: 0 (was 0) fWinVerifyTrust=1 for '\Device\HarddiskVolume2\Windows\System32\bcrypt.dll'
1220.aa8: supR3HardenedMonitor_LdrLoadDll: returns rcNt=0x0 hMod=00007ffd5fd10000 'C:\Windows\system32\rsaenh.dll'
1220.aa8: supR3HardenedMonitor_LdrLoadDll: returns rcNt=0x0 hMod=00007ffd60e40000 'C:\Windows\System32\crypt32.dll'
1220.aa8: supR3HardenedWinVerifyCacheProcessWvtTodos: 0 (was 0) fWinVerifyTrust=1 for '\Device\HarddiskVolume2\Windows\System32\msasn1.dll'
1220.aa8: supR3HardenedMonitor_LdrLoadDll: returns rcNt=0x0 hMod=00007ffd5fd10000 'C:\Windows\system32\rsaenh.dll'
1220.aa8: supR3HardenedMonitor_LdrLoadDll: returns rcNt=0x0 hMod=00007ffd60e40000 'C:\Windows\System32\crypt32.dll'
1220.aa8: supR3HardenedWinVerifyCacheProcessWvtTodos: 0 (was 0) fWinVerifyTrust=1 for '\Device\HarddiskVolume2\Windows\System32\ucrtbase.dll'
1220.aa8: supR3HardenedMonitor_LdrLoadDll: returns rcNt=0x0 hMod=00007ffd5fd10000 'C:\Windows\system32\rsaenh.dll'
1220.aa8: supR3HardenedMonitor_LdrLoadDll: returns rcNt=0x0 hMod=00007ffd60e40000 'C:\Windows\System32\crypt32.dll'
1220.aa8: supR3HardenedWinVerifyCacheProcessWvtTodos: 0 (was 0) fWinVerifyTrust=1 for '\Device\HarddiskVolume2\Windows\System32\msvcrt.dll'
1220.aa8: supR3HardenedMonitor_LdrLoadDll: returns rcNt=0x0 hMod=00007ffd5fd10000 'C:\Windows\system32\rsaenh.dll'
1220.aa8: supR3HardenedMonitor_LdrLoadDll: returns rcNt=0x0 hMod=00007ffd60e40000 'C:\Windows\System32\crypt32.dll'
1220.aa8: supR3HardenedWinVerifyCacheProcessWvtTodos: 0 (was 0) fWinVerifyTrust=1 for '\Device\HarddiskVolume2\Windows\System32\rpcrt4.dll'
1220.aa8: supR3HardenedMonitor_LdrLoadDll: returns rcNt=0x0 hMod=00007ffd5fd10000 'C:\Windows\system32\rsaenh.dll'
1220.aa8: supR3HardenedMonitor_LdrLoadDll: returns rcNt=0x0 hMod=00007ffd60e40000 'C:\Windows\System32\crypt32.dll'
1220.aa8: supR3HardenedWinVerifyCacheProcessWvtTodos: 0 (was 0) fWinVerifyTrust=1 for '\Device\HarddiskVolume2\Program Files\Oracle\VirtualBox\VBoxSupLib.dll'
1220.aa8: supR3HardenedMonitor_LdrLoadDll: returns rcNt=0x0 hMod=00007ffd5fd10000 'C:\Windows\system32\rsaenh.dll'
1220.aa8: supR3HardenedMonitor_LdrLoadDll: returns rcNt=0x0 hMod=00007ffd60e40000 'C:\Windows\System32\crypt32.dll'
1220.aa8: supR3HardenedWinVerifyCacheProcessWvtTodos: 0 (was 0) fWinVerifyTrust=1 for '\Device\HarddiskVolume2\Program Files\Oracle\VirtualBox\VirtualBoxVM.exe'
1220.aa8: supR3HardenedMonitor_LdrLoadDll: returns rcNt=0x0 hMod=00007ffd5fd10000 'C:\Windows\system32\rsaenh.dll'
1220.aa8: supR3HardenedMonitor_LdrLoadDll: returns rcNt=0x0 hMod=00007ffd60e40000 'C:\Windows\System32\crypt32.dll'
1220.aa8: supR3HardenedWinVerifyCacheProcessWvtTodos: 0 (was 0) fWinVerifyTrust=1 for '\Device\HarddiskVolume2\Windows\System32\KernelBase.dll'
1220.aa8: supR3HardenedMonitor_LdrLoadDll: returns rcNt=0x0 hMod=00007ffd5fd10000 'C:\Windows\system32\rsaenh.dll'
1220.aa8: supR3HardenedMonitor_LdrLoadDll: returns rcNt=0x0 hMod=00007ffd60e40000 'C:\Windows\System32\crypt32.dll'
1220.aa8: supR3HardenedWinVerifyCacheProcessWvtTodos: 0 (was 0) fWinVerifyTrust=1 for '\Device\HarddiskVolume2\Windows\System32\kernel32.dll'
1220.aa8: supR3HardenedMonitor_LdrLoadDll: returns rcNt=0x0 hMod=00007ffd60e40000 'C:\Windows\system32\crypt32.dll'
1220.aa8: supR3HardenedWinIsDesiredRootCA: Adding 0xed9e370c9bceba00 DC=BR, DC=GOV, DC=SP, DC=PREFEITURA, DC=SF, CN=SF-FWPRCA01-CA
1220.aa8: supR3HardenedWinIsDesiredRootCA: Adding 0x5ad46780fa5df300 DC=com, DC=microsoft, CN=Microsoft Root Certificate Authority
1220.aa8: supR3HardenedWinIsDesiredRootCA: Adding 0xea5386456178582b C=ZA, ST=Western Cape, L=Durbanville, O=Thawte, OU=Thawte Certification, CN=Thawte Timestamping CA
1220.aa8: supR3HardenedWinIsDesiredRootCA: Adding 0x3be670c1bd02a900 OU=Copyright (c) 1997 Microsoft Corp., OU=Microsoft Corporation, CN=Microsoft Root Authority
1220.aa8: supR3HardenedWinIsDesiredRootCA: Adding 0xe991ee72b03db500 C=US, O=Symantec Corporation, CN=Symantec Enterprise Mobile Root for Microsoft
1220.aa8: supR3HardenedWinIsDesiredRootCA: Adding 0x4d3835aa4180b200 C=US, ST=Washington, L=Redmond, O=Microsoft Corporation, CN=Microsoft Root Certificate Authority 2011
1220.aa8: supR3HardenedWinIsDesiredRootCA: Adding 0x646e3fe3ba08df00 C=US, O=MSFT, CN=Microsoft Authenticode(tm) Root Authority
1220.aa8: supR3HardenedWinIsDesiredRootCA: Adding 0xece4e4289e08b900 C=US, ST=Washington, L=Redmond, O=Microsoft Corporation, CN=Microsoft Root Certificate Authority 2010
1220.aa8: supR3HardenedWinIsDesiredRootCA: Adding 0xf3bb4d7e894b420 C=US, ST=Washington, L=Redmond, O=Microsoft Corporation, CN=Microsoft ECC TS Root Certificate Authority 2018
1220.aa8: supR3HardenedWinIsDesiredRootCA: Adding 0x43a9cc371ff5385a O=Microsoft Trust Network, OU=Microsoft Corporation, OU=Microsoft Time Stamping Service Root, OU=Copyright (c) 1997 Microsoft Corp.
1220.aa8: supR3HardenedWinIsDesiredRootCA: Adding 0x2e2d2c7c68f0202e O=VeriSign Trust Network, OU=VeriSign, Inc., OU=VeriSign Time Stamping Service Root, OU=NO LIABILITY ACCEPTED, (c)97 VeriSign, Inc.
1220.aa8: supR3HardenedWinIsDesiredRootCA: Adding 0xcec3d46562b9be8e C=US, ST=Washington, L=Redmond, O=Microsoft Corporation, CN=Microsoft ECC Product Root Certificate Authority 2018
1220.aa8: supR3HardenedWinIsDesiredRootCA: Adding 0xca58a05dd401ae00 C=US, ST=Washington, L=Redmond, O=Microsoft Corporation, CN=Microsoft Time Stamp Root Certificate Authority 2014
1220.aa8: supR3HardenedWinIsDesiredRootCA: Adding 0x670683072a91b300 C=US, O=Microsoft Corporation, CN=Microsoft Identity Verification Root Certificate Authority 2020
1220.aa8: supR3HardenedWinIsDesiredRootCA: Adding 0x6b7bdc34cd37bb00 C=US, O=DigiCert Inc, OU=www.digicert.com, CN=DigiCert Global Root G2
1220.aa8: supR3HardenedWinIsDesiredRootCA: Adding 0xbbde687390e6bf00 C=US, O=DigiCert Inc, OU=www.digicert.com, CN=DigiCert Trusted Root G4
1220.aa8: supR3HardenedWinIsDesiredRootCA: Adding 0x83085097e9afdf00 O=Digital Signature Trust Co., CN=DST Root CA X3
1220.aa8: supR3HardenedWinIsDesiredRootCA: Adding 0x780679907625cc00 OU=GlobalSign Root CA - R3, O=GlobalSign, CN=GlobalSign
1220.aa8: supR3HardenedWinIsDesiredRootCA: Adding 0x3d98ab22bb04a300 C=IE, O=Baltimore, OU=CyberTrust, CN=Baltimore CyberTrust Root
1220.aa8: supR3HardenedWinIsDesiredRootCA: Adding 0xeae16ef49d40be00 C=GB, ST=Greater Manchester, L=Salford, O=Comodo CA Limited, CN=AAA Certificate Services
1220.aa8: supR3HardenedWinIsDesiredRootCA: Adding 0xc6536f24d57ae723 C=US, ST=New Jersey, L=Jersey City, O=The USERTRUST Network, CN=USERTrust ECC Certification Authority
1220.aa8: supR3HardenedWinIsDesiredRootCA: Adding 0x3714f47324e8ad00 C=US, O=Internet Security Research Group, CN=ISRG Root X1
1220.aa8: supR3HardenedWinIsDesiredRootCA: Adding 0x8ff6fc03c1edbd00 C=US, ST=Arizona, L=Scottsdale, O=Starfield Technologies, Inc., CN=Starfield Root Certificate Authority - G2
1220.aa8: supR3HardenedWinIsDesiredRootCA: Adding 0xa3ce8d99e60eda00 C=BE, O=GlobalSign nv-sa, OU=Root CA, CN=GlobalSign Root CA
1220.aa8: supR3HardenedWinIsDesiredRootCA: Adding 0xa671e9fec832b700 C=US, O=Starfield Technologies, Inc., OU=Starfield Class 2 Certification Authority
1220.aa8: supR3HardenedWinIsDesiredRootCA: Adding 0xa8de7211e13be200 C=US, O=DigiCert Inc, OU=www.digicert.com, CN=DigiCert Global Root CA
1220.aa8: supR3HardenedWinIsDesiredRootCA: Adding 0xbebef0d2217f0bfb C=US, O=DigiCert Inc, OU=www.digicert.com, CN=DigiCert Global Root G3
1220.aa8: supR3HardenedWinIsDesiredRootCA: Adding 0x14018a1bf29e595c C=US, O=VeriSign, Inc., OU=Class 3 Public Primary Certification Authority
1220.aa8: supR3HardenedWinIsDesiredRootCA: Adding 0x298c3394be5bca00 C=US, O=Microsoft Corporation, CN=Microsoft RSA Root Certificate Authority 2017
1220.aa8: supR3HardenedWinIsDesiredRootCA: Adding 0xd4fbe673e5ccc600 C=US, O=DigiCert Inc, OU=www.digicert.com, CN=DigiCert High Assurance EV Root CA
1220.aa8: supR3HardenedWinIsDesiredRootCA: Adding 0x1b8578514b74ac00 C=US, O=WFA Hotspot 2.0, CN=Hotspot 2.0 Trust Root CA - 03
1220.aa8: supR3HardenedWinIsDesiredRootCA: Adding 0xe87add30c52db600 C=BE, O=GlobalSign nv-sa, CN=GlobalSign Code Signing Root R45
1220.aa8: supR3HardenedWinIsDesiredRootCA: Adding 0x357a29080824af00 C=US, O=VeriSign, Inc., OU=VeriSign Trust Network, OU=(c) 2006 VeriSign, Inc. - For authorized use only, CN=VeriSign Class 3 Public Primary Certification Authority - G5
1220.aa8: supR3HardenedWinIsDesiredRootCA: Adding 0x3401b15e3761c700 C=US, O=VeriSign, Inc., OU=VeriSign Trust Network, OU=(c) 2008 VeriSign, Inc. - For authorized use only, CN=VeriSign Universal Root Certification Authority
1220.aa8: supR3HardenedWinIsDesiredRootCA: Adding 0xc30e361765128000 C=US, ST=New Jersey, L=Jersey City, O=The USERTRUST Network, CN=USERTrust RSA Certification Authority
1220.aa8: supR3HardenedWinIsDesiredRootCA: Adding 0x491857ead79dde00 C=US, O=The Go Daddy Group, Inc., OU=Go Daddy Class 2 Certification Authority
1220.aa8: supR3HardenedWinIsDesiredRootCA: Adding 0x8043e4ce150ead00 C=US, O=DigiCert Inc, OU=www.digicert.com, CN=DigiCert Assured ID Root CA
1220.aa8: supR3HardenedWinRetrieveTrustedRootCAs: cAdded=37
1220.aa8: SUPR3HardenedMain: Load Runtime...
1220.aa8: supR3HardenedMonitor_LdrLoadDll: returns rcNt=0x0 hMod=00007ffd5fd10000 'C:\Windows\system32\rsaenh.dll'
1220.aa8: supR3HardenedMonitor_LdrLoadDll: returns rcNt=0x0 hMod=00007ffd60e40000 'C:\Windows\System32\crypt32.dll'
1220.aa8: supR3HardenedWinVerifyCacheScheduleImports: Import todo: #1 'rpcrt4.dll'.
1220.aa8: supR3HardenedWinVerifyCacheScheduleImports: Import todo: #13 'vcruntime140.dll'.
1220.aa8: supR3HardenedWinVerifyCacheScheduleImports: Import todo: #14 'vcruntime140_1.dll'.
1220.aa8: supR3HardenedWinVerifyCacheScheduleImports: Import todo: #15 'msvcp140.dll'.
1220.aa8: supR3HardenedWinVerifyCacheScheduleImports: Import todo: #16 'ws2_32.dll'.
1220.aa8: supHardenedWinVerifyImageByHandle: -> 0 (\Device\HarddiskVolume2\Program Files\Oracle\VirtualBox\VBoxRT.dll) WinVerifyTrust
1220.aa8: supR3HardenedWinVerifyCacheInsert: \Device\HarddiskVolume2\Program Files\Oracle\VirtualBox\VBoxRT.dll
1220.aa8: supR3HardenedWinVerifyCacheProcessImportTodos: Processing 'ws2_32.dll'...
1220.aa8: supR3HardenedWinVerifyCacheProcessImportTodos: 'ws2_32.dll' -> '\Device\HarddiskVolume2\Windows\System32\ws2_32.dll' [rcNtRedir=0xc0150008]
1220.aa8: supR3HardenedMonitor_LdrLoadDll: returns rcNt=0x0 hMod=00007ffd5fd10000 'C:\Windows\system32\rsaenh.dll'
1220.aa8: supR3HardenedMonitor_LdrLoadDll: returns rcNt=0x0 hMod=00007ffd60e40000 'C:\Windows\System32\crypt32.dll'
1220.aa8: supR3HardenedWinVerifyCacheScheduleImports: Import todo: #26 'rpcrt4.dll'.
1220.aa8: supHardenedWinVerifyImageByHandle: -> 0 (\Device\HarddiskVolume2\Windows\System32\ws2_32.dll) WinVerifyTrust
1220.aa8: supR3HardenedWinVerifyCacheInsert: \Device\HarddiskVolume2\Windows\System32\ws2_32.dll
1220.aa8: supR3HardenedWinVerifyCacheProcessImportTodos: Processing 'msvcp140.dll'...
1220.aa8: supR3HardenedWinVerifyCacheProcessImportTodos: 'msvcp140.dll' -> '\Device\HarddiskVolume2\Windows\System32\msvcp140.dll' [rcNtRedir=0xc0150008]
1220.aa8: supR3HardenedWinVerifyCacheProcessImportTodos: Processing 'rpcrt4.dll'...
1220.aa8: supR3HardenedWinVerifyCacheProcessImportTodos: 'rpcrt4.dll' -> '\Device\HarddiskVolume2\Windows\System32\rpcrt4.dll' [rcNtRedir=0xc0150008]
1220.aa8: supR3HardenedScreenImage/Imports: cache hit (VINF_SUCCESS) on \Device\HarddiskVolume2\Windows\System32\rpcrt4.dll
1220.aa8: supR3HardenedMonitor_LdrLoadDll: returns rcNt=0x0 hMod=00007ffd5fd10000 'C:\Windows\system32\rsaenh.dll'
1220.aa8: supR3HardenedMonitor_LdrLoadDll: returns rcNt=0x0 hMod=00007ffd60e40000 'C:\Windows\System32\crypt32.dll'
1220.aa8: supR3HardenedWinVerifyCacheScheduleImports: Import todo: #0 'vcruntime140.dll'.
1220.aa8: supR3HardenedWinVerifyCacheScheduleImports: Import todo: #1 'vcruntime140_1.dll'.
1220.aa8: supHardenedWinVerifyImageByHandle: -> 0 (\Device\HarddiskVolume2\Windows\System32\msvcp140.dll) WinVerifyTrust
1220.aa8: supR3HardenedWinVerifyCacheInsert: \Device\HarddiskVolume2\Windows\System32\msvcp140.dll
1220.aa8: supR3HardenedWinVerifyCacheProcessImportTodos: Processing 'vcruntime140_1.dll'...
1220.aa8: supR3HardenedWinVerifyCacheProcessImportTodos: 'vcruntime140_1.dll' -> '\Device\HarddiskVolume2\Windows\System32\vcruntime140_1.dll' [rcNtRedir=0xc0150008]
1220.aa8: supR3HardenedWinVerifyCacheProcessImportTodos: Processing 'vcruntime140_1.dll'...
1220.aa8: supR3HardenedWinVerifyCacheProcessImportTodos: 'vcruntime140_1.dll' -> '\Device\HarddiskVolume2\Windows\System32\vcruntime140_1.dll' [rcNtRedir=0xc0150008]
1220.aa8: Detected WinVerifyTrust recursion: rc=VINF_SUCCESS '\Device\HarddiskVolume2\Windows\System32\vcruntime140_1.dll'.
1220.aa8: supR3HardenedWinVerifyCacheScheduleImports: Import todo: #3 'vcruntime140.dll'.
1220.aa8: supHardenedWinVerifyImageByHandle: -> 0 (\Device\HarddiskVolume2\Windows\System32\vcruntime140_1.dll)
1220.aa8: supR3HardenedWinVerifyCacheInsert: \Device\HarddiskVolume2\Windows\System32\vcruntime140_1.dll
1220.aa8: supR3HardenedWinVerifyCacheProcessImportTodos: Processing 'vcruntime140.dll'...
1220.aa8: supR3HardenedWinVerifyCacheProcessImportTodos: 'vcruntime140.dll' -> '\Device\HarddiskVolume2\Windows\System32\vcruntime140.dll' [rcNtRedir=0xc0150008]
1220.aa8: Detected WinVerifyTrust recursion: rc=VINF_SUCCESS '\Device\HarddiskVolume2\Windows\System32\vcruntime140.dll'.
1220.aa8: supHardenedWinVerifyImageByHandle: -> 0 (\Device\HarddiskVolume2\Windows\System32\vcruntime140.dll)
1220.aa8: supR3HardenedWinVerifyCacheInsert: \Device\HarddiskVolume2\Windows\System32\vcruntime140.dll
1220.aa8: supR3HardenedWinVerifyCacheProcessImportTodos: Processing 'vcruntime140.dll'...
1220.aa8: supR3HardenedWinVerifyCacheProcessImportTodos: 'vcruntime140.dll' -> '\Device\HarddiskVolume2\Windows\System32\vcruntime140.dll' [rcNtRedir=0xc0150008]
1220.aa8: supR3HardenedScreenImage/Imports: cache hit (VINF_SUCCESS) on \Device\HarddiskVolume2\Windows\System32\vcruntime140.dll [lacks WinVerifyTrust]
1220.aa8: supR3HardenedMonitor_LdrLoadDll: returns rcNt=0x0 hMod=00007ffd5fd10000 'C:\Windows\system32\rsaenh.dll'
1220.aa8: supR3HardenedScreenImage/LdrLoadDll: cache hit (VINF_SUCCESS) on \Device\HarddiskVolume2\Windows\System32\crypt32.dll
1220.aa8: supR3HardenedMonitor_LdrLoadDll: pName=C:\Windows\System32\crypt32.dll (Input=crypt32.dll, rcNtResolve=0xc0150008) *pfFlags=0x0 pwszSearchPath=0000000000000001:<flags> [calling]
1220.aa8: supR3HardenedMonitor_LdrLoadDll: returns rcNt=0x0 hMod=00007ffd60e40000 'C:\Windows\System32\crypt32.dll'
1220.aa8: supR3HardenedWinVerifyCacheScheduleImports: Import todo: #3 'vcruntime140.dll'.
1220.aa8: supHardenedWinVerifyImageByHandle: -> 0 (\Device\HarddiskVolume2\Windows\System32\vcruntime140_1.dll) WinVerifyTrust
1220.aa8: supR3HardenedWinVerifyCacheProcessImportTodos: Processing 'vcruntime140.dll'...
1220.aa8: supR3HardenedWinVerifyCacheProcessImportTodos: 'vcruntime140.dll' -> '\Device\HarddiskVolume2\Windows\System32\vcruntime140.dll' [rcNtRedir=0xc0150008]
1220.aa8: supR3HardenedScreenImage/Imports: cache hit (VINF_SUCCESS) on \Device\HarddiskVolume2\Windows\System32\vcruntime140.dll [redoing WinVerifyTrust]
1220.aa8: supR3HardenedWinVerifyCacheProcessImportTodos: Processing 'vcruntime140.dll'...
1220.aa8: supR3HardenedWinVerifyCacheProcessImportTodos: 'vcruntime140.dll' -> '\Device\HarddiskVolume2\Windows\System32\vcruntime140.dll' [rcNtRedir=0xc0150008]
1220.aa8: supR3HardenedScreenImage/Imports: cache hit (VINF_SUCCESS) on \Device\HarddiskVolume2\Windows\System32\vcruntime140.dll [lacks WinVerifyTrust]
1220.aa8: supR3HardenedMonitor_LdrLoadDll: returns rcNt=0x0 hMod=00007ffd5fd10000 'C:\Windows\system32\rsaenh.dll'
1220.aa8: supR3HardenedMonitor_LdrLoadDll: returns rcNt=0x0 hMod=00007ffd60e40000 'C:\Windows\System32\crypt32.dll'
1220.aa8: supR3HardenedScreenImage/Imports: 0 (was 0) fWinVerifyTrust=1 for '\Device\HarddiskVolume2\Windows\System32\vcruntime140.dll'
1220.aa8: supR3HardenedWinVerifyCacheProcessImportTodos: Processing 'rpcrt4.dll'...
1220.aa8: supR3HardenedWinVerifyCacheProcessImportTodos: 'rpcrt4.dll' -> '\Device\HarddiskVolume2\Windows\System32\rpcrt4.dll' [rcNtRedir=0xc0150008]
1220.aa8: supR3HardenedScreenImage/Imports: cache hit (VINF_SUCCESS) on \Device\HarddiskVolume2\Windows\System32\rpcrt4.dll
1220.aa8: supR3HardenedMonitor_LdrLoadDll: pName=C:\Program Files\Oracle\VirtualBox\VBoxRT.dll (rcNtResolve=0xc0150008) *pfFlags=0x0 pwszSearchPath=0000000000000a01:<flags> [calling]
1220.aa8: supR3HardenedScreenImage/NtCreateSection: cache hit (VINF_SUCCESS) on \Device\HarddiskVolume2\Program Files\Oracle\VirtualBox\VBoxRT.dll
1220.aa8: supR3HardenedScreenImage/NtCreateSection: cache hit (VINF_SUCCESS) on \Device\HarddiskVolume2\Windows\System32\vcruntime140.dll
1220.aa8: supR3HardenedScreenImage/NtCreateSection: cache hit (VINF_SUCCESS) on \Device\HarddiskVolume2\Windows\System32\vcruntime140_1.dll [avoiding WinVerifyTrust]
1220.aa8: supR3HardenedScreenImage/NtCreateSection: cache hit (VINF_SUCCESS) on \Device\HarddiskVolume2\Windows\System32\msvcp140.dll
1220.aa8: supR3HardenedDllNotificationCallback: load   00007ffd418b0000 LB 0x0001e000 C:\Windows\SYSTEM32\VCRUNTIME140.dll [fFlags=0x0]
1220.aa8: supR3HardenedScreenImage/LdrLoadDll: cache hit (VINF_SUCCESS) on \Device\HarddiskVolume2\Windows\System32\vcruntime140.dll
1220.aa8: supR3HardenedDllNotificationCallback: load   00007ffd41810000 LB 0x0000c000 C:\Windows\SYSTEM32\VCRUNTIME140_1.dll [fFlags=0x0]
1220.aa8: supR3HardenedScreenImage/LdrLoadDll: cache hit (VINF_SUCCESS) on \Device\HarddiskVolume2\Windows\System32\vcruntime140_1.dll [avoiding WinVerifyTrust]
1220.aa8: supR3HardenedDllNotificationCallback: load   00007ffd41820000 LB 0x00089000 C:\Windows\SYSTEM32\MSVCP140.dll [fFlags=0x0]
1220.aa8: supR3HardenedScreenImage/LdrLoadDll: cache hit (VINF_SUCCESS) on \Device\HarddiskVolume2\Windows\System32\msvcp140.dll
1220.aa8: supR3HardenedDllNotificationCallback: load   00007ffd61d90000 LB 0x0006b000 C:\Windows\System32\WS2_32.dll [fFlags=0x0]
1220.aa8: supR3HardenedScreenImage/LdrLoadDll: cache hit (VINF_SUCCESS) on \Device\HarddiskVolume2\Windows\System32\ws2_32.dll
1220.aa8: supR3HardenedDllNotificationCallback: load   00007ffccdc30000 LB 0x00785000 C:\Program Files\Oracle\VirtualBox\VBoxRT.dll [fFlags=0x0]
1220.aa8: supR3HardenedScreenImage/LdrLoadDll: cache hit (VINF_SUCCESS) on \Device\HarddiskVolume2\Program Files\Oracle\VirtualBox\VBoxRT.dll
1220.aa8: Detected loader lock ownership: rc=VINF_SUCCESS '\Device\HarddiskVolume2\Windows\System32\vcruntime140_1.dll'.
1220.aa8: supR3HardenedWinVerifyCacheProcessWvtTodos: 0 (was 0) fWinVerifyTrust=0 for '\Device\HarddiskVolume2\Windows\System32\vcruntime140_1.dll' [rescheduled]
1220.aa8: supR3HardenedIsApiSetDll: ApiSetQueryApiSetPresence(api-ms-win-core-synch-l1-2-0) -> 0x0, fPresent=1
1220.aa8: supR3HardenedMonitor_LdrLoadDll: pName=api-ms-win-core-synch-l1-2-0 (rcNtResolve=0x0) *pfFlags=0x0 pwszSearchPath=0000000000000801:<flags> [calling]
1220.aa8: supR3HardenedMonitor_LdrLoadDll: returns rcNt=0x0 hMod=00007ffd61350000 'api-ms-win-core-synch-l1-2-0'
1220.aa8: Detected loader lock ownership: rc=VINF_SUCCESS '\Device\HarddiskVolume2\Windows\System32\vcruntime140_1.dll'.
1220.aa8: supR3HardenedWinVerifyCacheProcessWvtTodos: 0 (was 0) fWinVerifyTrust=0 for '\Device\HarddiskVolume2\Windows\System32\vcruntime140_1.dll' [rescheduled]
1220.aa8: Detected loader lock ownership: rc=VINF_SUCCESS '\Device\HarddiskVolume2\Windows\System32\vcruntime140_1.dll'.
1220.aa8: supR3HardenedWinVerifyCacheProcessWvtTodos: 0 (was 0) fWinVerifyTrust=0 for '\Device\HarddiskVolume2\Windows\System32\vcruntime140_1.dll' [rescheduled]
1220.aa8: supR3HardenedIsApiSetDll: ApiSetQueryApiSetPresence(api-ms-win-core-fibers-l1-1-1) -> 0x0, fPresent=1
1220.aa8: supR3HardenedMonitor_LdrLoadDll: pName=api-ms-win-core-fibers-l1-1-1 (rcNtResolve=0x0) *pfFlags=0x0 pwszSearchPath=0000000000000801:<flags> [calling]
1220.aa8: supR3HardenedMonitor_LdrLoadDll: returns rcNt=0x0 hMod=00007ffd61350000 'api-ms-win-core-fibers-l1-1-1'
1220.aa8: Detected loader lock ownership: rc=VINF_SUCCESS '\Device\HarddiskVolume2\Windows\System32\vcruntime140_1.dll'.
1220.aa8: supR3HardenedWinVerifyCacheProcessWvtTodos: 0 (was 0) fWinVerifyTrust=0 for '\Device\HarddiskVolume2\Windows\System32\vcruntime140_1.dll' [rescheduled]
1220.aa8: Detected loader lock ownership: rc=VINF_SUCCESS '\Device\HarddiskVolume2\Windows\System32\vcruntime140_1.dll'.
1220.aa8: supR3HardenedWinVerifyCacheProcessWvtTodos: 0 (was 0) fWinVerifyTrust=0 for '\Device\HarddiskVolume2\Windows\System32\vcruntime140_1.dll' [rescheduled]
1220.aa8: supR3HardenedIsApiSetDll: ApiSetQueryApiSetPresence(api-ms-win-core-synch-l1-2-0) -> 0x0, fPresent=1
1220.aa8: supR3HardenedMonitor_LdrLoadDll: pName=api-ms-win-core-synch-l1-2-0 (rcNtResolve=0x0) *pfFlags=0x0 pwszSearchPath=0000000000000801:<flags> [calling]
1220.aa8: supR3HardenedMonitor_LdrLoadDll: returns rcNt=0x0 hMod=00007ffd61350000 'api-ms-win-core-synch-l1-2-0'
1220.aa8: Detected loader lock ownership: rc=VINF_SUCCESS '\Device\HarddiskVolume2\Windows\System32\vcruntime140_1.dll'.
1220.aa8: supR3HardenedWinVerifyCacheProcessWvtTodos: 0 (was 0) fWinVerifyTrust=0 for '\Device\HarddiskVolume2\Windows\System32\vcruntime140_1.dll' [rescheduled]
1220.aa8: Detected loader lock ownership: rc=VINF_SUCCESS '\Device\HarddiskVolume2\Windows\System32\vcruntime140_1.dll'.
1220.aa8: supR3HardenedWinVerifyCacheProcessWvtTodos: 0 (was 0) fWinVerifyTrust=0 for '\Device\HarddiskVolume2\Windows\System32\vcruntime140_1.dll' [rescheduled]
1220.aa8: supR3HardenedIsApiSetDll: ApiSetQueryApiSetPresence(api-ms-win-core-fibers-l1-1-1) -> 0x0, fPresent=1
1220.aa8: supR3HardenedMonitor_LdrLoadDll: pName=api-ms-win-core-fibers-l1-1-1 (rcNtResolve=0x0) *pfFlags=0x0 pwszSearchPath=0000000000000801:<flags> [calling]
1220.aa8: supR3HardenedMonitor_LdrLoadDll: returns rcNt=0x0 hMod=00007ffd61350000 'api-ms-win-core-fibers-l1-1-1'
1220.aa8: Detected loader lock ownership: rc=VINF_SUCCESS '\Device\HarddiskVolume2\Windows\System32\vcruntime140_1.dll'.
1220.aa8: supR3HardenedWinVerifyCacheProcessWvtTodos: 0 (was 0) fWinVerifyTrust=0 for '\Device\HarddiskVolume2\Windows\System32\vcruntime140_1.dll' [rescheduled]
1220.aa8: Detected loader lock ownership: rc=VINF_SUCCESS '\Device\HarddiskVolume2\Windows\System32\vcruntime140_1.dll'.
1220.aa8: supR3HardenedWinVerifyCacheProcessWvtTodos: 0 (was 0) fWinVerifyTrust=0 for '\Device\HarddiskVolume2\Windows\System32\vcruntime140_1.dll' [rescheduled]
1220.aa8: supR3HardenedScreenImage/LdrLoadDll: cache hit (VINF_SUCCESS) on \Device\HarddiskVolume2\Windows\System32\kernel32.dll
1220.aa8: supR3HardenedMonitor_LdrLoadDll: pName=C:\Windows\System32\kernel32.dll (Input=kernel32, rcNtResolve=0xc0150008) *pfFlags=0x0 pwszSearchPath=0000000000000801:<flags> [calling]
1220.aa8: supR3HardenedMonitor_LdrLoadDll: returns rcNt=0x0 hMod=00007ffd61a60000 'C:\Windows\System32\kernel32.dll'
1220.aa8: Detected loader lock ownership: rc=VINF_SUCCESS '\Device\HarddiskVolume2\Windows\System32\vcruntime140_1.dll'.
1220.aa8: supR3HardenedWinVerifyCacheProcessWvtTodos: 0 (was 0) fWinVerifyTrust=0 for '\Device\HarddiskVolume2\Windows\System32\vcruntime140_1.dll' [rescheduled]
1220.aa8: Detected loader lock ownership: rc=VINF_SUCCESS '\Device\HarddiskVolume2\Windows\System32\vcruntime140_1.dll'.
1220.aa8: supR3HardenedWinVerifyCacheProcessWvtTodos: 0 (was 0) fWinVerifyTrust=0 for '\Device\HarddiskVolume2\Windows\System32\vcruntime140_1.dll' [rescheduled]
1220.aa8: supR3HardenedIsApiSetDll: ApiSetQueryApiSetPresence(api-ms-win-core-string-l1-1-0) -> 0x0, fPresent=1
1220.aa8: supR3HardenedMonitor_LdrLoadDll: pName=api-ms-win-core-string-l1-1-0 (rcNtResolve=0x0) *pfFlags=0x0 pwszSearchPath=0000000000000801:<flags> [calling]
1220.aa8: supR3HardenedMonitor_LdrLoadDll: returns rcNt=0x0 hMod=00007ffd61350000 'api-ms-win-core-string-l1-1-0'
1220.aa8: Detected loader lock ownership: rc=VINF_SUCCESS '\Device\HarddiskVolume2\Windows\System32\vcruntime140_1.dll'.
1220.aa8: supR3HardenedWinVerifyCacheProcessWvtTodos: 0 (was 0) fWinVerifyTrust=0 for '\Device\HarddiskVolume2\Windows\System32\vcruntime140_1.dll' [rescheduled]
1220.aa8: Detected loader lock ownership: rc=VINF_SUCCESS '\Device\HarddiskVolume2\Windows\System32\vcruntime140_1.dll'.
1220.aa8: supR3HardenedWinVerifyCacheProcessWvtTodos: 0 (was 0) fWinVerifyTrust=0 for '\Device\HarddiskVolume2\Windows\System32\vcruntime140_1.dll' [rescheduled]
1220.aa8: supR3HardenedIsApiSetDll: ApiSetQueryApiSetPresence(api-ms-win-core-localization-l1-2-1) -> 0x0, fPresent=1
1220.aa8: supR3HardenedMonitor_LdrLoadDll: pName=api-ms-win-core-localization-l1-2-1 (rcNtResolve=0x0) *pfFlags=0x0 pwszSearchPath=0000000000000801:<flags> [calling]
1220.aa8: supR3HardenedMonitor_LdrLoadDll: returns rcNt=0x0 hMod=00007ffd61350000 'api-ms-win-core-localization-l1-2-1'
1220.aa8: Detected loader lock ownership: rc=VINF_SUCCESS '\Device\HarddiskVolume2\Windows\System32\vcruntime140_1.dll'.
1220.aa8: supR3HardenedWinVerifyCacheProcessWvtTodos: 0 (was 0) fWinVerifyTrust=0 for '\Device\HarddiskVolume2\Windows\System32\vcruntime140_1.dll' [rescheduled]
1220.aa8: Detected loader lock ownership: rc=VINF_SUCCESS '\Device\HarddiskVolume2\Windows\System32\vcruntime140_1.dll'.
1220.aa8: supR3HardenedWinVerifyCacheProcessWvtTodos: 0 (was 0) fWinVerifyTrust=0 for '\Device\HarddiskVolume2\Windows\System32\vcruntime140_1.dll' [rescheduled]
1220.aa8: supR3HardenedIsApiSetDll: ApiSetQueryApiSetPresence(api-ms-win-core-datetime-l1-1-1) -> 0x0, fPresent=1
1220.aa8: supR3HardenedMonitor_LdrLoadDll: pName=api-ms-win-core-datetime-l1-1-1 (rcNtResolve=0x0) *pfFlags=0x0 pwszSearchPath=0000000000000801:<flags> [calling]
1220.aa8: supR3HardenedMonitor_LdrLoadDll: returns rcNt=0x0 hMod=00007ffd61350000 'api-ms-win-core-datetime-l1-1-1'
1220.aa8: Detected loader lock ownership: rc=VINF_SUCCESS '\Device\HarddiskVolume2\Windows\System32\vcruntime140_1.dll'.
1220.aa8: supR3HardenedWinVerifyCacheProcessWvtTodos: 0 (was 0) fWinVerifyTrust=0 for '\Device\HarddiskVolume2\Windows\System32\vcruntime140_1.dll' [rescheduled]
1220.aa8: Detected loader lock ownership: rc=VINF_SUCCESS '\Device\HarddiskVolume2\Windows\System32\vcruntime140_1.dll'.
1220.aa8: supR3HardenedWinVerifyCacheProcessWvtTodos: 0 (was 0) fWinVerifyTrust=0 for '\Device\HarddiskVolume2\Windows\System32\vcruntime140_1.dll' [rescheduled]
1220.aa8: supR3HardenedIsApiSetDll: ApiSetQueryApiSetPresence(api-ms-win-core-localization-obsolete-l1-2-0) -> 0x0, fPresent=1
1220.aa8: supR3HardenedMonitor_LdrLoadDll: pName=api-ms-win-core-localization-obsolete-l1-2-0 (rcNtResolve=0x0) *pfFlags=0x0 pwszSearchPath=0000000000000801:<flags> [calling]
1220.aa8: supR3HardenedMonitor_LdrLoadDll: returns rcNt=0x0 hMod=00007ffd61350000 'api-ms-win-core-localization-obsolete-l1-2-0'
1220.aa8: Detected loader lock ownership: rc=VINF_SUCCESS '\Device\HarddiskVolume2\Windows\System32\vcruntime140_1.dll'.
1220.aa8: supR3HardenedWinVerifyCacheProcessWvtTodos: 0 (was 0) fWinVerifyTrust=0 for '\Device\HarddiskVolume2\Windows\System32\vcruntime140_1.dll' [rescheduled]
1220.aa8: Detected loader lock ownership: rc=VINF_SUCCESS '\Device\HarddiskVolume2\Windows\System32\vcruntime140_1.dll'.
1220.aa8: supR3HardenedWinVerifyCacheProcessWvtTodos: 0 (was 0) fWinVerifyTrust=0 for '\Device\HarddiskVolume2\Windows\System32\vcruntime140_1.dll' [rescheduled]
1220.aa8: supR3HardenedScreenImage/LdrLoadDll: cache hit (VINF_SUCCESS) on \Device\HarddiskVolume2\Program Files\Oracle\VirtualBox\VBoxRT.dll
1220.aa8: supR3HardenedMonitor_LdrLoadDll: pName=C:\Program Files\Oracle\VirtualBox\VBoxRT.dll (rcNtResolve=0xc0150008) *pfFlags=0x0 pwszSearchPath=0000000000000001:<flags> [calling]
1220.aa8: supR3HardenedMonitor_LdrLoadDll: returns rcNt=0x0 hMod=00007ffccdc30000 'C:\Program Files\Oracle\VirtualBox\VBoxRT.dll'
1220.aa8: Detected loader lock ownership: rc=VINF_SUCCESS '\Device\HarddiskVolume2\Windows\System32\vcruntime140_1.dll'.
1220.aa8: supR3HardenedWinVerifyCacheProcessWvtTodos: 0 (was 0) fWinVerifyTrust=0 for '\Device\HarddiskVolume2\Windows\System32\vcruntime140_1.dll' [rescheduled]
1220.aa8: Detected loader lock ownership: rc=VINF_SUCCESS '\Device\HarddiskVolume2\Windows\System32\vcruntime140_1.dll'.
1220.aa8: supR3HardenedWinVerifyCacheProcessWvtTodos: 0 (was 0) fWinVerifyTrust=0 for '\Device\HarddiskVolume2\Windows\System32\vcruntime140_1.dll' [rescheduled]
1220.aa8: supR3HardenedScreenImage/LdrLoadDll: cache hit (VINF_SUCCESS) on \Device\HarddiskVolume2\Program Files\Oracle\VirtualBox\VBoxRT.dll
1220.aa8: supR3HardenedMonitor_LdrLoadDll: pName=C:\Program Files\Oracle\VirtualBox\VBoxRT.dll (rcNtResolve=0xc0150008) *pfFlags=0x0 pwszSearchPath=0000000000000001:<flags> [calling]
1220.aa8: supR3HardenedMonitor_LdrLoadDll: returns rcNt=0x0 hMod=00007ffccdc30000 'C:\Program Files\Oracle\VirtualBox\VBoxRT.dll'
1220.aa8: Detected loader lock ownership: rc=VINF_SUCCESS '\Device\HarddiskVolume2\Windows\System32\vcruntime140_1.dll'.
1220.aa8: supR3HardenedWinVerifyCacheProcessWvtTodos: 0 (was 0) fWinVerifyTrust=0 for '\Device\HarddiskVolume2\Windows\System32\vcruntime140_1.dll' [rescheduled]
1220.aa8: Detected loader lock ownership: rc=VINF_SUCCESS '\Device\HarddiskVolume2\Windows\System32\vcruntime140_1.dll'.
1220.aa8: supR3HardenedWinVerifyCacheProcessWvtTodos: 0 (was 0) fWinVerifyTrust=0 for '\Device\HarddiskVolume2\Windows\System32\vcruntime140_1.dll' [rescheduled]
1220.aa8: supR3HardenedScreenImage/LdrLoadDll: cache hit (VINF_SUCCESS) on \Device\HarddiskVolume2\Program Files\Oracle\VirtualBox\VBoxRT.dll
1220.aa8: supR3HardenedMonitor_LdrLoadDll: pName=C:\Program Files\Oracle\VirtualBox\VBoxRT.dll (rcNtResolve=0xc0150008) *pfFlags=0x0 pwszSearchPath=0000000000000001:<flags> [calling]
1220.aa8: supR3HardenedMonitor_LdrLoadDll: returns rcNt=0x0 hMod=00007ffccdc30000 'C:\Program Files\Oracle\VirtualBox\VBoxRT.dll'
1220.aa8: Detected loader lock ownership: rc=VINF_SUCCESS '\Device\HarddiskVolume2\Windows\System32\vcruntime140_1.dll'.
1220.aa8: supR3HardenedWinVerifyCacheProcessWvtTodos: 0 (was 0) fWinVerifyTrust=0 for '\Device\HarddiskVolume2\Windows\System32\vcruntime140_1.dll' [rescheduled]
1220.aa8: Detected loader lock ownership: rc=VINF_SUCCESS '\Device\HarddiskVolume2\Windows\System32\vcruntime140_1.dll'.
1220.aa8: supR3HardenedWinVerifyCacheProcessWvtTodos: 0 (was 0) fWinVerifyTrust=0 for '\Device\HarddiskVolume2\Windows\System32\vcruntime140_1.dll' [rescheduled]
1220.aa8: supR3HardenedScreenImage/LdrLoadDll: cache hit (VINF_SUCCESS) on \Device\HarddiskVolume2\Program Files\Oracle\VirtualBox\VBoxRT.dll
1220.aa8: supR3HardenedMonitor_LdrLoadDll: pName=C:\Program Files\Oracle\VirtualBox\VBoxRT.dll (rcNtResolve=0xc0150008) *pfFlags=0x0 pwszSearchPath=0000000000000001:<flags> [calling]
1220.aa8: supR3HardenedMonitor_LdrLoadDll: returns rcNt=0x0 hMod=00007ffccdc30000 'C:\Program Files\Oracle\VirtualBox\VBoxRT.dll'
1220.aa8: Detected loader lock ownership: rc=VINF_SUCCESS '\Device\HarddiskVolume2\Windows\System32\vcruntime140_1.dll'.
1220.aa8: supR3HardenedWinVerifyCacheProcessWvtTodos: 0 (was 0) fWinVerifyTrust=0 for '\Device\HarddiskVolume2\Windows\System32\vcruntime140_1.dll' [rescheduled]
1220.aa8: Detected loader lock ownership: rc=VINF_SUCCESS '\Device\HarddiskVolume2\Windows\System32\vcruntime140_1.dll'.
1220.aa8: supR3HardenedWinVerifyCacheProcessWvtTodos: 0 (was 0) fWinVerifyTrust=0 for '\Device\HarddiskVolume2\Windows\System32\vcruntime140_1.dll' [rescheduled]
1220.aa8: supR3HardenedScreenImage/LdrLoadDll: cache hit (VINF_SUCCESS) on \Device\HarddiskVolume2\Program Files\Oracle\VirtualBox\VBoxRT.dll
1220.aa8: supR3HardenedMonitor_LdrLoadDll: pName=C:\Program Files\Oracle\VirtualBox\VBoxRT.dll (rcNtResolve=0xc0150008) *pfFlags=0x0 pwszSearchPath=0000000000000001:<flags> [calling]
1220.aa8: supR3HardenedMonitor_LdrLoadDll: returns rcNt=0x0 hMod=00007ffccdc30000 'C:\Program Files\Oracle\VirtualBox\VBoxRT.dll'
1220.aa8: Detected loader lock ownership: rc=VINF_SUCCESS '\Device\HarddiskVolume2\Windows\System32\vcruntime140_1.dll'.
1220.aa8: supR3HardenedWinVerifyCacheProcessWvtTodos: 0 (was 0) fWinVerifyTrust=0 for '\Device\HarddiskVolume2\Windows\System32\vcruntime140_1.dll' [rescheduled]
1220.aa8: Detected loader lock ownership: rc=VINF_SUCCESS '\Device\HarddiskVolume2\Windows\System32\vcruntime140_1.dll'.
1220.aa8: supR3HardenedWinVerifyCacheProcessWvtTodos: 0 (was 0) fWinVerifyTrust=0 for '\Device\HarddiskVolume2\Windows\System32\vcruntime140_1.dll' [rescheduled]
1220.aa8: supR3HardenedScreenImage/LdrLoadDll: cache hit (VINF_SUCCESS) on \Device\HarddiskVolume2\Program Files\Oracle\VirtualBox\VBoxRT.dll
1220.aa8: supR3HardenedMonitor_LdrLoadDll: pName=C:\Program Files\Oracle\VirtualBox\VBoxRT.dll (rcNtResolve=0xc0150008) *pfFlags=0x0 pwszSearchPath=0000000000000001:<flags> [calling]
1220.aa8: supR3HardenedMonitor_LdrLoadDll: returns rcNt=0x0 hMod=00007ffccdc30000 'C:\Program Files\Oracle\VirtualBox\VBoxRT.dll'
1220.aa8: Detected loader lock ownership: rc=VINF_SUCCESS '\Device\HarddiskVolume2\Windows\System32\vcruntime140_1.dll'.
1220.aa8: supR3HardenedWinVerifyCacheProcessWvtTodos: 0 (was 0) fWinVerifyTrust=0 for '\Device\HarddiskVolume2\Windows\System32\vcruntime140_1.dll' [rescheduled]
1220.aa8: Detected loader lock ownership: rc=VINF_SUCCESS '\Device\HarddiskVolume2\Windows\System32\vcruntime140_1.dll'.
1220.aa8: supR3HardenedWinVerifyCacheProcessWvtTodos: 0 (was 0) fWinVerifyTrust=0 for '\Device\HarddiskVolume2\Windows\System32\vcruntime140_1.dll' [rescheduled]
1220.aa8: supR3HardenedMonitor_LdrLoadDll: returns rcNt=0x0 hMod=00007ffccdc30000 'C:\Program Files\Oracle\VirtualBox\VBoxRT.dll'
1220.aa8: Detected loader lock ownership: rc=VINF_SUCCESS '\Device\HarddiskVolume2\Windows\System32\vcruntime140_1.dll'.
1220.aa8: supR3HardenedWinVerifyCacheProcessWvtTodos: 0 (was 0) fWinVerifyTrust=0 for '\Device\HarddiskVolume2\Windows\System32\vcruntime140_1.dll' [rescheduled]
1220.aa8: Detected loader lock ownership: rc=VINF_SUCCESS '\Device\HarddiskVolume2\Windows\System32\vcruntime140_1.dll'.
1220.aa8: supR3HardenedWinVerifyCacheProcessWvtTodos: 0 (was 0) fWinVerifyTrust=0 for '\Device\HarddiskVolume2\Windows\System32\vcruntime140_1.dll' [rescheduled]
1220.aa8: supR3HardenedMonitor_LdrLoadDll: returns rcNt=0x0 hMod=00007ffccdc30000 'C:\Program Files\Oracle\VirtualBox\VBoxRT.dll'
1220.aa8: Detected loader lock ownership: rc=VINF_SUCCESS '\Device\HarddiskVolume2\Windows\System32\vcruntime140_1.dll'.
1220.aa8: supR3HardenedWinVerifyCacheProcessWvtTodos: 0 (was 0) fWinVerifyTrust=0 for '\Device\HarddiskVolume2\Windows\System32\vcruntime140_1.dll' [rescheduled]
1220.aa8: Detected loader lock ownership: rc=VINF_SUCCESS '\Device\HarddiskVolume2\Windows\System32\vcruntime140_1.dll'.
1220.aa8: supR3HardenedWinVerifyCacheProcessWvtTodos: 0 (was 0) fWinVerifyTrust=0 for '\Device\HarddiskVolume2\Windows\System32\vcruntime140_1.dll' [rescheduled]
1220.aa8: supR3HardenedMonitor_LdrLoadDll: returns rcNt=0x0 hMod=00007ffccdc30000 'C:\Program Files\Oracle\VirtualBox\VBoxRT.dll'
1220.aa8: Detected loader lock ownership: rc=VINF_SUCCESS '\Device\HarddiskVolume2\Windows\System32\vcruntime140_1.dll'.
1220.aa8: supR3HardenedWinVerifyCacheProcessWvtTodos: 0 (was 0) fWinVerifyTrust=0 for '\Device\HarddiskVolume2\Windows\System32\vcruntime140_1.dll' [rescheduled]
1220.aa8: Detected loader lock ownership: rc=VINF_SUCCESS '\Device\HarddiskVolume2\Windows\System32\vcruntime140_1.dll'.
1220.aa8: supR3HardenedWinVerifyCacheProcessWvtTodos: 0 (was 0) fWinVerifyTrust=0 for '\Device\HarddiskVolume2\Windows\System32\vcruntime140_1.dll' [rescheduled]
1220.aa8: supR3HardenedMonitor_LdrLoadDll: returns rcNt=0x0 hMod=00007ffccdc30000 'C:\Program Files\Oracle\VirtualBox\VBoxRT.dll'
1220.aa8: Detected loader lock ownership: rc=VINF_SUCCESS '\Device\HarddiskVolume2\Windows\System32\vcruntime140_1.dll'.
1220.aa8: supR3HardenedWinVerifyCacheProcessWvtTodos: 0 (was 0) fWinVerifyTrust=0 for '\Device\HarddiskVolume2\Windows\System32\vcruntime140_1.dll' [rescheduled]
1220.aa8: Detected loader lock ownership: rc=VINF_SUCCESS '\Device\HarddiskVolume2\Windows\System32\vcruntime140_1.dll'.
1220.aa8: supR3HardenedWinVerifyCacheProcessWvtTodos: 0 (was 0) fWinVerifyTrust=0 for '\Device\HarddiskVolume2\Windows\System32\vcruntime140_1.dll' [rescheduled]
1220.aa8: supR3HardenedMonitor_LdrLoadDll: returns rcNt=0x0 hMod=00007ffccdc30000 'C:\Program Files\Oracle\VirtualBox\VBoxRT.dll'
1220.aa8: Detected loader lock ownership: rc=VINF_SUCCESS '\Device\HarddiskVolume2\Windows\System32\vcruntime140_1.dll'.
1220.aa8: supR3HardenedWinVerifyCacheProcessWvtTodos: 0 (was 0) fWinVerifyTrust=0 for '\Device\HarddiskVolume2\Windows\System32\vcruntime140_1.dll' [rescheduled]
1220.aa8: Detected loader lock ownership: rc=VINF_SUCCESS '\Device\HarddiskVolume2\Windows\System32\vcruntime140_1.dll'.
1220.aa8: supR3HardenedWinVerifyCacheProcessWvtTodos: 0 (was 0) fWinVerifyTrust=0 for '\Device\HarddiskVolume2\Windows\System32\vcruntime140_1.dll' [rescheduled]
1220.aa8: supR3HardenedMonitor_LdrLoadDll: returns rcNt=0x0 hMod=00007ffccdc30000 'C:\Program Files\Oracle\VirtualBox\VBoxRT.dll'
1220.aa8: Detected loader lock ownership: rc=VINF_SUCCESS '\Device\HarddiskVolume2\Windows\System32\vcruntime140_1.dll'.
1220.aa8: supR3HardenedWinVerifyCacheProcessWvtTodos: 0 (was 0) fWinVerifyTrust=0 for '\Device\HarddiskVolume2\Windows\System32\vcruntime140_1.dll' [rescheduled]
1220.aa8: Detected loader lock ownership: rc=VINF_SUCCESS '\Device\HarddiskVolume2\Windows\System32\vcruntime140_1.dll'.
1220.aa8: supR3HardenedWinVerifyCacheProcessWvtTodos: 0 (was 0) fWinVerifyTrust=0 for '\Device\HarddiskVolume2\Windows\System32\vcruntime140_1.dll' [rescheduled]
1220.aa8: supR3HardenedMonitor_LdrLoadDll: returns rcNt=0x0 hMod=00007ffccdc30000 'C:\Program Files\Oracle\VirtualBox\VBoxRT.dll'
1220.aa8: Detected loader lock ownership: rc=VINF_SUCCESS '\Device\HarddiskVolume2\Windows\System32\vcruntime140_1.dll'.
1220.aa8: supR3HardenedWinVerifyCacheProcessWvtTodos: 0 (was 0) fWinVerifyTrust=0 for '\Device\HarddiskVolume2\Windows\System32\vcruntime140_1.dll' [rescheduled]
1220.aa8: Detected loader lock ownership: rc=VINF_SUCCESS '\Device\HarddiskVolume2\Windows\System32\vcruntime140_1.dll'.
1220.aa8: supR3HardenedWinVerifyCacheProcessWvtTodos: 0 (was 0) fWinVerifyTrust=0 for '\Device\HarddiskVolume2\Windows\System32\vcruntime140_1.dll' [rescheduled]
1220.aa8: supR3HardenedScreenImage/LdrLoadDll: cache hit (VINF_SUCCESS) on \Device\HarddiskVolume2\Program Files\Oracle\VirtualBox\VBoxRT.dll
1220.aa8: supR3HardenedMonitor_LdrLoadDll: pName=C:\Program Files\Oracle\VirtualBox\VBoxRT.dll (rcNtResolve=0xc0150008) *pfFlags=0x0 pwszSearchPath=0000000000000001:<flags> [calling]
1220.aa8: supR3HardenedMonitor_LdrLoadDll: returns rcNt=0x0 hMod=00007ffccdc30000 'C:\Program Files\Oracle\VirtualBox\VBoxRT.dll'
1220.aa8: Detected loader lock ownership: rc=VINF_SUCCESS '\Device\HarddiskVolume2\Windows\System32\vcruntime140_1.dll'.
1220.aa8: supR3HardenedWinVerifyCacheProcessWvtTodos: 0 (was 0) fWinVerifyTrust=0 for '\Device\HarddiskVolume2\Windows\System32\vcruntime140_1.dll' [rescheduled]
1220.aa8: Detected loader lock ownership: rc=VINF_SUCCESS '\Device\HarddiskVolume2\Windows\System32\vcruntime140_1.dll'.
1220.aa8: supR3HardenedWinVerifyCacheProcessWvtTodos: 0 (was 0) fWinVerifyTrust=0 for '\Device\HarddiskVolume2\Windows\System32\vcruntime140_1.dll' [rescheduled]
1220.aa8: supR3HardenedMonitor_LdrLoadDll: returns rcNt=0x0 hMod=00007ffccdc30000 'C:\Program Files\Oracle\VirtualBox\VBoxRT.dll'
1220.aa8: Detected loader lock ownership: rc=VINF_SUCCESS '\Device\HarddiskVolume2\Windows\System32\vcruntime140_1.dll'.
1220.aa8: supR3HardenedWinVerifyCacheProcessWvtTodos: 0 (was 0) fWinVerifyTrust=0 for '\Device\HarddiskVolume2\Windows\System32\vcruntime140_1.dll' [rescheduled]
1220.aa8: Detected loader lock ownership: rc=VINF_SUCCESS '\Device\HarddiskVolume2\Windows\System32\vcruntime140_1.dll'.
1220.aa8: supR3HardenedWinVerifyCacheProcessWvtTodos: 0 (was 0) fWinVerifyTrust=0 for '\Device\HarddiskVolume2\Windows\System32\vcruntime140_1.dll' [rescheduled]
1220.aa8: supR3HardenedMonitor_LdrLoadDll: returns rcNt=0x0 hMod=00007ffccdc30000 'C:\Program Files\Oracle\VirtualBox\VBoxRT.dll'
1220.aa8: Detected loader lock ownership: rc=VINF_SUCCESS '\Device\HarddiskVolume2\Windows\System32\vcruntime140_1.dll'.
1220.aa8: supR3HardenedWinVerifyCacheProcessWvtTodos: 0 (was 0) fWinVerifyTrust=0 for '\Device\HarddiskVolume2\Windows\System32\vcruntime140_1.dll' [rescheduled]
1220.aa8: Detected loader lock ownership: rc=VINF_SUCCESS '\Device\HarddiskVolume2\Windows\System32\vcruntime140_1.dll'.
1220.aa8: supR3HardenedWinVerifyCacheProcessWvtTodos: 0 (was 0) fWinVerifyTrust=0 for '\Device\HarddiskVolume2\Windows\System32\vcruntime140_1.dll' [rescheduled]
1220.aa8: supR3HardenedMonitor_LdrLoadDll: returns rcNt=0x0 hMod=00007ffccdc30000 'C:\Program Files\Oracle\VirtualBox\VBoxRT.dll'
1220.aa8: Detected loader lock ownership: rc=VINF_SUCCESS '\Device\HarddiskVolume2\Windows\System32\vcruntime140_1.dll'.
1220.aa8: supR3HardenedWinVerifyCacheProcessWvtTodos: 0 (was 0) fWinVerifyTrust=0 for '\Device\HarddiskVolume2\Windows\System32\vcruntime140_1.dll' [rescheduled]
1220.aa8: Detected loader lock ownership: rc=VINF_SUCCESS '\Device\HarddiskVolume2\Windows\System32\vcruntime140_1.dll'.
1220.aa8: supR3HardenedWinVerifyCacheProcessWvtTodos: 0 (was 0) fWinVerifyTrust=0 for '\Device\HarddiskVolume2\Windows\System32\vcruntime140_1.dll' [rescheduled]
1220.aa8: supR3HardenedMonitor_LdrLoadDll: returns rcNt=0x0 hMod=00007ffccdc30000 'C:\Program Files\Oracle\VirtualBox\VBoxRT.dll'
1220.aa8: Detected loader lock ownership: rc=VINF_SUCCESS '\Device\HarddiskVolume2\Windows\System32\vcruntime140_1.dll'.
1220.aa8: supR3HardenedWinVerifyCacheProcessWvtTodos: 0 (was 0) fWinVerifyTrust=0 for '\Device\HarddiskVolume2\Windows\System32\vcruntime140_1.dll' [rescheduled]
1220.aa8: Detected loader lock ownership: rc=VINF_SUCCESS '\Device\HarddiskVolume2\Windows\System32\vcruntime140_1.dll'.
1220.aa8: supR3HardenedWinVerifyCacheProcessWvtTodos: 0 (was 0) fWinVerifyTrust=0 for '\Device\HarddiskVolume2\Windows\System32\vcruntime140_1.dll' [rescheduled]
1220.aa8: supR3HardenedMonitor_LdrLoadDll: returns rcNt=0x0 hMod=00007ffccdc30000 'C:\Program Files\Oracle\VirtualBox\VBoxRT.dll'
1220.aa8: Detected loader lock ownership: rc=VINF_SUCCESS '\Device\HarddiskVolume2\Windows\System32\vcruntime140_1.dll'.
1220.aa8: supR3HardenedWinVerifyCacheProcessWvtTodos: 0 (was 0) fWinVerifyTrust=0 for '\Device\HarddiskVolume2\Windows\System32\vcruntime140_1.dll' [rescheduled]
1220.aa8: Detected loader lock ownership: rc=VINF_SUCCESS '\Device\HarddiskVolume2\Windows\System32\vcruntime140_1.dll'.
1220.aa8: supR3HardenedWinVerifyCacheProcessWvtTodos: 0 (was 0) fWinVerifyTrust=0 for '\Device\HarddiskVolume2\Windows\System32\vcruntime140_1.dll' [rescheduled]
1220.aa8: supR3HardenedMonitor_LdrLoadDll: returns rcNt=0x0 hMod=00007ffccdc30000 'C:\Program Files\Oracle\VirtualBox\VBoxRT.dll'
1220.aa8: Detected loader lock ownership: rc=VINF_SUCCESS '\Device\HarddiskVolume2\Windows\System32\vcruntime140_1.dll'.
1220.aa8: supR3HardenedWinVerifyCacheProcessWvtTodos: 0 (was 0) fWinVerifyTrust=0 for '\Device\HarddiskVolume2\Windows\System32\vcruntime140_1.dll' [rescheduled]
1220.aa8: Detected loader lock ownership: rc=VINF_SUCCESS '\Device\HarddiskVolume2\Windows\System32\vcruntime140_1.dll'.
1220.aa8: supR3HardenedWinVerifyCacheProcessWvtTodos: 0 (was 0) fWinVerifyTrust=0 for '\Device\HarddiskVolume2\Windows\System32\vcruntime140_1.dll' [rescheduled]
1220.aa8: supR3HardenedMonitor_LdrLoadDll: returns rcNt=0x0 hMod=00007ffccdc30000 'C:\Program Files\Oracle\VirtualBox\VBoxRT.dll'
1220.aa8: Detected loader lock ownership: rc=VINF_SUCCESS '\Device\HarddiskVolume2\Windows\System32\vcruntime140_1.dll'.
1220.aa8: supR3HardenedWinVerifyCacheProcessWvtTodos: 0 (was 0) fWinVerifyTrust=0 for '\Device\HarddiskVolume2\Windows\System32\vcruntime140_1.dll' [rescheduled]
1220.aa8: Detected loader lock ownership: rc=VINF_SUCCESS '\Device\HarddiskVolume2\Windows\System32\vcruntime140_1.dll'.
1220.aa8: supR3HardenedWinVerifyCacheProcessWvtTodos: 0 (was 0) fWinVerifyTrust=0 for '\Device\HarddiskVolume2\Windows\System32\vcruntime140_1.dll' [rescheduled]
1220.aa8: supR3HardenedMonitor_LdrLoadDll: returns rcNt=0x0 hMod=00007ffccdc30000 'C:\Program Files\Oracle\VirtualBox\VBoxRT.dll'
1220.aa8: Detected loader lock ownership: rc=VINF_SUCCESS '\Device\HarddiskVolume2\Windows\System32\vcruntime140_1.dll'.
1220.aa8: supR3HardenedWinVerifyCacheProcessWvtTodos: 0 (was 0) fWinVerifyTrust=0 for '\Device\HarddiskVolume2\Windows\System32\vcruntime140_1.dll' [rescheduled]
1220.aa8: Detected loader lock ownership: rc=VINF_SUCCESS '\Device\HarddiskVolume2\Windows\System32\vcruntime140_1.dll'.
1220.aa8: supR3HardenedWinVerifyCacheProcessWvtTodos: 0 (was 0) fWinVerifyTrust=0 for '\Device\HarddiskVolume2\Windows\System32\vcruntime140_1.dll' [rescheduled]
1220.aa8: supR3HardenedMonitor_LdrLoadDll: returns rcNt=0x0 hMod=00007ffccdc30000 'C:\Program Files\Oracle\VirtualBox\VBoxRT.dll'
1220.aa8: Detected loader lock ownership: rc=VINF_SUCCESS '\Device\HarddiskVolume2\Windows\System32\vcruntime140_1.dll'.
1220.aa8: supR3HardenedWinVerifyCacheProcessWvtTodos: 0 (was 0) fWinVerifyTrust=0 for '\Device\HarddiskVolume2\Windows\System32\vcruntime140_1.dll' [rescheduled]
1220.aa8: Detected loader lock ownership: rc=VINF_SUCCESS '\Device\HarddiskVolume2\Windows\System32\vcruntime140_1.dll'.
1220.aa8: supR3HardenedWinVerifyCacheProcessWvtTodos: 0 (was 0) fWinVerifyTrust=0 for '\Device\HarddiskVolume2\Windows\System32\vcruntime140_1.dll' [rescheduled]
1220.aa8: supR3HardenedMonitor_LdrLoadDll: returns rcNt=0x0 hMod=00007ffccdc30000 'C:\Program Files\Oracle\VirtualBox\VBoxRT.dll'
1220.aa8: Detected loader lock ownership: rc=VINF_SUCCESS '\Device\HarddiskVolume2\Windows\System32\vcruntime140_1.dll'.
1220.aa8: supR3HardenedWinVerifyCacheProcessWvtTodos: 0 (was 0) fWinVerifyTrust=0 for '\Device\HarddiskVolume2\Windows\System32\vcruntime140_1.dll' [rescheduled]
1220.aa8: Detected loader lock ownership: rc=VINF_SUCCESS '\Device\HarddiskVolume2\Windows\System32\vcruntime140_1.dll'.
1220.aa8: supR3HardenedWinVerifyCacheProcessWvtTodos: 0 (was 0) fWinVerifyTrust=0 for '\Device\HarddiskVolume2\Windows\System32\vcruntime140_1.dll' [rescheduled]
1220.aa8: supR3HardenedMonitor_LdrLoadDll: returns rcNt=0x0 hMod=00007ffccdc30000 'C:\Program Files\Oracle\VirtualBox\VBoxRT.dll'
1220.aa8: Detected loader lock ownership: rc=VINF_SUCCESS '\Device\HarddiskVolume2\Windows\System32\vcruntime140_1.dll'.
1220.aa8: supR3HardenedWinVerifyCacheProcessWvtTodos: 0 (was 0) fWinVerifyTrust=0 for '\Device\HarddiskVolume2\Windows\System32\vcruntime140_1.dll' [rescheduled]
1220.aa8: Detected loader lock ownership: rc=VINF_SUCCESS '\Device\HarddiskVolume2\Windows\System32\vcruntime140_1.dll'.
1220.aa8: supR3HardenedWinVerifyCacheProcessWvtTodos: 0 (was 0) fWinVerifyTrust=0 for '\Device\HarddiskVolume2\Windows\System32\vcruntime140_1.dll' [rescheduled]
1220.aa8: supR3HardenedMonitor_LdrLoadDll: returns rcNt=0x0 hMod=00007ffccdc30000 'C:\Program Files\Oracle\VirtualBox\VBoxRT.dll'
1220.aa8: Detected loader lock ownership: rc=VINF_SUCCESS '\Device\HarddiskVolume2\Windows\System32\vcruntime140_1.dll'.
1220.aa8: supR3HardenedWinVerifyCacheProcessWvtTodos: 0 (was 0) fWinVerifyTrust=0 for '\Device\HarddiskVolume2\Windows\System32\vcruntime140_1.dll' [rescheduled]
1220.aa8: Detected loader lock ownership: rc=VINF_SUCCESS '\Device\HarddiskVolume2\Windows\System32\vcruntime140_1.dll'.
1220.aa8: supR3HardenedWinVerifyCacheProcessWvtTodos: 0 (was 0) fWinVerifyTrust=0 for '\Device\HarddiskVolume2\Windows\System32\vcruntime140_1.dll' [rescheduled]
1220.aa8: supR3HardenedMonitor_LdrLoadDll: returns rcNt=0x0 hMod=00007ffccdc30000 'C:\Program Files\Oracle\VirtualBox\VBoxRT.dll'
1220.aa8: Detected loader lock ownership: rc=VINF_SUCCESS '\Device\HarddiskVolume2\Windows\System32\vcruntime140_1.dll'.
1220.aa8: supR3HardenedWinVerifyCacheProcessWvtTodos: 0 (was 0) fWinVerifyTrust=0 for '\Device\HarddiskVolume2\Windows\System32\vcruntime140_1.dll' [rescheduled]
1220.aa8: Detected loader lock ownership: rc=VINF_SUCCESS '\Device\HarddiskVolume2\Windows\System32\vcruntime140_1.dll'.
1220.aa8: supR3HardenedWinVerifyCacheProcessWvtTodos: 0 (was 0) fWinVerifyTrust=0 for '\Device\HarddiskVolume2\Windows\System32\vcruntime140_1.dll' [rescheduled]
1220.aa8: supR3HardenedMonitor_LdrLoadDll: returns rcNt=0x0 hMod=00007ffccdc30000 'C:\Program Files\Oracle\VirtualBox\VBoxRT.dll'
1220.aa8: Detected loader lock ownership: rc=VINF_SUCCESS '\Device\HarddiskVolume2\Windows\System32\vcruntime140_1.dll'.
1220.aa8: supR3HardenedWinVerifyCacheProcessWvtTodos: 0 (was 0) fWinVerifyTrust=0 for '\Device\HarddiskVolume2\Windows\System32\vcruntime140_1.dll' [rescheduled]
1220.aa8: Detected loader lock ownership: rc=VINF_SUCCESS '\Device\HarddiskVolume2\Windows\System32\vcruntime140_1.dll'.
1220.aa8: supR3HardenedWinVerifyCacheProcessWvtTodos: 0 (was 0) fWinVerifyTrust=0 for '\Device\HarddiskVolume2\Windows\System32\vcruntime140_1.dll' [rescheduled]
1220.aa8: supR3HardenedMonitor_LdrLoadDll: returns rcNt=0x0 hMod=00007ffccdc30000 'C:\Program Files\Oracle\VirtualBox\VBoxRT.dll'
1220.aa8: Detected loader lock ownership: rc=VINF_SUCCESS '\Device\HarddiskVolume2\Windows\System32\vcruntime140_1.dll'.
1220.aa8: supR3HardenedWinVerifyCacheProcessWvtTodos: 0 (was 0) fWinVerifyTrust=0 for '\Device\HarddiskVolume2\Windows\System32\vcruntime140_1.dll' [rescheduled]
1220.aa8: Detected loader lock ownership: rc=VINF_SUCCESS '\Device\HarddiskVolume2\Windows\System32\vcruntime140_1.dll'.
1220.aa8: supR3HardenedWinVerifyCacheProcessWvtTodos: 0 (was 0) fWinVerifyTrust=0 for '\Device\HarddiskVolume2\Windows\System32\vcruntime140_1.dll' [rescheduled]
1220.aa8: supR3HardenedScreenImage/LdrLoadDll: cache hit (VINF_SUCCESS) on \Device\HarddiskVolume2\Program Files\Oracle\VirtualBox\VBoxRT.dll
1220.aa8: supR3HardenedMonitor_LdrLoadDll: pName=C:\Program Files\Oracle\VirtualBox\VBoxRT.dll (rcNtResolve=0xc0150008) *pfFlags=0x0 pwszSearchPath=0000000000000001:<flags> [calling]
1220.aa8: supR3HardenedMonitor_LdrLoadDll: returns rcNt=0x0 hMod=00007ffccdc30000 'C:\Program Files\Oracle\VirtualBox\VBoxRT.dll'
1220.aa8: Detected loader lock ownership: rc=VINF_SUCCESS '\Device\HarddiskVolume2\Windows\System32\vcruntime140_1.dll'.
1220.aa8: supR3HardenedWinVerifyCacheProcessWvtTodos: 0 (was 0) fWinVerifyTrust=0 for '\Device\HarddiskVolume2\Windows\System32\vcruntime140_1.dll' [rescheduled]
1220.aa8: Detected loader lock ownership: rc=VINF_SUCCESS '\Device\HarddiskVolume2\Windows\System32\vcruntime140_1.dll'.
1220.aa8: supR3HardenedWinVerifyCacheProcessWvtTodos: 0 (was 0) fWinVerifyTrust=0 for '\Device\HarddiskVolume2\Windows\System32\vcruntime140_1.dll' [rescheduled]
1220.aa8: supR3HardenedMonitor_LdrLoadDll: returns rcNt=0x0 hMod=00007ffccdc30000 'C:\Program Files\Oracle\VirtualBox\VBoxRT.dll'
1220.aa8: Detected loader lock ownership: rc=VINF_SUCCESS '\Device\HarddiskVolume2\Windows\System32\vcruntime140_1.dll'.
1220.aa8: supR3HardenedWinVerifyCacheProcessWvtTodos: 0 (was 0) fWinVerifyTrust=0 for '\Device\HarddiskVolume2\Windows\System32\vcruntime140_1.dll' [rescheduled]
1220.aa8: Detected loader lock ownership: rc=VINF_SUCCESS '\Device\HarddiskVolume2\Windows\System32\vcruntime140_1.dll'.
1220.aa8: supR3HardenedWinVerifyCacheProcessWvtTodos: 0 (was 0) fWinVerifyTrust=0 for '\Device\HarddiskVolume2\Windows\System32\vcruntime140_1.dll' [rescheduled]
1220.aa8: supR3HardenedMonitor_LdrLoadDll: returns rcNt=0x0 hMod=00007ffccdc30000 'C:\Program Files\Oracle\VirtualBox\VBoxRT.dll'
1220.aa8: Detected loader lock ownership: rc=VINF_SUCCESS '\Device\HarddiskVolume2\Windows\System32\vcruntime140_1.dll'.
1220.aa8: supR3HardenedWinVerifyCacheProcessWvtTodos: 0 (was 0) fWinVerifyTrust=0 for '\Device\HarddiskVolume2\Windows\System32\vcruntime140_1.dll' [rescheduled]
1220.aa8: supR3HardenedMonitor_LdrLoadDll: returns rcNt=0x0 hMod=00007ffccdc30000 'C:\Program Files\Oracle\VirtualBox\VBoxRT.dll'
1220.aa8: supR3HardenedScreenImage/LdrLoadDll: cache hit (VINF_SUCCESS) on \Device\HarddiskVolume2\Windows\System32\rsaenh.dll
1220.aa8: supR3HardenedMonitor_LdrLoadDll: pName=C:\Windows\system32\rsaenh.dll (rcNtResolve=0xc0150008) *pfFlags=0x0 pwszSearchPath=0000000000000001:<flags> [calling]
1220.aa8: supR3HardenedMonitor_LdrLoadDll: returns rcNt=0x0 hMod=00007ffd5fd10000 'C:\Windows\system32\rsaenh.dll'
1220.aa8: supR3HardenedMonitor_LdrLoadDll: returns rcNt=0x0 hMod=00007ffd60e40000 'C:\Windows\System32\crypt32.dll'
1220.aa8: supR3HardenedWinVerifyCacheProcessWvtTodos: 0 (was 0) fWinVerifyTrust=1 for '\Device\HarddiskVolume2\Windows\System32\vcruntime140_1.dll'
1220.aa8: supR3HardenedScreenImage/LdrLoadDll: cache hit (VINF_SUCCESS) on \Device\HarddiskVolume2\Windows\System32\wintrust.dll
1220.aa8: supR3HardenedMonitor_LdrLoadDll: pName=C:\Windows\system32\Wintrust.dll (rcNtResolve=0xc0150008) *pfFlags=0x0 pwszSearchPath=0000000000000801:<flags> [calling]
1220.aa8: supR3HardenedMonitor_LdrLoadDll: returns rcNt=0x0 hMod=00007ffd61650000 'C:\Windows\system32\Wintrust.dll'
1220.aa8: supR3HardenedMonitor_LdrLoadDll: returns rcNt=0x0 hMod=00007ffd5fd10000 'C:\Windows\system32\rsaenh.dll'
1220.aa8: supR3HardenedMonitor_LdrLoadDll: returns rcNt=0x0 hMod=00007ffd60e40000 'C:\Windows\System32\crypt32.dll'
1220.aa8: supR3HardenedMonitor_LdrLoadDll: returns rcNt=0x0 hMod=00007ffd5fd10000 'C:\Windows\system32\rsaenh.dll'
1220.aa8: supR3HardenedMonitor_LdrLoadDll: returns rcNt=0x0 hMod=00007ffd60e40000 'C:\Windows\System32\crypt32.dll'
1220.aa8: supR3HardenedMonitor_LdrLoadDll: returns rcNt=0x0 hMod=00007ffd60e40000 'C:\Windows\system32\crypt32.dll'
1220.aa8: SUPR3HardenedMain: Load TrustedMain...
1220.22f0: supR3HardenedIsApiSetDll: ApiSetQueryApiSetPresence(api-ms-win-appmodel-runtime-l1-1-2) -> 0x0, fPresent=1
1220.22f0: supR3HardenedMonitor_LdrLoadDll: pName=api-ms-win-appmodel-runtime-l1-1-2 (rcNtResolve=0x0) *pfFlags=0x0 pwszSearchPath=0000000000000801:<flags> [calling]
1220.22f0: supR3HardenedWinVerifyCacheScheduleImports: Import todo: #7 'msvcrt.dll'.
1220.22f0: supR3HardenedWinVerifyCacheScheduleImports: Import todo: #8 'rpcrt4.dll'.
1220.22f0: supHardenedWinVerifyImageByHandle: -> 0 (\Device\HarddiskVolume2\Windows\System32\kernel.appcore.dll)
1220.22f0: supR3HardenedWinVerifyCacheInsert: \Device\HarddiskVolume2\Windows\System32\kernel.appcore.dll
1220.22f0: supR3HardenedDllNotificationCallback: load   00007ffd5ebd0000 LB 0x00012000 C:\Windows\SYSTEM32\kernel.appcore.dll [fFlags=0x0]
1220.22f0: supR3HardenedScreenImage/LdrLoadDll: cache hit (VINF_SUCCESS) on \Device\HarddiskVolume2\Windows\System32\kernel.appcore.dll [avoiding WinVerifyTrust]
1220.22f0: supR3HardenedMonitor_LdrLoadDll: returns rcNt=0x0 hMod=00007ffd5ebd0000 'api-ms-win-appmodel-runtime-l1-1-2'
1220.22f0: supR3HardenedWinVerifyCacheProcessImportTodos: Processing 'rpcrt4.dll'...
1220.22f0: supR3HardenedWinVerifyCacheProcessImportTodos: 'rpcrt4.dll' -> '\Device\HarddiskVolume2\Windows\System32\rpcrt4.dll' [rcNtRedir=0xc0150008]
1220.22f0: supR3HardenedScreenImage/Imports: cache hit (VINF_SUCCESS) on \Device\HarddiskVolume2\Windows\System32\rpcrt4.dll
1220.22f0: supR3HardenedWinVerifyCacheProcessImportTodos: Processing 'msvcrt.dll'...
1220.22f0: supR3HardenedWinVerifyCacheProcessImportTodos: 'msvcrt.dll' -> '\Device\HarddiskVolume2\Windows\System32\msvcrt.dll' [rcNtRedir=0xc0150008]
1220.22f0: supR3HardenedScreenImage/Imports: cache hit (VINF_SUCCESS) on \Device\HarddiskVolume2\Windows\System32\msvcrt.dll
1220.22f0: supR3HardenedMonitor_LdrLoadDll: returns rcNt=0x0 hMod=00007ffd5fd10000 'C:\Windows\system32\rsaenh.dll'
1220.22f0: supR3HardenedMonitor_LdrLoadDll: returns rcNt=0x0 hMod=00007ffd60e40000 'C:\Windows\System32\crypt32.dll'
1220.22f0: supR3HardenedWinVerifyCacheProcessWvtTodos: 0 (was 0) fWinVerifyTrust=1 for '\Device\HarddiskVolume2\Windows\System32\kernel.appcore.dll'
1220.aa8: supR3HardenedMonitor_LdrLoadDll: returns rcNt=0x0 hMod=00007ffd5fd10000 'C:\Windows\system32\rsaenh.dll'
1220.aa8: supR3HardenedMonitor_LdrLoadDll: returns rcNt=0x0 hMod=00007ffd60e40000 'C:\Windows\System32\crypt32.dll'
1220.aa8: supR3HardenedWinVerifyCacheScheduleImports: Import todo: #0 'uicommon.dll'.
1220.aa8: supR3HardenedWinVerifyCacheScheduleImports: Import todo: #1 'qt6corevbox.dll'.
1220.aa8: supR3HardenedWinVerifyCacheScheduleImports: Import todo: #2 'qt6guivbox.dll'.
1220.aa8: supR3HardenedWinVerifyCacheScheduleImports: Import todo: #3 'qt6widgetsvbox.dll'.
1220.aa8: supR3HardenedWinVerifyCacheScheduleImports: Import todo: #5 'user32.dll'.
1220.aa8: supR3HardenedWinVerifyCacheScheduleImports: Import todo: #6 'advapi32.dll'.
1220.aa8: supR3HardenedWinVerifyCacheScheduleImports: Import todo: #7 'ole32.dll'.
1220.aa8: supR3HardenedWinVerifyCacheScheduleImports: Import todo: #8 'oleaut32.dll'.
1220.aa8: supR3HardenedWinVerifyCacheScheduleImports: Import todo: #9 'winmm.dll'.
1220.aa8: supR3HardenedWinVerifyCacheScheduleImports: Import todo: #14 'vboxrt.dll'.
1220.aa8: supR3HardenedWinVerifyCacheScheduleImports: Import todo: #15 'vcruntime140.dll'.
1220.aa8: supR3HardenedWinVerifyCacheScheduleImports: Import todo: #16 'vcruntime140_1.dll'.
1220.aa8: supR3HardenedWinVerifyCacheScheduleImports: Import todo: #17 'msvcp140.dll'.
1220.aa8: supHardenedWinVerifyImageByHandle: -> 0 (\Device\HarddiskVolume2\Program Files\Oracle\VirtualBox\VirtualBoxVM.dll) WinVerifyTrust
1220.aa8: supR3HardenedWinVerifyCacheInsert: \Device\HarddiskVolume2\Program Files\Oracle\VirtualBox\VirtualBoxVM.dll
1220.aa8: supR3HardenedWinVerifyCacheProcessImportTodos: Processing 'msvcp140.dll'...
1220.aa8: supR3HardenedWinVerifyCacheProcessImportTodos: 'msvcp140.dll' -> '\Device\HarddiskVolume2\Windows\System32\msvcp140.dll' [rcNtRedir=0xc0150008]
1220.aa8: supR3HardenedScreenImage/Imports: cache hit (VINF_SUCCESS) on \Device\HarddiskVolume2\Windows\System32\msvcp140.dll
1220.aa8: supR3HardenedWinVerifyCacheProcessImportTodos: Processing 'vcruntime140_1.dll'...
1220.aa8: supR3HardenedWinVerifyCacheProcessImportTodos: 'vcruntime140_1.dll' -> '\Device\HarddiskVolume2\Windows\System32\vcruntime140_1.dll' [rcNtRedir=0xc0150008]
1220.aa8: supR3HardenedScreenImage/Imports: cache hit (VINF_SUCCESS) on \Device\HarddiskVolume2\Windows\System32\vcruntime140_1.dll
1220.aa8: supR3HardenedWinVerifyCacheProcessImportTodos: Processing 'vcruntime140.dll'...
1220.aa8: supR3HardenedWinVerifyCacheProcessImportTodos: 'vcruntime140.dll' -> '\Device\HarddiskVolume2\Windows\System32\vcruntime140.dll' [rcNtRedir=0xc0150008]
1220.aa8: supR3HardenedScreenImage/Imports: cache hit (VINF_SUCCESS) on \Device\HarddiskVolume2\Windows\System32\vcruntime140.dll
1220.aa8: supR3HardenedWinVerifyCacheProcessImportTodos: Processing 'vboxrt.dll'...
1220.aa8: supR3HardenedWinVerifyCacheProcessImportTodos: 'vboxrt.dll' -> '\Device\HarddiskVolume2\Program Files\Oracle\VirtualBox\vboxrt.dll' [rcNtRedir=0xc0150008]
1220.aa8: supR3HardenedWinVerifyCacheProcessImportTodos: Processing 'winmm.dll'...
1220.aa8: supR3HardenedWinVerifyCacheProcessImportTodos: 'winmm.dll' -> '\Device\HarddiskVolume2\Windows\System32\winmm.dll' [rcNtRedir=0xc0150008]
1220.aa8: supR3HardenedMonitor_LdrLoadDll: returns rcNt=0x0 hMod=00007ffd5fd10000 'C:\Windows\system32\rsaenh.dll'
1220.aa8: supR3HardenedMonitor_LdrLoadDll: returns rcNt=0x0 hMod=00007ffd60e40000 'C:\Windows\System32\crypt32.dll'
1220.aa8: supR3HardenedWinVerifyCacheScheduleImports: Import todo: #1 'msvcrt.dll'.
1220.aa8: supHardenedWinVerifyImageByHandle: -> 0 (\Device\HarddiskVolume2\Windows\System32\winmm.dll) WinVerifyTrust
1220.aa8: supR3HardenedWinVerifyCacheInsert: \Device\HarddiskVolume2\Windows\System32\winmm.dll
1220.aa8: supR3HardenedWinVerifyCacheProcessImportTodos: Processing 'oleaut32.dll'...
1220.aa8: supR3HardenedWinVerifyCacheProcessImportTodos: 'oleaut32.dll' -> '\Device\HarddiskVolume2\Windows\System32\oleaut32.dll' [rcNtRedir=0xc0150008]
1220.aa8: supR3HardenedWinVerifyCacheProcessImportTodos: Processing 'msvcrt.dll'...
1220.aa8: supR3HardenedWinVerifyCacheProcessImportTodos: 'msvcrt.dll' -> '\Device\HarddiskVolume2\Windows\System32\msvcrt.dll' [rcNtRedir=0xc0150008]
1220.aa8: supR3HardenedScreenImage/Imports: cache hit (VINF_SUCCESS) on \Device\HarddiskVolume2\Windows\System32\msvcrt.dll
1220.aa8: supR3HardenedMonitor_LdrLoadDll: returns rcNt=0x0 hMod=00007ffd5fd10000 'C:\Windows\system32\rsaenh.dll'
1220.aa8: supR3HardenedMonitor_LdrLoadDll: returns rcNt=0x0 hMod=00007ffd60e40000 'C:\Windows\System32\crypt32.dll'
1220.aa8: supR3HardenedWinVerifyCacheScheduleImports: Import todo: #0 'msvcp_win.dll'.
1220.aa8: supR3HardenedWinVerifyCacheScheduleImports: Import todo: #5 'combase.dll'.
1220.aa8: supR3HardenedWinVerifyCacheScheduleImports: Import todo: #21 'rpcrt4.dll'.
1220.aa8: supHardenedWinVerifyImageByHandle: -> 0 (\Device\HarddiskVolume2\Windows\System32\oleaut32.dll) WinVerifyTrust
1220.aa8: supR3HardenedWinVerifyCacheInsert: \Device\HarddiskVolume2\Windows\System32\oleaut32.dll
1220.aa8: supR3HardenedWinVerifyCacheProcessImportTodos: Processing 'ole32.dll'...
1220.aa8: supR3HardenedWinVerifyCacheProcessImportTodos: 'ole32.dll' -> '\Device\HarddiskVolume2\Windows\System32\ole32.dll' [rcNtRedir=0xc0150008]
1220.aa8: supR3HardenedWinVerifyCacheProcessImportTodos: Processing 'rpcrt4.dll'...
1220.aa8: supR3HardenedWinVerifyCacheProcessImportTodos: 'rpcrt4.dll' -> '\Device\HarddiskVolume2\Windows\System32\rpcrt4.dll' [rcNtRedir=0xc0150008]
1220.aa8: supR3HardenedWinVerifyCacheProcessImportTodos: Processing 'combase.dll'...
1220.aa8: supR3HardenedWinVerifyCacheProcessImportTodos: 'combase.dll' -> '\Device\HarddiskVolume2\Windows\System32\combase.dll' [rcNtRedir=0xc0150008]
1220.aa8: Detected WinVerifyTrust recursion: rc=VINF_SUCCESS '\Device\HarddiskVolume2\Windows\System32\combase.dll'.
1220.aa8: supR3HardenedWinVerifyCacheScheduleImports: Import todo: #3 'rpcrt4.dll'.
1220.aa8: supHardenedWinVerifyImageByHandle: -> 0 (\Device\HarddiskVolume2\Windows\System32\combase.dll)
1220.aa8: supR3HardenedWinVerifyCacheInsert: \Device\HarddiskVolume2\Windows\System32\combase.dll
1220.aa8: supR3HardenedWinVerifyCacheProcessImportTodos: Processing 'msvcp_win.dll'...
1220.aa8: supR3HardenedWinVerifyCacheProcessImportTodos: 'msvcp_win.dll' -> '\Device\HarddiskVolume2\Windows\System32\msvcp_win.dll' [rcNtRedir=0xc0150008]
1220.aa8: Detected WinVerifyTrust recursion: rc=VINF_SUCCESS '\Device\HarddiskVolume2\Windows\System32\msvcp_win.dll'.
1220.aa8: supHardenedWinVerifyImageByHandle: -> 0 (\Device\HarddiskVolume2\Windows\System32\msvcp_win.dll)
1220.aa8: supR3HardenedWinVerifyCacheInsert: \Device\HarddiskVolume2\Windows\System32\msvcp_win.dll
1220.aa8: supR3HardenedWinVerifyCacheProcessImportTodos: Processing 'rpcrt4.dll'...
1220.aa8: supR3HardenedWinVerifyCacheProcessImportTodos: 'rpcrt4.dll' -> '\Device\HarddiskVolume2\Windows\System32\rpcrt4.dll' [rcNtRedir=0xc0150008]
1220.aa8: supR3HardenedMonitor_LdrLoadDll: returns rcNt=0x0 hMod=00007ffd5fd10000 'C:\Windows\system32\rsaenh.dll'
1220.aa8: supR3HardenedMonitor_LdrLoadDll: returns rcNt=0x0 hMod=00007ffd60e40000 'C:\Windows\System32\crypt32.dll'
1220.aa8: supR3HardenedWinVerifyCacheScheduleImports: Import todo: #21 'rpcrt4.dll'.
1220.aa8: supR3HardenedWinVerifyCacheScheduleImports: Import todo: #49 'gdi32.dll'.
1220.aa8: supR3HardenedWinVerifyCacheScheduleImports: Import todo: #50 'user32.dll'.
1220.aa8: supR3HardenedWinVerifyCacheScheduleImports: Import todo: #51 'combase.dll'.
1220.aa8: supHardenedWinVerifyImageByHandle: -> 0 (\Device\HarddiskVolume2\Windows\System32\ole32.dll) WinVerifyTrust
1220.aa8: supR3HardenedWinVerifyCacheInsert: \Device\HarddiskVolume2\Windows\System32\ole32.dll
1220.aa8: supR3HardenedWinVerifyCacheProcessImportTodos: Processing 'advapi32.dll'...
1220.aa8: supR3HardenedWinVerifyCacheProcessImportTodos: 'advapi32.dll' -> '\Device\HarddiskVolume2\Windows\System32\advapi32.dll' [rcNtRedir=0xc0150008]
1220.aa8: supR3HardenedScreenImage/Imports: cache hit (VINF_SUCCESS) on \Device\HarddiskVolume2\Windows\System32\advapi32.dll
1220.aa8: supR3HardenedWinVerifyCacheProcessImportTodos: Processing 'user32.dll'...
1220.aa8: supR3HardenedWinVerifyCacheProcessImportTodos: 'user32.dll' -> '\Device\HarddiskVolume2\Windows\System32\user32.dll' [rcNtRedir=0xc0150008]
1220.aa8: supR3HardenedWinVerifyCacheProcessImportTodos: Processing 'combase.dll'...
1220.aa8: supR3HardenedWinVerifyCacheProcessImportTodos: 'combase.dll' -> '\Device\HarddiskVolume2\Windows\System32\combase.dll' [rcNtRedir=0xc0150008]
1220.aa8: supR3HardenedScreenImage/Imports: cache hit (VINF_SUCCESS) on \Device\HarddiskVolume2\Windows\System32\combase.dll [lacks WinVerifyTrust]
1220.aa8: supR3HardenedWinVerifyCacheProcessImportTodos: Processing 'user32.dll'...
1220.aa8: supR3HardenedWinVerifyCacheProcessImportTodos: 'user32.dll' -> '\Device\HarddiskVolume2\Windows\System32\user32.dll' [rcNtRedir=0xc0150008]
1220.aa8: Detected WinVerifyTrust recursion: rc=VINF_SUCCESS '\Device\HarddiskVolume2\Windows\System32\user32.dll'.
1220.aa8: supR3HardenedWinVerifyCacheScheduleImports: Import todo: #0 'win32u.dll'.
1220.aa8: supR3HardenedWinVerifyCacheScheduleImports: Import todo: #37 'gdi32.dll'.
1220.aa8: supHardenedWinVerifyImageByHandle: -> 0 (\Device\HarddiskVolume2\Windows\System32\user32.dll)
1220.aa8: supR3HardenedWinVerifyCacheInsert: \Device\HarddiskVolume2\Windows\System32\user32.dll
1220.aa8: supR3HardenedWinVerifyCacheProcessImportTodos: Processing 'gdi32.dll'...
1220.aa8: supR3HardenedWinVerifyCacheProcessImportTodos: 'gdi32.dll' -> '\Device\HarddiskVolume2\Windows\System32\gdi32.dll' [rcNtRedir=0xc0150008]
1220.aa8: Detected WinVerifyTrust recursion: rc=VINF_SUCCESS '\Device\HarddiskVolume2\Windows\System32\gdi32.dll'.
1220.aa8: supR3HardenedWinVerifyCacheScheduleImports: Import todo: #9 'win32u.dll'.
1220.aa8: supHardenedWinVerifyImageByHandle: -> 0 (\Device\HarddiskVolume2\Windows\System32\gdi32.dll)
1220.aa8: supR3HardenedWinVerifyCacheInsert: \Device\HarddiskVolume2\Windows\System32\gdi32.dll
1220.aa8: supR3HardenedWinVerifyCacheProcessImportTodos: Processing 'rpcrt4.dll'...
1220.aa8: supR3HardenedWinVerifyCacheProcessImportTodos: 'rpcrt4.dll' -> '\Device\HarddiskVolume2\Windows\System32\rpcrt4.dll' [rcNtRedir=0xc0150008]
1220.aa8: supR3HardenedWinVerifyCacheProcessImportTodos: Processing 'win32u.dll'...
1220.aa8: supR3HardenedWinVerifyCacheProcessImportTodos: 'win32u.dll' -> '\Device\HarddiskVolume2\Windows\System32\win32u.dll' [rcNtRedir=0xc0150008]
1220.aa8: Detected WinVerifyTrust recursion: rc=VINF_SUCCESS '\Device\HarddiskVolume2\Windows\System32\win32u.dll'.
1220.aa8: '\Device\HarddiskVolume2\Windows\System32\win32u.dll' has no imports
1220.aa8: supHardenedWinVerifyImageByHandle: -> 0 (\Device\HarddiskVolume2\Windows\System32\win32u.dll)
1220.aa8: supR3HardenedWinVerifyCacheInsert: \Device\HarddiskVolume2\Windows\System32\win32u.dll
1220.aa8: supR3HardenedWinVerifyCacheProcessImportTodos: Processing 'gdi32.dll'...
1220.aa8: supR3HardenedWinVerifyCacheProcessImportTodos: 'gdi32.dll' -> '\Device\HarddiskVolume2\Windows\System32\gdi32.dll' [rcNtRedir=0xc0150008]
1220.aa8: supR3HardenedScreenImage/Imports: cache hit (VINF_SUCCESS) on \Device\HarddiskVolume2\Windows\System32\gdi32.dll [lacks WinVerifyTrust]
1220.aa8: supR3HardenedWinVerifyCacheProcessImportTodos: Processing 'win32u.dll'...
1220.aa8: supR3HardenedWinVerifyCacheProcessImportTodos: 'win32u.dll' -> '\Device\HarddiskVolume2\Windows\System32\win32u.dll' [rcNtRedir=0xc0150008]
1220.aa8: supR3HardenedScreenImage/Imports: cache hit (VINF_SUCCESS) on \Device\HarddiskVolume2\Windows\System32\win32u.dll [lacks WinVerifyTrust]
1220.aa8: supR3HardenedMonitor_LdrLoadDll: returns rcNt=0x0 hMod=00007ffd5fd10000 'C:\Windows\system32\rsaenh.dll'
1220.aa8: supR3HardenedMonitor_LdrLoadDll: returns rcNt=0x0 hMod=00007ffd60e40000 'C:\Windows\System32\crypt32.dll'
1220.aa8: supR3HardenedWinVerifyCacheScheduleImports: Import todo: #0 'win32u.dll'.
1220.aa8: supR3HardenedWinVerifyCacheScheduleImports: Import todo: #37 'gdi32.dll'.
1220.aa8: supHardenedWinVerifyImageByHandle: -> 0 (\Device\HarddiskVolume2\Windows\System32\user32.dll) WinVerifyTrust
1220.aa8: supR3HardenedWinVerifyCacheProcessImportTodos: Processing 'qt6widgetsvbox.dll'...
1220.aa8: supR3HardenedWinVerifyCacheProcessImportTodos: 'qt6widgetsvbox.dll' -> '\Device\HarddiskVolume2\Program Files\Oracle\VirtualBox\qt6widgetsvbox.dll' [rcNtRedir=0xc0150008]
1220.aa8: supR3HardenedWinVerifyCacheProcessImportTodos: Processing 'gdi32.dll'...
1220.aa8: supR3HardenedWinVerifyCacheProcessImportTodos: 'gdi32.dll' -> '\Device\HarddiskVolume2\Windows\System32\gdi32.dll' [rcNtRedir=0xc0150008]
1220.aa8: supR3HardenedScreenImage/Imports: cache hit (VINF_SUCCESS) on \Device\HarddiskVolume2\Windows\System32\gdi32.dll [lacks WinVerifyTrust]
1220.aa8: supR3HardenedWinVerifyCacheProcessImportTodos: Processing 'win32u.dll'...
1220.aa8: supR3HardenedWinVerifyCacheProcessImportTodos: 'win32u.dll' -> '\Device\HarddiskVolume2\Windows\System32\win32u.dll' [rcNtRedir=0xc0150008]
1220.aa8: supR3HardenedScreenImage/Imports: cache hit (VINF_SUCCESS) on \Device\HarddiskVolume2\Windows\System32\win32u.dll [lacks WinVerifyTrust]
1220.aa8: supR3HardenedMonitor_LdrLoadDll: returns rcNt=0x0 hMod=00007ffd5fd10000 'C:\Windows\system32\rsaenh.dll'
1220.aa8: supR3HardenedMonitor_LdrLoadDll: returns rcNt=0x0 hMod=00007ffd60e40000 'C:\Windows\System32\crypt32.dll'
1220.aa8: supR3HardenedWinVerifyCacheScheduleImports: Import todo: #0 'dwmapi.dll'.
1220.aa8: supR3HardenedWinVerifyCacheScheduleImports: Import todo: #1 'uxtheme.dll'.
1220.aa8: supR3HardenedWinVerifyCacheScheduleImports: Import todo: #2 'qt6guivbox.dll'.
1220.aa8: supR3HardenedWinVerifyCacheScheduleImports: Import todo: #3 'qt6corevbox.dll'.
1220.aa8: supR3HardenedWinVerifyCacheScheduleImports: Import todo: #5 'user32.dll'.
1220.aa8: supR3HardenedWinVerifyCacheScheduleImports: Import todo: #6 'gdi32.dll'.
1220.aa8: supR3HardenedWinVerifyCacheScheduleImports: Import todo: #7 'msvcp140.dll'.
1220.aa8: supR3HardenedWinVerifyCacheScheduleImports: Import todo: #8 'msvcp140_1.dll'.
1220.aa8: supR3HardenedWinVerifyCacheScheduleImports: Import todo: #9 'vcruntime140.dll'.
1220.aa8: supR3HardenedWinVerifyCacheScheduleImports: Import todo: #10 'vcruntime140_1.dll'.
1220.aa8: supHardenedWinVerifyImageByHandle: -> 0 (\Device\HarddiskVolume2\Program Files\Oracle\VirtualBox\Qt6WidgetsVBox.dll) WinVerifyTrust
1220.aa8: supR3HardenedWinVerifyCacheInsert: \Device\HarddiskVolume2\Program Files\Oracle\VirtualBox\Qt6WidgetsVBox.dll
1220.aa8: supR3HardenedWinVerifyCacheProcessImportTodos: Processing 'qt6guivbox.dll'...
1220.aa8: supR3HardenedWinVerifyCacheProcessImportTodos: 'qt6guivbox.dll' -> '\Device\HarddiskVolume2\Program Files\Oracle\VirtualBox\qt6guivbox.dll' [rcNtRedir=0xc0150008]
1220.aa8: supR3HardenedWinVerifyCacheProcessImportTodos: Processing 'vcruntime140_1.dll'...
1220.aa8: supR3HardenedWinVerifyCacheProcessImportTodos: 'vcruntime140_1.dll' -> '\Device\HarddiskVolume2\Windows\System32\vcruntime140_1.dll' [rcNtRedir=0xc0150008]
1220.aa8: supR3HardenedScreenImage/Imports: cache hit (VINF_SUCCESS) on \Device\HarddiskVolume2\Windows\System32\vcruntime140_1.dll
1220.aa8: supR3HardenedWinVerifyCacheProcessImportTodos: Processing 'vcruntime140.dll'...
1220.aa8: supR3HardenedWinVerifyCacheProcessImportTodos: 'vcruntime140.dll' -> '\Device\HarddiskVolume2\Windows\System32\vcruntime140.dll' [rcNtRedir=0xc0150008]
1220.aa8: supR3HardenedScreenImage/Imports: cache hit (VINF_SUCCESS) on \Device\HarddiskVolume2\Windows\System32\vcruntime140.dll
1220.aa8: supR3HardenedWinVerifyCacheProcessImportTodos: Processing 'msvcp140_1.dll'...
1220.aa8: supR3HardenedWinVerifyCacheProcessImportTodos: 'msvcp140_1.dll' -> '\Device\HarddiskVolume2\Windows\System32\msvcp140_1.dll' [rcNtRedir=0xc0150008]
1220.aa8: Detected WinVerifyTrust recursion: rc=VINF_SUCCESS '\Device\HarddiskVolume2\Windows\System32\msvcp140_1.dll'.
1220.aa8: supR3HardenedWinVerifyCacheScheduleImports: Import todo: #0 'msvcp140.dll'.
1220.aa8: supR3HardenedWinVerifyCacheScheduleImports: Import todo: #1 'vcruntime140.dll'.
1220.aa8: supHardenedWinVerifyImageByHandle: -> 0 (\Device\HarddiskVolume2\Windows\System32\msvcp140_1.dll)
1220.aa8: supR3HardenedWinVerifyCacheInsert: \Device\HarddiskVolume2\Windows\System32\msvcp140_1.dll
1220.aa8: supR3HardenedWinVerifyCacheProcessImportTodos: Processing 'msvcp140.dll'...
1220.aa8: supR3HardenedWinVerifyCacheProcessImportTodos: 'msvcp140.dll' -> '\Device\HarddiskVolume2\Windows\System32\msvcp140.dll' [rcNtRedir=0xc0150008]
1220.aa8: supR3HardenedScreenImage/Imports: cache hit (VINF_SUCCESS) on \Device\HarddiskVolume2\Windows\System32\msvcp140.dll
1220.aa8: supR3HardenedWinVerifyCacheProcessImportTodos: Processing 'gdi32.dll'...
1220.aa8: supR3HardenedWinVerifyCacheProcessImportTodos: 'gdi32.dll' -> '\Device\HarddiskVolume2\Windows\System32\gdi32.dll' [rcNtRedir=0xc0150008]
1220.aa8: supR3HardenedScreenImage/Imports: cache hit (VINF_SUCCESS) on \Device\HarddiskVolume2\Windows\System32\gdi32.dll [lacks WinVerifyTrust]
1220.aa8: supR3HardenedWinVerifyCacheProcessImportTodos: Processing 'user32.dll'...
1220.aa8: supR3HardenedWinVerifyCacheProcessImportTodos: 'user32.dll' -> '\Device\HarddiskVolume2\Windows\System32\user32.dll' [rcNtRedir=0xc0150008]
1220.aa8: supR3HardenedScreenImage/Imports: cache hit (VINF_SUCCESS) on \Device\HarddiskVolume2\Windows\System32\user32.dll [lacks WinVerifyTrust]
1220.aa8: supR3HardenedWinVerifyCacheProcessImportTodos: Processing 'qt6corevbox.dll'...
1220.aa8: supR3HardenedWinVerifyCacheProcessImportTodos: 'qt6corevbox.dll' -> '\Device\HarddiskVolume2\Program Files\Oracle\VirtualBox\qt6corevbox.dll' [rcNtRedir=0xc0150008]
1220.aa8: Detected WinVerifyTrust recursion: rc=VINF_SUCCESS '\Device\HarddiskVolume2\Program Files\Oracle\VirtualBox\Qt6CoreVBox.dll'.
1220.aa8: supR3HardenedWinVerifyCacheScheduleImports: Import todo: #1 'mpr.dll'.
1220.aa8: supR3HardenedWinVerifyCacheScheduleImports: Import todo: #2 'userenv.dll'.
1220.aa8: supR3HardenedWinVerifyCacheScheduleImports: Import todo: #3 'advapi32.dll'.
1220.aa8: supR3HardenedWinVerifyCacheScheduleImports: Import todo: #4 'authz.dll'.
1220.aa8: supR3HardenedWinVerifyCacheScheduleImports: Import todo: #6 'netapi32.dll'.
1220.aa8: supR3HardenedWinVerifyCacheScheduleImports: Import todo: #7 'ole32.dll'.
1220.aa8: supR3HardenedWinVerifyCacheScheduleImports: Import todo: #8 'shell32.dll'.
1220.aa8: supR3HardenedWinVerifyCacheScheduleImports: Import todo: #9 'user32.dll'.
1220.aa8: supR3HardenedWinVerifyCacheScheduleImports: Import todo: #10 'version.dll'.
1220.aa8: supR3HardenedWinVerifyCacheScheduleImports: Import todo: #11 'winmm.dll'.
1220.aa8: supR3HardenedWinVerifyCacheScheduleImports: Import todo: #12 'ws2_32.dll'.
1220.aa8: supR3HardenedWinVerifyCacheScheduleImports: Import todo: #13 'msvcp140.dll'.
1220.aa8: supR3HardenedWinVerifyCacheScheduleImports: Import todo: #14 'msvcp140_1.dll'.
1220.aa8: supR3HardenedWinVerifyCacheScheduleImports: Import todo: #15 'vcruntime140_1.dll'.
1220.aa8: supR3HardenedWinVerifyCacheScheduleImports: Import todo: #16 'vcruntime140.dll'.
1220.aa8: supHardenedWinVerifyImageByHandle: -> 0 (\Device\HarddiskVolume2\Program Files\Oracle\VirtualBox\Qt6CoreVBox.dll)
1220.aa8: supR3HardenedWinVerifyCacheInsert: \Device\HarddiskVolume2\Program Files\Oracle\VirtualBox\Qt6CoreVBox.dll
1220.aa8: supR3HardenedWinVerifyCacheProcessImportTodos: Processing 'qt6guivbox.dll'...
1220.aa8: supR3HardenedWinVerifyCacheProcessImportTodos: 'qt6guivbox.dll' -> '\Device\HarddiskVolume2\Program Files\Oracle\VirtualBox\qt6guivbox.dll' [rcNtRedir=0xc0150008]
1220.aa8: Detected WinVerifyTrust recursion: rc=VINF_SUCCESS '\Device\HarddiskVolume2\Program Files\Oracle\VirtualBox\Qt6GuiVBox.dll'.
1220.aa8: supR3HardenedWinVerifyCacheScheduleImports: Import todo: #0 'd3d11.dll'.
1220.aa8: supR3HardenedWinVerifyCacheScheduleImports: Import todo: #1 'dxgi.dll'.
1220.aa8: supR3HardenedWinVerifyCacheScheduleImports: Import todo: #2 'd3d12.dll'.
1220.aa8: supR3HardenedWinVerifyCacheScheduleImports: Import todo: #3 'gdi32.dll'.
1220.aa8: supR3HardenedWinVerifyCacheScheduleImports: Import todo: #4 'ole32.dll'.
1220.aa8: supR3HardenedWinVerifyCacheScheduleImports: Import todo: #5 'shell32.dll'.
1220.aa8: supR3HardenedWinVerifyCacheScheduleImports: Import todo: #6 'user32.dll'.
1220.aa8: supR3HardenedWinVerifyCacheScheduleImports: Import todo: #7 'uxtheme.dll'.
1220.aa8: supR3HardenedWinVerifyCacheScheduleImports: Import todo: #8 'dwrite.dll'.
1220.aa8: supR3HardenedWinVerifyCacheScheduleImports: Import todo: #9 'qt6corevbox.dll'.
1220.aa8: supR3HardenedWinVerifyCacheScheduleImports: Import todo: #11 'msvcp140.dll'.
1220.aa8: supR3HardenedWinVerifyCacheScheduleImports: Import todo: #12 'msvcp140_1.dll'.
1220.aa8: supR3HardenedWinVerifyCacheScheduleImports: Import todo: #13 'msvcp140_2.dll'.
1220.aa8: supR3HardenedWinVerifyCacheScheduleImports: Import todo: #14 'vcruntime140.dll'.
1220.aa8: supR3HardenedWinVerifyCacheScheduleImports: Import todo: #15 'vcruntime140_1.dll'.
1220.aa8: supHardenedWinVerifyImageByHandle: -> 0 (\Device\HarddiskVolume2\Program Files\Oracle\VirtualBox\Qt6GuiVBox.dll)
1220.aa8: supR3HardenedWinVerifyCacheInsert: \Device\HarddiskVolume2\Program Files\Oracle\VirtualBox\Qt6GuiVBox.dll
1220.aa8: supR3HardenedWinVerifyCacheProcessImportTodos: Processing 'uxtheme.dll'...
1220.aa8: supR3HardenedWinVerifyCacheProcessImportTodos: 'uxtheme.dll' -> '\Device\HarddiskVolume2\Windows\System32\uxtheme.dll' [rcNtRedir=0xc0150008]
1220.aa8: Detected WinVerifyTrust recursion: rc=22900 '\Device\HarddiskVolume2\Windows\System32\uxtheme.dll'.
1220.aa8: supR3HardenedWinVerifyCacheScheduleImports: Import todo: #0 'msvcrt.dll'.
1220.aa8: supR3HardenedWinVerifyCacheScheduleImports: Import todo: #33 'gdi32.dll'.
1220.aa8: supR3HardenedWinVerifyCacheScheduleImports: Import todo: #34 'user32.dll'.
1220.aa8: supHardenedWinVerifyImageByHandle: -> 22900 (\Device\HarddiskVolume2\Windows\System32\uxtheme.dll)
1220.aa8: supR3HardenedWinVerifyCacheInsert: \Device\HarddiskVolume2\Windows\System32\uxtheme.dll
1220.aa8: supR3HardenedWinVerifyCacheProcessImportTodos: Processing 'dwmapi.dll'...
1220.aa8: supR3HardenedWinVerifyCacheProcessImportTodos: 'dwmapi.dll' -> '\Device\HarddiskVolume2\Windows\System32\dwmapi.dll' [rcNtRedir=0xc0150008]
1220.aa8: Detected WinVerifyTrust recursion: rc=VINF_SUCCESS '\Device\HarddiskVolume2\Windows\System32\dwmapi.dll'.
1220.aa8: supR3HardenedWinVerifyCacheScheduleImports: Import todo: #0 'msvcrt.dll'.
1220.aa8: supR3HardenedWinVerifyCacheScheduleImports: Import todo: #20 'win32u.dll'.
1220.aa8: supR3HardenedWinVerifyCacheScheduleImports: Import todo: #21 'user32.dll'.
1220.aa8: supR3HardenedWinVerifyCacheScheduleImports: Import todo: #22 'gdi32.dll'.
1220.aa8: supHardenedWinVerifyImageByHandle: -> 0 (\Device\HarddiskVolume2\Windows\System32\dwmapi.dll)
1220.aa8: supR3HardenedWinVerifyCacheInsert: \Device\HarddiskVolume2\Windows\System32\dwmapi.dll
1220.aa8: supR3HardenedWinVerifyCacheProcessImportTodos: Processing 'gdi32.dll'...
1220.aa8: supR3HardenedWinVerifyCacheProcessImportTodos: 'gdi32.dll' -> '\Device\HarddiskVolume2\Windows\System32\gdi32.dll' [rcNtRedir=0xc0150008]
1220.aa8: supR3HardenedScreenImage/Imports: cache hit (VINF_SUCCESS) on \Device\HarddiskVolume2\Windows\System32\gdi32.dll [lacks WinVerifyTrust]
1220.aa8: supR3HardenedWinVerifyCacheProcessImportTodos: Processing 'user32.dll'...
1220.aa8: supR3HardenedWinVerifyCacheProcessImportTodos: 'user32.dll' -> '\Device\HarddiskVolume2\Windows\System32\user32.dll' [rcNtRedir=0xc0150008]
1220.aa8: supR3HardenedScreenImage/Imports: cache hit (VINF_SUCCESS) on \Device\HarddiskVolume2\Windows\System32\user32.dll [lacks WinVerifyTrust]
1220.aa8: supR3HardenedWinVerifyCacheProcessImportTodos: Processing 'win32u.dll'...
1220.aa8: supR3HardenedWinVerifyCacheProcessImportTodos: 'win32u.dll' -> '\Device\HarddiskVolume2\Windows\System32\win32u.dll' [rcNtRedir=0xc0150008]
1220.aa8: supR3HardenedScreenImage/Imports: cache hit (VINF_SUCCESS) on \Device\HarddiskVolume2\Windows\System32\win32u.dll [lacks WinVerifyTrust]
1220.aa8: supR3HardenedWinVerifyCacheProcessImportTodos: Processing 'msvcrt.dll'...
1220.aa8: supR3HardenedWinVerifyCacheProcessImportTodos: 'msvcrt.dll' -> '\Device\HarddiskVolume2\Windows\System32\msvcrt.dll' [rcNtRedir=0xc0150008]
1220.aa8: supR3HardenedScreenImage/Imports: cache hit (VINF_SUCCESS) on \Device\HarddiskVolume2\Windows\System32\msvcrt.dll
1220.aa8: supR3HardenedWinVerifyCacheProcessImportTodos: Processing 'user32.dll'...
1220.aa8: supR3HardenedWinVerifyCacheProcessImportTodos: 'user32.dll' -> '\Device\HarddiskVolume2\Windows\System32\user32.dll' [rcNtRedir=0xc0150008]
1220.aa8: supR3HardenedScreenImage/Imports: cache hit (VINF_SUCCESS) on \Device\HarddiskVolume2\Windows\System32\user32.dll [lacks WinVerifyTrust]
1220.aa8: supR3HardenedWinVerifyCacheProcessImportTodos: Processing 'gdi32.dll'...
1220.aa8: supR3HardenedWinVerifyCacheProcessImportTodos: 'gdi32.dll' -> '\Device\HarddiskVolume2\Windows\System32\gdi32.dll' [rcNtRedir=0xc0150008]
1220.aa8: supR3HardenedScreenImage/Imports: cache hit (VINF_SUCCESS) on \Device\HarddiskVolume2\Windows\System32\gdi32.dll [lacks WinVerifyTrust]
1220.aa8: supR3HardenedWinVerifyCacheProcessImportTodos: Processing 'msvcrt.dll'...
1220.aa8: supR3HardenedWinVerifyCacheProcessImportTodos: 'msvcrt.dll' -> '\Device\HarddiskVolume2\Windows\System32\msvcrt.dll' [rcNtRedir=0xc0150008]
1220.aa8: supR3HardenedScreenImage/Imports: cache hit (VINF_SUCCESS) on \Device\HarddiskVolume2\Windows\System32\msvcrt.dll
1220.aa8: supR3HardenedWinVerifyCacheProcessImportTodos: Processing 'vcruntime140_1.dll'...
1220.aa8: supR3HardenedWinVerifyCacheProcessImportTodos: 'vcruntime140_1.dll' -> '\Device\HarddiskVolume2\Windows\System32\vcruntime140_1.dll' [rcNtRedir=0xc0150008]
1220.aa8: supR3HardenedScreenImage/Imports: cache hit (VINF_SUCCESS) on \Device\HarddiskVolume2\Windows\System32\vcruntime140_1.dll
1220.aa8: supR3HardenedWinVerifyCacheProcessImportTodos: Processing 'vcruntime140.dll'...
1220.aa8: supR3HardenedWinVerifyCacheProcessImportTodos: 'vcruntime140.dll' -> '\Device\HarddiskVolume2\Windows\System32\vcruntime140.dll' [rcNtRedir=0xc0150008]
1220.aa8: supR3HardenedScreenImage/Imports: cache hit (VINF_SUCCESS) on \Device\HarddiskVolume2\Windows\System32\vcruntime140.dll
1220.aa8: supR3HardenedWinVerifyCacheProcessImportTodos: Processing 'msvcp140_2.dll'...
1220.aa8: supR3HardenedWinVerifyCacheProcessImportTodos: 'msvcp140_2.dll' -> '\Device\HarddiskVolume2\Windows\System32\msvcp140_2.dll' [rcNtRedir=0xc0150008]
1220.aa8: Detected WinVerifyTrust recursion: rc=VINF_SUCCESS '\Device\HarddiskVolume2\Windows\System32\msvcp140_2.dll'.
1220.aa8: supR3HardenedWinVerifyCacheScheduleImports: Import todo: #0 'msvcp140.dll'.
1220.aa8: supR3HardenedWinVerifyCacheScheduleImports: Import todo: #1 'vcruntime140.dll'.
1220.aa8: supR3HardenedWinVerifyCacheScheduleImports: Import todo: #2 'vcruntime140_1.dll'.
1220.aa8: supHardenedWinVerifyImageByHandle: -> 0 (\Device\HarddiskVolume2\Windows\System32\msvcp140_2.dll)
1220.aa8: supR3HardenedWinVerifyCacheInsert: \Device\HarddiskVolume2\Windows\System32\msvcp140_2.dll
1220.aa8: supR3HardenedWinVerifyCacheProcessImportTodos: Processing 'msvcp140_1.dll'...
1220.aa8: supR3HardenedWinVerifyCacheProcessImportTodos: 'msvcp140_1.dll' -> '\Device\HarddiskVolume2\Windows\System32\msvcp140_1.dll' [rcNtRedir=0xc0150008]
1220.aa8: supR3HardenedScreenImage/Imports: cache hit (VINF_SUCCESS) on \Device\HarddiskVolume2\Windows\System32\msvcp140_1.dll [lacks WinVerifyTrust]
1220.aa8: supR3HardenedWinVerifyCacheProcessImportTodos: Processing 'msvcp140.dll'...
1220.aa8: supR3HardenedWinVerifyCacheProcessImportTodos: 'msvcp140.dll' -> '\Device\HarddiskVolume2\Windows\System32\msvcp140.dll' [rcNtRedir=0xc0150008]
1220.aa8: supR3HardenedScreenImage/Imports: cache hit (VINF_SUCCESS) on \Device\HarddiskVolume2\Windows\System32\msvcp140.dll
1220.aa8: supR3HardenedWinVerifyCacheProcessImportTodos: Processing 'qt6corevbox.dll'...
1220.aa8: supR3HardenedWinVerifyCacheProcessImportTodos: 'qt6corevbox.dll' -> '\Device\HarddiskVolume2\Program Files\Oracle\VirtualBox\qt6corevbox.dll' [rcNtRedir=0xc0150008]
1220.aa8: supR3HardenedScreenImage/Imports: cache hit (VINF_SUCCESS) on \Device\HarddiskVolume2\Program Files\Oracle\VirtualBox\Qt6CoreVBox.dll [lacks WinVerifyTrust]
1220.aa8: supR3HardenedWinVerifyCacheProcessImportTodos: Processing 'dwrite.dll'...
1220.aa8: supR3HardenedWinVerifyCacheProcessImportTodos: 'dwrite.dll' -> '\Device\HarddiskVolume2\Windows\System32\dwrite.dll' [rcNtRedir=0xc0150008]
1220.aa8: Detected WinVerifyTrust recursion: rc=22900 '\Device\HarddiskVolume2\Windows\System32\DWrite.dll'.
1220.aa8: supR3HardenedWinVerifyCacheScheduleImports: Import todo: #0 'msvcrt.dll'.
1220.aa8: supR3HardenedWinVerifyCacheScheduleImports: Import todo: #12 'rpcrt4.dll'.
1220.aa8: supHardenedWinVerifyImageByHandle: -> 22900 (\Device\HarddiskVolume2\Windows\System32\DWrite.dll)
1220.aa8: supR3HardenedWinVerifyCacheInsert: \Device\HarddiskVolume2\Windows\System32\DWrite.dll
1220.aa8: supR3HardenedWinVerifyCacheProcessImportTodos: Processing 'uxtheme.dll'...
1220.aa8: supR3HardenedWinVerifyCacheProcessImportTodos: 'uxtheme.dll' -> '\Device\HarddiskVolume2\Windows\System32\uxtheme.dll' [rcNtRedir=0xc0150008]
1220.aa8: supR3HardenedScreenImage/Imports: cache hit (22900) on \Device\HarddiskVolume2\Windows\System32\uxtheme.dll [lacks WinVerifyTrust]
1220.aa8: supR3HardenedWinVerifyCacheProcessImportTodos: Processing 'user32.dll'...
1220.aa8: supR3HardenedWinVerifyCacheProcessImportTodos: 'user32.dll' -> '\Device\HarddiskVolume2\Windows\System32\user32.dll' [rcNtRedir=0xc0150008]
1220.aa8: supR3HardenedScreenImage/Imports: cache hit (VINF_SUCCESS) on \Device\HarddiskVolume2\Windows\System32\user32.dll [lacks WinVerifyTrust]
1220.aa8: supR3HardenedWinVerifyCacheProcessImportTodos: Processing 'shell32.dll'...
1220.aa8: supR3HardenedWinVerifyCacheProcessImportTodos: 'shell32.dll' -> '\Device\HarddiskVolume2\Windows\System32\shell32.dll' [rcNtRedir=0xc0150008]
1220.aa8: Detected WinVerifyTrust recursion: rc=VINF_SUCCESS '\Device\HarddiskVolume2\Windows\System32\shell32.dll'.
1220.aa8: supR3HardenedWinVerifyCacheScheduleImports: Import todo: #0 'msvcp_win.dll'.
1220.aa8: supR3HardenedWinVerifyCacheScheduleImports: Import todo: #72 'user32.dll'.
1220.aa8: supR3HardenedWinVerifyCacheScheduleImports: Import todo: #74 'gdi32.dll'.
1220.aa8: supHardenedWinVerifyImageByHandle: -> 0 (\Device\HarddiskVolume2\Windows\System32\shell32.dll)
1220.aa8: supR3HardenedWinVerifyCacheInsert: \Device\HarddiskVolume2\Windows\System32\shell32.dll
1220.aa8: supR3HardenedWinVerifyCacheProcessImportTodos: Processing 'ole32.dll'...
1220.aa8: supR3HardenedWinVerifyCacheProcessImportTodos: 'ole32.dll' -> '\Device\HarddiskVolume2\Windows\System32\ole32.dll' [rcNtRedir=0xc0150008]
1220.aa8: supR3HardenedScreenImage/Imports: cache hit (VINF_SUCCESS) on \Device\HarddiskVolume2\Windows\System32\ole32.dll
1220.aa8: supR3HardenedWinVerifyCacheProcessImportTodos: Processing 'gdi32.dll'...
1220.aa8: supR3HardenedWinVerifyCacheProcessImportTodos: 'gdi32.dll' -> '\Device\HarddiskVolume2\Windows\System32\gdi32.dll' [rcNtRedir=0xc0150008]
1220.aa8: supR3HardenedScreenImage/Imports: cache hit (VINF_SUCCESS) on \Device\HarddiskVolume2\Windows\System32\gdi32.dll [lacks WinVerifyTrust]
1220.aa8: supR3HardenedWinVerifyCacheProcessImportTodos: Processing 'd3d12.dll'...
1220.aa8: supR3HardenedWinVerifyCacheProcessImportTodos: 'd3d12.dll' -> '\Device\HarddiskVolume2\Windows\System32\d3d12.dll' [rcNtRedir=0xc0150008]
1220.aa8: Detected WinVerifyTrust recursion: rc=VINF_SUCCESS '\Device\HarddiskVolume2\Windows\System32\D3D12.dll'.
1220.aa8: supR3HardenedWinVerifyCacheScheduleImports: Import todo: #0 'msvcp_win.dll'.
1220.aa8: supHardenedWinVerifyImageByHandle: -> 0 (\Device\HarddiskVolume2\Windows\System32\D3D12.dll)
1220.aa8: supR3HardenedWinVerifyCacheInsert: \Device\HarddiskVolume2\Windows\System32\D3D12.dll
1220.aa8: supR3HardenedWinVerifyCacheProcessImportTodos: Processing 'dxgi.dll'...
1220.aa8: supR3HardenedWinVerifyCacheProcessImportTodos: 'dxgi.dll' -> '\Device\HarddiskVolume2\Windows\System32\dxgi.dll' [rcNtRedir=0xc0150008]
1220.aa8: Detected WinVerifyTrust recursion: rc=VINF_SUCCESS '\Device\HarddiskVolume2\Windows\System32\dxgi.dll'.
1220.aa8: supR3HardenedWinVerifyCacheScheduleImports: Import todo: #0 'msvcrt.dll'.
1220.aa8: supR3HardenedWinVerifyCacheScheduleImports: Import todo: #2 'win32u.dll'.
1220.aa8: supHardenedWinVerifyImageByHandle: -> 0 (\Device\HarddiskVolume2\Windows\System32\dxgi.dll)
1220.aa8: supR3HardenedWinVerifyCacheInsert: \Device\HarddiskVolume2\Windows\System32\dxgi.dll
1220.aa8: supR3HardenedWinVerifyCacheProcessImportTodos: Processing 'd3d11.dll'...
1220.aa8: supR3HardenedWinVerifyCacheProcessImportTodos: 'd3d11.dll' -> '\Device\HarddiskVolume2\Windows\System32\d3d11.dll' [rcNtRedir=0xc0150008]
1220.aa8: Detected WinVerifyTrust recursion: rc=VINF_SUCCESS '\Device\HarddiskVolume2\Windows\System32\d3d11.dll'.
1220.aa8: supR3HardenedWinVerifyCacheScheduleImports: Import todo: #0 'msvcrt.dll'.
1220.aa8: supR3HardenedWinVerifyCacheScheduleImports: Import todo: #26 'dxgi.dll'.
1220.aa8: supR3HardenedWinVerifyCacheScheduleImports: Import todo: #28 'win32u.dll'.
1220.aa8: supHardenedWinVerifyImageByHandle: -> 0 (\Device\HarddiskVolume2\Windows\System32\d3d11.dll)
1220.aa8: supR3HardenedWinVerifyCacheInsert: \Device\HarddiskVolume2\Windows\System32\d3d11.dll
1220.aa8: supR3HardenedWinVerifyCacheProcessImportTodos: Processing 'vcruntime140.dll'...
1220.aa8: supR3HardenedWinVerifyCacheProcessImportTodos: 'vcruntime140.dll' -> '\Device\HarddiskVolume2\Windows\System32\vcruntime140.dll' [rcNtRedir=0xc0150008]
1220.aa8: supR3HardenedWinVerifyCacheProcessImportTodos: Processing 'vcruntime140_1.dll'...
1220.aa8: supR3HardenedWinVerifyCacheProcessImportTodos: 'vcruntime140_1.dll' -> '\Device\HarddiskVolume2\Windows\System32\vcruntime140_1.dll' [rcNtRedir=0xc0150008]
1220.aa8: supR3HardenedScreenImage/Imports: cache hit (VINF_SUCCESS) on \Device\HarddiskVolume2\Windows\System32\vcruntime140_1.dll
1220.aa8: supR3HardenedWinVerifyCacheProcessImportTodos: Processing 'msvcp140_1.dll'...
1220.aa8: supR3HardenedWinVerifyCacheProcessImportTodos: 'msvcp140_1.dll' -> '\Device\HarddiskVolume2\Windows\System32\msvcp140_1.dll' [rcNtRedir=0xc0150008]
1220.aa8: supR3HardenedScreenImage/Imports: cache hit (VINF_SUCCESS) on \Device\HarddiskVolume2\Windows\System32\msvcp140_1.dll [lacks WinVerifyTrust]
1220.aa8: supR3HardenedWinVerifyCacheProcessImportTodos: Processing 'msvcp140.dll'...
1220.aa8: supR3HardenedWinVerifyCacheProcessImportTodos: 'msvcp140.dll' -> '\Device\HarddiskVolume2\Windows\System32\msvcp140.dll' [rcNtRedir=0xc0150008]
1220.aa8: supR3HardenedScreenImage/Imports: cache hit (VINF_SUCCESS) on \Device\HarddiskVolume2\Windows\System32\msvcp140.dll
1220.aa8: supR3HardenedWinVerifyCacheProcessImportTodos: Processing 'ws2_32.dll'...
1220.aa8: supR3HardenedWinVerifyCacheProcessImportTodos: 'ws2_32.dll' -> '\Device\HarddiskVolume2\Windows\System32\ws2_32.dll' [rcNtRedir=0xc0150008]
1220.aa8: supR3HardenedScreenImage/Imports: cache hit (VINF_SUCCESS) on \Device\HarddiskVolume2\Windows\System32\ws2_32.dll
1220.aa8: supR3HardenedWinVerifyCacheProcessImportTodos: Processing 'winmm.dll'...
1220.aa8: supR3HardenedWinVerifyCacheProcessImportTodos: 'winmm.dll' -> '\Device\HarddiskVolume2\Windows\System32\winmm.dll' [rcNtRedir=0xc0150008]
1220.aa8: supR3HardenedScreenImage/Imports: cache hit (VINF_SUCCESS) on \Device\HarddiskVolume2\Windows\System32\winmm.dll
1220.aa8: supR3HardenedWinVerifyCacheProcessImportTodos: Processing 'version.dll'...
1220.aa8: supR3HardenedWinVerifyCacheProcessImportTodos: 'version.dll' -> '\Device\HarddiskVolume2\Windows\System32\version.dll' [rcNtRedir=0xc0150008]
1220.aa8: Detected WinVerifyTrust recursion: rc=VINF_SUCCESS '\Device\HarddiskVolume2\Windows\System32\version.dll'.
1220.aa8: supR3HardenedWinVerifyCacheScheduleImports: Import todo: #0 'msvcrt.dll'.
1220.aa8: supHardenedWinVerifyImageByHandle: -> 0 (\Device\HarddiskVolume2\Windows\System32\version.dll)
1220.aa8: supR3HardenedWinVerifyCacheInsert: \Device\HarddiskVolume2\Windows\System32\version.dll
1220.aa8: supR3HardenedWinVerifyCacheProcessImportTodos: Processing 'user32.dll'...
1220.aa8: supR3HardenedWinVerifyCacheProcessImportTodos: 'user32.dll' -> '\Device\HarddiskVolume2\Windows\System32\user32.dll' [rcNtRedir=0xc0150008]
1220.aa8: supR3HardenedScreenImage/Imports: cache hit (VINF_SUCCESS) on \Device\HarddiskVolume2\Windows\System32\user32.dll [lacks WinVerifyTrust]
1220.aa8: supR3HardenedWinVerifyCacheProcessImportTodos: Processing 'shell32.dll'...
1220.aa8: supR3HardenedWinVerifyCacheProcessImportTodos: 'shell32.dll' -> '\Device\HarddiskVolume2\Windows\System32\shell32.dll' [rcNtRedir=0xc0150008]
1220.aa8: supR3HardenedScreenImage/Imports: cache hit (VINF_SUCCESS) on \Device\HarddiskVolume2\Windows\System32\shell32.dll [lacks WinVerifyTrust]
1220.aa8: supR3HardenedWinVerifyCacheProcessImportTodos: Processing 'ole32.dll'...
1220.aa8: supR3HardenedWinVerifyCacheProcessImportTodos: 'ole32.dll' -> '\Device\HarddiskVolume2\Windows\System32\ole32.dll' [rcNtRedir=0xc0150008]
1220.aa8: supR3HardenedScreenImage/Imports: cache hit (VINF_SUCCESS) on \Device\HarddiskVolume2\Windows\System32\ole32.dll
1220.aa8: supR3HardenedWinVerifyCacheProcessImportTodos: Processing 'netapi32.dll'...
1220.aa8: supR3HardenedWinVerifyCacheProcessImportTodos: 'netapi32.dll' -> '\Device\HarddiskVolume2\Windows\System32\netapi32.dll' [rcNtRedir=0xc0150008]
1220.aa8: Detected WinVerifyTrust recursion: rc=VINF_SUCCESS '\Device\HarddiskVolume2\Windows\System32\netapi32.dll'.
1220.aa8: supR3HardenedWinVerifyCacheScheduleImports: Import todo: #0 'msvcrt.dll'.
1220.aa8: supHardenedWinVerifyImageByHandle: -> 0 (\Device\HarddiskVolume2\Windows\System32\netapi32.dll)
1220.aa8: supR3HardenedWinVerifyCacheInsert: \Device\HarddiskVolume2\Windows\System32\netapi32.dll
1220.aa8: supR3HardenedWinVerifyCacheProcessImportTodos: Processing 'authz.dll'...
1220.aa8: supR3HardenedWinVerifyCacheProcessImportTodos: 'authz.dll' -> '\Device\HarddiskVolume2\Windows\System32\authz.dll' [rcNtRedir=0xc0150008]
1220.aa8: Detected WinVerifyTrust recursion: rc=22900 '\Device\HarddiskVolume2\Windows\System32\authz.dll'.
1220.aa8: supHardenedWinVerifyImageByHandle: -> 22900 (\Device\HarddiskVolume2\Windows\System32\authz.dll)
1220.aa8: supR3HardenedWinVerifyCacheInsert: \Device\HarddiskVolume2\Windows\System32\authz.dll
1220.aa8: supR3HardenedWinVerifyCacheProcessImportTodos: Processing 'advapi32.dll'...
1220.aa8: supR3HardenedWinVerifyCacheProcessImportTodos: 'advapi32.dll' -> '\Device\HarddiskVolume2\Windows\System32\advapi32.dll' [rcNtRedir=0xc0150008]
1220.aa8: supR3HardenedScreenImage/Imports: cache hit (VINF_SUCCESS) on \Device\HarddiskVolume2\Windows\System32\advapi32.dll
1220.aa8: supR3HardenedWinVerifyCacheProcessImportTodos: Processing 'userenv.dll'...
1220.aa8: supR3HardenedWinVerifyCacheProcessImportTodos: 'userenv.dll' -> '\Device\HarddiskVolume2\Windows\System32\userenv.dll' [rcNtRedir=0xc0150008]
1220.aa8: Detected WinVerifyTrust recursion: rc=VINF_SUCCESS '\Device\HarddiskVolume2\Windows\System32\userenv.dll'.
1220.aa8: supR3HardenedWinVerifyCacheScheduleImports: Import todo: #17 'rpcrt4.dll'.
1220.aa8: supHardenedWinVerifyImageByHandle: -> 0 (\Device\HarddiskVolume2\Windows\System32\userenv.dll)
1220.aa8: supR3HardenedWinVerifyCacheInsert: \Device\HarddiskVolume2\Windows\System32\userenv.dll
1220.aa8: supR3HardenedWinVerifyCacheProcessImportTodos: Processing 'mpr.dll'...
1220.aa8: supR3HardenedWinVerifyCacheProcessImportTodos: 'mpr.dll' -> '\Device\HarddiskVolume2\Windows\System32\mpr.dll' [rcNtRedir=0xc0150008]
1220.aa8: Detected WinVerifyTrust recursion: rc=VINF_SUCCESS '\Device\HarddiskVolume2\Windows\System32\mpr.dll'.
1220.aa8: supHardenedWinVerifyImageByHandle: -> 0 (\Device\HarddiskVolume2\Windows\System32\mpr.dll)
1220.aa8: supR3HardenedWinVerifyCacheInsert: \Device\HarddiskVolume2\Windows\System32\mpr.dll
1220.aa8: supR3HardenedWinVerifyCacheProcessImportTodos: Processing 'vcruntime140.dll'...
1220.aa8: supR3HardenedWinVerifyCacheProcessImportTodos: 'vcruntime140.dll' -> '\Device\HarddiskVolume2\Windows\System32\vcruntime140.dll' [rcNtRedir=0xc0150008]
1220.aa8: supR3HardenedWinVerifyCacheProcessImportTodos: Processing 'msvcp140.dll'...
1220.aa8: supR3HardenedWinVerifyCacheProcessImportTodos: 'msvcp140.dll' -> '\Device\HarddiskVolume2\Windows\System32\msvcp140.dll' [rcNtRedir=0xc0150008]
1220.aa8: supR3HardenedScreenImage/Imports: cache hit (VINF_SUCCESS) on \Device\HarddiskVolume2\Windows\System32\msvcp140.dll
1220.aa8: supR3HardenedWinVerifyCacheProcessImportTodos: Processing 'rpcrt4.dll'...
1220.aa8: supR3HardenedWinVerifyCacheProcessImportTodos: 'rpcrt4.dll' -> '\Device\HarddiskVolume2\Windows\System32\rpcrt4.dll' [rcNtRedir=0xc0150008]
1220.aa8: supR3HardenedWinVerifyCacheProcessImportTodos: Processing 'msvcrt.dll'...
1220.aa8: supR3HardenedWinVerifyCacheProcessImportTodos: 'msvcrt.dll' -> '\Device\HarddiskVolume2\Windows\System32\msvcrt.dll' [rcNtRedir=0xc0150008]
1220.aa8: supR3HardenedWinVerifyCacheProcessImportTodos: Processing 'msvcrt.dll'...
1220.aa8: supR3HardenedWinVerifyCacheProcessImportTodos: 'msvcrt.dll' -> '\Device\HarddiskVolume2\Windows\System32\msvcrt.dll' [rcNtRedir=0xc0150008]
1220.aa8: supR3HardenedWinVerifyCacheProcessImportTodos: Processing 'win32u.dll'...
1220.aa8: supR3HardenedWinVerifyCacheProcessImportTodos: 'win32u.dll' -> '\Device\HarddiskVolume2\Windows\System32\win32u.dll' [rcNtRedir=0xc0150008]
1220.aa8: supR3HardenedScreenImage/Imports: cache hit (VINF_SUCCESS) on \Device\HarddiskVolume2\Windows\System32\win32u.dll [lacks WinVerifyTrust]
1220.aa8: supR3HardenedWinVerifyCacheProcessImportTodos: Processing 'dxgi.dll'...
1220.aa8: supR3HardenedWinVerifyCacheProcessImportTodos: 'dxgi.dll' -> '\Device\HarddiskVolume2\Windows\System32\dxgi.dll' [rcNtRedir=0xc0150008]
1220.aa8: supR3HardenedScreenImage/Imports: cache hit (VINF_SUCCESS) on \Device\HarddiskVolume2\Windows\System32\dxgi.dll [lacks WinVerifyTrust]
1220.aa8: supR3HardenedWinVerifyCacheProcessImportTodos: Processing 'msvcrt.dll'...
1220.aa8: supR3HardenedWinVerifyCacheProcessImportTodos: 'msvcrt.dll' -> '\Device\HarddiskVolume2\Windows\System32\msvcrt.dll' [rcNtRedir=0xc0150008]
1220.aa8: supR3HardenedWinVerifyCacheProcessImportTodos: Processing 'win32u.dll'...
1220.aa8: supR3HardenedWinVerifyCacheProcessImportTodos: 'win32u.dll' -> '\Device\HarddiskVolume2\Windows\System32\win32u.dll' [rcNtRedir=0xc0150008]
1220.aa8: supR3HardenedScreenImage/Imports: cache hit (VINF_SUCCESS) on \Device\HarddiskVolume2\Windows\System32\win32u.dll [lacks WinVerifyTrust]
1220.aa8: supR3HardenedWinVerifyCacheProcessImportTodos: Processing 'msvcrt.dll'...
1220.aa8: supR3HardenedWinVerifyCacheProcessImportTodos: 'msvcrt.dll' -> '\Device\HarddiskVolume2\Windows\System32\msvcrt.dll' [rcNtRedir=0xc0150008]
1220.aa8: supR3HardenedWinVerifyCacheProcessImportTodos: Processing 'msvcp_win.dll'...
1220.aa8: supR3HardenedWinVerifyCacheProcessImportTodos: 'msvcp_win.dll' -> '\Device\HarddiskVolume2\Windows\System32\msvcp_win.dll' [rcNtRedir=0xc0150008]
1220.aa8: supR3HardenedScreenImage/Imports: cache hit (VINF_SUCCESS) on \Device\HarddiskVolume2\Windows\System32\msvcp_win.dll [lacks WinVerifyTrust]
1220.aa8: supR3HardenedWinVerifyCacheProcessImportTodos: Processing 'gdi32.dll'...
1220.aa8: supR3HardenedWinVerifyCacheProcessImportTodos: 'gdi32.dll' -> '\Device\HarddiskVolume2\Windows\System32\gdi32.dll' [rcNtRedir=0xc0150008]
1220.aa8: supR3HardenedScreenImage/Imports: cache hit (VINF_SUCCESS) on \Device\HarddiskVolume2\Windows\System32\gdi32.dll [lacks WinVerifyTrust]
1220.aa8: supR3HardenedWinVerifyCacheProcessImportTodos: Processing 'user32.dll'...
1220.aa8: supR3HardenedWinVerifyCacheProcessImportTodos: 'user32.dll' -> '\Device\HarddiskVolume2\Windows\System32\user32.dll' [rcNtRedir=0xc0150008]
1220.aa8: supR3HardenedScreenImage/Imports: cache hit (VINF_SUCCESS) on \Device\HarddiskVolume2\Windows\System32\user32.dll [lacks WinVerifyTrust]
1220.aa8: supR3HardenedWinVerifyCacheProcessImportTodos: Processing 'msvcp_win.dll'...
1220.aa8: supR3HardenedWinVerifyCacheProcessImportTodos: 'msvcp_win.dll' -> '\Device\HarddiskVolume2\Windows\System32\msvcp_win.dll' [rcNtRedir=0xc0150008]
1220.aa8: supR3HardenedScreenImage/Imports: cache hit (VINF_SUCCESS) on \Device\HarddiskVolume2\Windows\System32\msvcp_win.dll [lacks WinVerifyTrust]
1220.aa8: supR3HardenedWinVerifyCacheProcessImportTodos: Processing 'rpcrt4.dll'...
1220.aa8: supR3HardenedWinVerifyCacheProcessImportTodos: 'rpcrt4.dll' -> '\Device\HarddiskVolume2\Windows\System32\rpcrt4.dll' [rcNtRedir=0xc0150008]
1220.aa8: supR3HardenedWinVerifyCacheProcessImportTodos: Processing 'msvcrt.dll'...
1220.aa8: supR3HardenedWinVerifyCacheProcessImportTodos: 'msvcrt.dll' -> '\Device\HarddiskVolume2\Windows\System32\msvcrt.dll' [rcNtRedir=0xc0150008]
1220.aa8: supR3HardenedWinVerifyCacheProcessImportTodos: Processing 'vcruntime140_1.dll'...
1220.aa8: supR3HardenedWinVerifyCacheProcessImportTodos: 'vcruntime140_1.dll' -> '\Device\HarddiskVolume2\Windows\System32\vcruntime140_1.dll' [rcNtRedir=0xc0150008]
1220.aa8: supR3HardenedScreenImage/Imports: cache hit (VINF_SUCCESS) on \Device\HarddiskVolume2\Windows\System32\vcruntime140_1.dll
1220.aa8: supR3HardenedWinVerifyCacheProcessImportTodos: Processing 'vcruntime140.dll'...
1220.aa8: supR3HardenedWinVerifyCacheProcessImportTodos: 'vcruntime140.dll' -> '\Device\HarddiskVolume2\Windows\System32\vcruntime140.dll' [rcNtRedir=0xc0150008]
1220.aa8: supR3HardenedWinVerifyCacheProcessImportTodos: Processing 'msvcp140.dll'...
1220.aa8: supR3HardenedWinVerifyCacheProcessImportTodos: 'msvcp140.dll' -> '\Device\HarddiskVolume2\Windows\System32\msvcp140.dll' [rcNtRedir=0xc0150008]
1220.aa8: supR3HardenedScreenImage/Imports: cache hit (VINF_SUCCESS) on \Device\HarddiskVolume2\Windows\System32\msvcp140.dll
1220.aa8: supR3HardenedMonitor_LdrLoadDll: returns rcNt=0x0 hMod=00007ffd5fd10000 'C:\Windows\system32\rsaenh.dll'
1220.aa8: supR3HardenedMonitor_LdrLoadDll: returns rcNt=0x0 hMod=00007ffd60e40000 'C:\Windows\System32\crypt32.dll'
1220.aa8: supR3HardenedWinVerifyCacheScheduleImports: Import todo: #0 'd3d11.dll'.
1220.aa8: supR3HardenedWinVerifyCacheScheduleImports: Import todo: #1 'dxgi.dll'.
1220.aa8: supR3HardenedWinVerifyCacheScheduleImports: Import todo: #2 'd3d12.dll'.
1220.aa8: supR3HardenedWinVerifyCacheScheduleImports: Import todo: #3 'gdi32.dll'.
1220.aa8: supR3HardenedWinVerifyCacheScheduleImports: Import todo: #4 'ole32.dll'.
1220.aa8: supR3HardenedWinVerifyCacheScheduleImports: Import todo: #5 'shell32.dll'.
1220.aa8: supR3HardenedWinVerifyCacheScheduleImports: Import todo: #6 'user32.dll'.
1220.aa8: supR3HardenedWinVerifyCacheScheduleImports: Import todo: #7 'uxtheme.dll'.
1220.aa8: supR3HardenedWinVerifyCacheScheduleImports: Import todo: #8 'dwrite.dll'.
1220.aa8: supR3HardenedWinVerifyCacheScheduleImports: Import todo: #9 'qt6corevbox.dll'.
1220.aa8: supR3HardenedWinVerifyCacheScheduleImports: Import todo: #11 'msvcp140.dll'.
1220.aa8: supR3HardenedWinVerifyCacheScheduleImports: Import todo: #12 'msvcp140_1.dll'.
1220.aa8: supR3HardenedWinVerifyCacheScheduleImports: Import todo: #13 'msvcp140_2.dll'.
1220.aa8: supR3HardenedWinVerifyCacheScheduleImports: Import todo: #14 'vcruntime140.dll'.
1220.aa8: supR3HardenedWinVerifyCacheScheduleImports: Import todo: #15 'vcruntime140_1.dll'.
1220.aa8: supHardenedWinVerifyImageByHandle: -> 0 (\Device\HarddiskVolume2\Program Files\Oracle\VirtualBox\Qt6GuiVBox.dll) WinVerifyTrust
1220.aa8: supR3HardenedWinVerifyCacheProcessImportTodos: Processing 'qt6corevbox.dll'...
1220.aa8: supR3HardenedWinVerifyCacheProcessImportTodos: 'qt6corevbox.dll' -> '\Device\HarddiskVolume2\Program Files\Oracle\VirtualBox\qt6corevbox.dll' [rcNtRedir=0xc0150008]
1220.aa8: supR3HardenedScreenImage/Imports: cache hit (VINF_SUCCESS) on \Device\HarddiskVolume2\Program Files\Oracle\VirtualBox\Qt6CoreVBox.dll [redoing WinVerifyTrust]
1220.aa8: supR3HardenedWinVerifyCacheProcessImportTodos: Processing 'vcruntime140_1.dll'...
1220.aa8: supR3HardenedWinVerifyCacheProcessImportTodos: 'vcruntime140_1.dll' -> '\Device\HarddiskVolume2\Windows\System32\vcruntime140_1.dll' [rcNtRedir=0xc0150008]
1220.aa8: supR3HardenedScreenImage/Imports: cache hit (VINF_SUCCESS) on \Device\HarddiskVolume2\Windows\System32\vcruntime140_1.dll
1220.aa8: supR3HardenedWinVerifyCacheProcessImportTodos: Processing 'vcruntime140.dll'...
1220.aa8: supR3HardenedWinVerifyCacheProcessImportTodos: 'vcruntime140.dll' -> '\Device\HarddiskVolume2\Windows\System32\vcruntime140.dll' [rcNtRedir=0xc0150008]
1220.aa8: supR3HardenedWinVerifyCacheProcessImportTodos: Processing 'msvcp140_2.dll'...
1220.aa8: supR3HardenedWinVerifyCacheProcessImportTodos: 'msvcp140_2.dll' -> '\Device\HarddiskVolume2\Windows\System32\msvcp140_2.dll' [rcNtRedir=0xc0150008]
1220.aa8: supR3HardenedScreenImage/Imports: cache hit (VINF_SUCCESS) on \Device\HarddiskVolume2\Windows\System32\msvcp140_2.dll [lacks WinVerifyTrust]
1220.aa8: supR3HardenedWinVerifyCacheProcessImportTodos: Processing 'msvcp140_1.dll'...
1220.aa8: supR3HardenedWinVerifyCacheProcessImportTodos: 'msvcp140_1.dll' -> '\Device\HarddiskVolume2\Windows\System32\msvcp140_1.dll' [rcNtRedir=0xc0150008]
1220.aa8: supR3HardenedScreenImage/Imports: cache hit (VINF_SUCCESS) on \Device\HarddiskVolume2\Windows\System32\msvcp140_1.dll [lacks WinVerifyTrust]
1220.aa8: supR3HardenedWinVerifyCacheProcessImportTodos: Processing 'msvcp140.dll'...
1220.aa8: supR3HardenedWinVerifyCacheProcessImportTodos: 'msvcp140.dll' -> '\Device\HarddiskVolume2\Windows\System32\msvcp140.dll' [rcNtRedir=0xc0150008]
1220.aa8: supR3HardenedWinVerifyCacheProcessImportTodos: Processing 'qt6corevbox.dll'...
1220.aa8: supR3HardenedWinVerifyCacheProcessImportTodos: 'qt6corevbox.dll' -> '\Device\HarddiskVolume2\Program Files\Oracle\VirtualBox\qt6corevbox.dll' [rcNtRedir=0xc0150008]
1220.aa8: supR3HardenedScreenImage/Imports: cache hit (VINF_SUCCESS) on \Device\HarddiskVolume2\Program Files\Oracle\VirtualBox\Qt6CoreVBox.dll [lacks WinVerifyTrust]
1220.aa8: supR3HardenedWinVerifyCacheProcessImportTodos: Processing 'dwrite.dll'...
1220.aa8: supR3HardenedWinVerifyCacheProcessImportTodos: 'dwrite.dll' -> '\Device\HarddiskVolume2\Windows\System32\dwrite.dll' [rcNtRedir=0xc0150008]
1220.aa8: supR3HardenedScreenImage/Imports: cache hit (22900) on \Device\HarddiskVolume2\Windows\System32\DWrite.dll [lacks WinVerifyTrust]
1220.aa8: supR3HardenedWinVerifyCacheProcessImportTodos: Processing 'uxtheme.dll'...
1220.aa8: supR3HardenedWinVerifyCacheProcessImportTodos: 'uxtheme.dll' -> '\Device\HarddiskVolume2\Windows\System32\uxtheme.dll' [rcNtRedir=0xc0150008]
1220.aa8: supR3HardenedScreenImage/Imports: cache hit (22900) on \Device\HarddiskVolume2\Windows\System32\uxtheme.dll [lacks WinVerifyTrust]
1220.aa8: supR3HardenedWinVerifyCacheProcessImportTodos: Processing 'user32.dll'...
1220.aa8: supR3HardenedWinVerifyCacheProcessImportTodos: 'user32.dll' -> '\Device\HarddiskVolume2\Windows\System32\user32.dll' [rcNtRedir=0xc0150008]
1220.aa8: supR3HardenedScreenImage/Imports: cache hit (VINF_SUCCESS) on \Device\HarddiskVolume2\Windows\System32\user32.dll [lacks WinVerifyTrust]
1220.aa8: supR3HardenedWinVerifyCacheProcessImportTodos: Processing 'shell32.dll'...
1220.aa8: supR3HardenedWinVerifyCacheProcessImportTodos: 'shell32.dll' -> '\Device\HarddiskVolume2\Windows\System32\shell32.dll' [rcNtRedir=0xc0150008]
1220.aa8: supR3HardenedScreenImage/Imports: cache hit (VINF_SUCCESS) on \Device\HarddiskVolume2\Windows\System32\shell32.dll [lacks WinVerifyTrust]
1220.aa8: supR3HardenedWinVerifyCacheProcessImportTodos: Processing 'ole32.dll'...
1220.aa8: supR3HardenedWinVerifyCacheProcessImportTodos: 'ole32.dll' -> '\Device\HarddiskVolume2\Windows\System32\ole32.dll' [rcNtRedir=0xc0150008]
1220.aa8: supR3HardenedScreenImage/Imports: cache hit (VINF_SUCCESS) on \Device\HarddiskVolume2\Windows\System32\ole32.dll
1220.aa8: supR3HardenedWinVerifyCacheProcessImportTodos: Processing 'gdi32.dll'...
1220.aa8: supR3HardenedWinVerifyCacheProcessImportTodos: 'gdi32.dll' -> '\Device\HarddiskVolume2\Windows\System32\gdi32.dll' [rcNtRedir=0xc0150008]
1220.aa8: supR3HardenedScreenImage/Imports: cache hit (VINF_SUCCESS) on \Device\HarddiskVolume2\Windows\System32\gdi32.dll [lacks WinVerifyTrust]
1220.aa8: supR3HardenedWinVerifyCacheProcessImportTodos: Processing 'd3d12.dll'...
1220.aa8: supR3HardenedWinVerifyCacheProcessImportTodos: 'd3d12.dll' -> '\Device\HarddiskVolume2\Windows\System32\d3d12.dll' [rcNtRedir=0xc0150008]
1220.aa8: supR3HardenedScreenImage/Imports: cache hit (VINF_SUCCESS) on \Device\HarddiskVolume2\Windows\System32\D3D12.dll [lacks WinVerifyTrust]
1220.aa8: supR3HardenedWinVerifyCacheProcessImportTodos: Processing 'dxgi.dll'...
1220.aa8: supR3HardenedWinVerifyCacheProcessImportTodos: 'dxgi.dll' -> '\Device\HarddiskVolume2\Windows\System32\dxgi.dll' [rcNtRedir=0xc0150008]
1220.aa8: supR3HardenedScreenImage/Imports: cache hit (VINF_SUCCESS) on \Device\HarddiskVolume2\Windows\System32\dxgi.dll [lacks WinVerifyTrust]
1220.aa8: supR3HardenedWinVerifyCacheProcessImportTodos: Processing 'd3d11.dll'...
1220.aa8: supR3HardenedWinVerifyCacheProcessImportTodos: 'd3d11.dll' -> '\Device\HarddiskVolume2\Windows\System32\d3d11.dll' [rcNtRedir=0xc0150008]
1220.aa8: supR3HardenedScreenImage/Imports: cache hit (VINF_SUCCESS) on \Device\HarddiskVolume2\Windows\System32\d3d11.dll [lacks WinVerifyTrust]
1220.aa8: supR3HardenedMonitor_LdrLoadDll: returns rcNt=0x0 hMod=00007ffd5fd10000 'C:\Windows\system32\rsaenh.dll'
1220.aa8: supR3HardenedMonitor_LdrLoadDll: returns rcNt=0x0 hMod=00007ffd60e40000 'C:\Windows\System32\crypt32.dll'
1220.aa8: supR3HardenedScreenImage/Imports: 0 (was 0) fWinVerifyTrust=1 for '\Device\HarddiskVolume2\Program Files\Oracle\VirtualBox\Qt6CoreVBox.dll'
1220.aa8: supR3HardenedWinVerifyCacheProcessImportTodos: Processing 'uicommon.dll'...
1220.aa8: supR3HardenedWinVerifyCacheProcessImportTodos: 'uicommon.dll' -> '\Device\HarddiskVolume2\Program Files\Oracle\VirtualBox\uicommon.dll' [rcNtRedir=0xc0150008]
1220.aa8: supR3HardenedMonitor_LdrLoadDll: returns rcNt=0x0 hMod=00007ffd5fd10000 'C:\Windows\system32\rsaenh.dll'
1220.aa8: supR3HardenedMonitor_LdrLoadDll: returns rcNt=0x0 hMod=00007ffd60e40000 'C:\Windows\System32\crypt32.dll'
1220.aa8: supR3HardenedWinVerifyCacheScheduleImports: Import todo: #0 'qt6corevbox.dll'.
1220.aa8: supR3HardenedWinVerifyCacheScheduleImports: Import todo: #1 'qt6guivbox.dll'.
1220.aa8: supR3HardenedWinVerifyCacheScheduleImports: Import todo: #2 'qt6widgetsvbox.dll'.
1220.aa8: supR3HardenedWinVerifyCacheScheduleImports: Import todo: #3 'qt6helpvbox.dll'.
1220.aa8: supR3HardenedWinVerifyCacheScheduleImports: Import todo: #4 'qt6statemachinevbox.dll'.
1220.aa8: supR3HardenedWinVerifyCacheScheduleImports: Import todo: #11 'user32.dll'.
1220.aa8: supR3HardenedWinVerifyCacheScheduleImports: Import todo: #12 'ole32.dll'.
1220.aa8: supR3HardenedWinVerifyCacheScheduleImports: Import todo: #13 'oleaut32.dll'.
1220.aa8: supR3HardenedWinVerifyCacheScheduleImports: Import todo: #14 'vboxrt.dll'.
1220.aa8: supR3HardenedWinVerifyCacheScheduleImports: Import todo: #15 'vcruntime140.dll'.
1220.aa8: supR3HardenedWinVerifyCacheScheduleImports: Import todo: #16 'vcruntime140_1.dll'.
1220.aa8: supR3HardenedWinVerifyCacheScheduleImports: Import todo: #17 'msvcp140.dll'.
1220.aa8: supR3HardenedWinVerifyCacheScheduleImports: Import todo: #18 'advapi32.dll'.
1220.aa8: supR3HardenedWinVerifyCacheScheduleImports: Import todo: #19 'rpcrt4.dll'.
1220.aa8: supHardenedWinVerifyImageByHandle: -> 0 (\Device\HarddiskVolume2\Program Files\Oracle\VirtualBox\UICommon.dll) WinVerifyTrust
1220.aa8: supR3HardenedWinVerifyCacheInsert: \Device\HarddiskVolume2\Program Files\Oracle\VirtualBox\UICommon.dll
1220.aa8: supR3HardenedWinVerifyCacheProcessImportTodos: Processing 'rpcrt4.dll'...
1220.aa8: supR3HardenedWinVerifyCacheProcessImportTodos: 'rpcrt4.dll' -> '\Device\HarddiskVolume2\Windows\System32\rpcrt4.dll' [rcNtRedir=0xc0150008]
1220.aa8: supR3HardenedWinVerifyCacheProcessImportTodos: Processing 'advapi32.dll'...
1220.aa8: supR3HardenedWinVerifyCacheProcessImportTodos: 'advapi32.dll' -> '\Device\HarddiskVolume2\Windows\System32\advapi32.dll' [rcNtRedir=0xc0150008]
1220.aa8: supR3HardenedScreenImage/Imports: cache hit (VINF_SUCCESS) on \Device\HarddiskVolume2\Windows\System32\advapi32.dll
1220.aa8: supR3HardenedWinVerifyCacheProcessImportTodos: Processing 'msvcp140.dll'...
1220.aa8: supR3HardenedWinVerifyCacheProcessImportTodos: 'msvcp140.dll' -> '\Device\HarddiskVolume2\Windows\System32\msvcp140.dll' [rcNtRedir=0xc0150008]
1220.aa8: supR3HardenedWinVerifyCacheProcessImportTodos: Processing 'vcruntime140_1.dll'...
1220.aa8: supR3HardenedWinVerifyCacheProcessImportTodos: 'vcruntime140_1.dll' -> '\Device\HarddiskVolume2\Windows\System32\vcruntime140_1.dll' [rcNtRedir=0xc0150008]
1220.aa8: supR3HardenedWinVerifyCacheProcessImportTodos: Processing 'vcruntime140.dll'...
1220.aa8: supR3HardenedWinVerifyCacheProcessImportTodos: 'vcruntime140.dll' -> '\Device\HarddiskVolume2\Windows\System32\vcruntime140.dll' [rcNtRedir=0xc0150008]
1220.aa8: supR3HardenedWinVerifyCacheProcessImportTodos: Processing 'vboxrt.dll'...
1220.aa8: supR3HardenedWinVerifyCacheProcessImportTodos: 'vboxrt.dll' -> '\Device\HarddiskVolume2\Program Files\Oracle\VirtualBox\vboxrt.dll' [rcNtRedir=0xc0150008]
1220.aa8: supR3HardenedWinVerifyCacheProcessImportTodos: Processing 'oleaut32.dll'...
1220.aa8: supR3HardenedWinVerifyCacheProcessImportTodos: 'oleaut32.dll' -> '\Device\HarddiskVolume2\Windows\System32\oleaut32.dll' [rcNtRedir=0xc0150008]
1220.aa8: supR3HardenedScreenImage/Imports: cache hit (VINF_SUCCESS) on \Device\HarddiskVolume2\Windows\System32\oleaut32.dll
1220.aa8: supR3HardenedWinVerifyCacheProcessImportTodos: Processing 'ole32.dll'...
1220.aa8: supR3HardenedWinVerifyCacheProcessImportTodos: 'ole32.dll' -> '\Device\HarddiskVolume2\Windows\System32\ole32.dll' [rcNtRedir=0xc0150008]
1220.aa8: supR3HardenedScreenImage/Imports: cache hit (VINF_SUCCESS) on \Device\HarddiskVolume2\Windows\System32\ole32.dll
1220.aa8: supR3HardenedWinVerifyCacheProcessImportTodos: Processing 'user32.dll'...
1220.aa8: supR3HardenedWinVerifyCacheProcessImportTodos: 'user32.dll' -> '\Device\HarddiskVolume2\Windows\System32\user32.dll' [rcNtRedir=0xc0150008]
1220.aa8: supR3HardenedScreenImage/Imports: cache hit (VINF_SUCCESS) on \Device\HarddiskVolume2\Windows\System32\user32.dll [redoing WinVerifyTrust]
1220.aa8: supR3HardenedMonitor_LdrLoadDll: returns rcNt=0x0 hMod=00007ffd5fd10000 'C:\Windows\system32\rsaenh.dll'
1220.aa8: supR3HardenedMonitor_LdrLoadDll: returns rcNt=0x0 hMod=00007ffd60e40000 'C:\Windows\System32\crypt32.dll'
1220.aa8: supR3HardenedScreenImage/Imports: 0 (was 0) fWinVerifyTrust=1 for '\Device\HarddiskVolume2\Windows\System32\user32.dll'
1220.aa8: supR3HardenedWinVerifyCacheProcessImportTodos: Processing 'qt6statemachinevbox.dll'...
1220.aa8: supR3HardenedWinVerifyCacheProcessImportTodos: 'qt6statemachinevbox.dll' -> '\Device\HarddiskVolume2\Program Files\Oracle\VirtualBox\qt6statemachinevbox.dll' [rcNtRedir=0xc0150008]
1220.aa8: supR3HardenedMonitor_LdrLoadDll: returns rcNt=0x0 hMod=00007ffd5fd10000 'C:\Windows\system32\rsaenh.dll'
1220.aa8: supR3HardenedMonitor_LdrLoadDll: returns rcNt=0x0 hMod=00007ffd60e40000 'C:\Windows\System32\crypt32.dll'
1220.aa8: supR3HardenedWinVerifyCacheScheduleImports: Import todo: #0 'qt6guivbox.dll'.
1220.aa8: supR3HardenedWinVerifyCacheScheduleImports: Import todo: #1 'qt6corevbox.dll'.
1220.aa8: supR3HardenedWinVerifyCacheScheduleImports: Import todo: #2 'vcruntime140.dll'.
1220.aa8: supHardenedWinVerifyImageByHandle: -> 0 (\Device\HarddiskVolume2\Program Files\Oracle\VirtualBox\Qt6StateMachineVBox.dll) WinVerifyTrust
1220.aa8: supR3HardenedWinVerifyCacheInsert: \Device\HarddiskVolume2\Program Files\Oracle\VirtualBox\Qt6StateMachineVBox.dll
1220.aa8: supR3HardenedWinVerifyCacheProcessImportTodos: Processing 'qt6helpvbox.dll'...
1220.aa8: supR3HardenedWinVerifyCacheProcessImportTodos: 'qt6helpvbox.dll' -> '\Device\HarddiskVolume2\Program Files\Oracle\VirtualBox\qt6helpvbox.dll' [rcNtRedir=0xc0150008]
1220.aa8: supR3HardenedWinVerifyCacheProcessImportTodos: Processing 'vcruntime140.dll'...
1220.aa8: supR3HardenedWinVerifyCacheProcessImportTodos: 'vcruntime140.dll' -> '\Device\HarddiskVolume2\Windows\System32\vcruntime140.dll' [rcNtRedir=0xc0150008]
1220.aa8: supR3HardenedWinVerifyCacheProcessImportTodos: Processing 'qt6corevbox.dll'...
1220.aa8: supR3HardenedWinVerifyCacheProcessImportTodos: 'qt6corevbox.dll' -> '\Device\HarddiskVolume2\Program Files\Oracle\VirtualBox\qt6corevbox.dll' [rcNtRedir=0xc0150008]
1220.aa8: supR3HardenedScreenImage/Imports: cache hit (VINF_SUCCESS) on \Device\HarddiskVolume2\Program Files\Oracle\VirtualBox\Qt6CoreVBox.dll
1220.aa8: supR3HardenedWinVerifyCacheProcessImportTodos: Processing 'qt6guivbox.dll'...
1220.aa8: supR3HardenedWinVerifyCacheProcessImportTodos: 'qt6guivbox.dll' -> '\Device\HarddiskVolume2\Program Files\Oracle\VirtualBox\qt6guivbox.dll' [rcNtRedir=0xc0150008]
1220.aa8: supR3HardenedScreenImage/Imports: cache hit (VINF_SUCCESS) on \Device\HarddiskVolume2\Program Files\Oracle\VirtualBox\Qt6GuiVBox.dll [lacks WinVerifyTrust]
1220.aa8: supR3HardenedMonitor_LdrLoadDll: returns rcNt=0x0 hMod=00007ffd5fd10000 'C:\Windows\system32\rsaenh.dll'
1220.aa8: supR3HardenedMonitor_LdrLoadDll: returns rcNt=0x0 hMod=00007ffd60e40000 'C:\Windows\System32\crypt32.dll'
1220.aa8: supR3HardenedWinVerifyCacheScheduleImports: Import todo: #0 'qt6sqlvbox.dll'.
1220.aa8: supR3HardenedWinVerifyCacheScheduleImports: Import todo: #1 'qt6widgetsvbox.dll'.
1220.aa8: supR3HardenedWinVerifyCacheScheduleImports: Import todo: #2 'qt6guivbox.dll'.
1220.aa8: supR3HardenedWinVerifyCacheScheduleImports: Import todo: #3 'qt6corevbox.dll'.
1220.aa8: supR3HardenedWinVerifyCacheScheduleImports: Import todo: #4 'msvcp140.dll'.
1220.aa8: supR3HardenedWinVerifyCacheScheduleImports: Import todo: #5 'vcruntime140.dll'.
1220.aa8: supR3HardenedWinVerifyCacheScheduleImports: Import todo: #6 'vcruntime140_1.dll'.
1220.aa8: supHardenedWinVerifyImageByHandle: -> 0 (\Device\HarddiskVolume2\Program Files\Oracle\VirtualBox\Qt6HelpVBox.dll) WinVerifyTrust
1220.aa8: supR3HardenedWinVerifyCacheInsert: \Device\HarddiskVolume2\Program Files\Oracle\VirtualBox\Qt6HelpVBox.dll
1220.aa8: supR3HardenedWinVerifyCacheProcessImportTodos: Processing 'qt6widgetsvbox.dll'...
1220.aa8: supR3HardenedWinVerifyCacheProcessImportTodos: 'qt6widgetsvbox.dll' -> '\Device\HarddiskVolume2\Program Files\Oracle\VirtualBox\qt6widgetsvbox.dll' [rcNtRedir=0xc0150008]
1220.aa8: supR3HardenedScreenImage/Imports: cache hit (VINF_SUCCESS) on \Device\HarddiskVolume2\Program Files\Oracle\VirtualBox\Qt6WidgetsVBox.dll
1220.aa8: supR3HardenedWinVerifyCacheProcessImportTodos: Processing 'qt6guivbox.dll'...
1220.aa8: supR3HardenedWinVerifyCacheProcessImportTodos: 'qt6guivbox.dll' -> '\Device\HarddiskVolume2\Program Files\Oracle\VirtualBox\qt6guivbox.dll' [rcNtRedir=0xc0150008]
1220.aa8: supR3HardenedScreenImage/Imports: cache hit (VINF_SUCCESS) on \Device\HarddiskVolume2\Program Files\Oracle\VirtualBox\Qt6GuiVBox.dll [redoing WinVerifyTrust]
1220.aa8: supR3HardenedWinVerifyCacheProcessImportTodos: Processing 'vcruntime140_1.dll'...
1220.aa8: supR3HardenedWinVerifyCacheProcessImportTodos: 'vcruntime140_1.dll' -> '\Device\HarddiskVolume2\Windows\System32\vcruntime140_1.dll' [rcNtRedir=0xc0150008]
1220.aa8: supR3HardenedWinVerifyCacheProcessImportTodos: Processing 'vcruntime140.dll'...
1220.aa8: supR3HardenedWinVerifyCacheProcessImportTodos: 'vcruntime140.dll' -> '\Device\HarddiskVolume2\Windows\System32\vcruntime140.dll' [rcNtRedir=0xc0150008]
1220.aa8: supR3HardenedWinVerifyCacheProcessImportTodos: Processing 'msvcp140.dll'...
1220.aa8: supR3HardenedWinVerifyCacheProcessImportTodos: 'msvcp140.dll' -> '\Device\HarddiskVolume2\Windows\System32\msvcp140.dll' [rcNtRedir=0xc0150008]
1220.aa8: supR3HardenedWinVerifyCacheProcessImportTodos: Processing 'qt6corevbox.dll'...
1220.aa8: supR3HardenedWinVerifyCacheProcessImportTodos: 'qt6corevbox.dll' -> '\Device\HarddiskVolume2\Program Files\Oracle\VirtualBox\qt6corevbox.dll' [rcNtRedir=0xc0150008]
1220.aa8: supR3HardenedScreenImage/Imports: cache hit (VINF_SUCCESS) on \Device\HarddiskVolume2\Program Files\Oracle\VirtualBox\Qt6CoreVBox.dll
1220.aa8: supR3HardenedWinVerifyCacheProcessImportTodos: Processing 'qt6guivbox.dll'...
1220.aa8: supR3HardenedWinVerifyCacheProcessImportTodos: 'qt6guivbox.dll' -> '\Device\HarddiskVolume2\Program Files\Oracle\VirtualBox\qt6guivbox.dll' [rcNtRedir=0xc0150008]
1220.aa8: supR3HardenedScreenImage/Imports: cache hit (VINF_SUCCESS) on \Device\HarddiskVolume2\Program Files\Oracle\VirtualBox\Qt6GuiVBox.dll [lacks WinVerifyTrust]
1220.aa8: supR3HardenedWinVerifyCacheProcessImportTodos: Processing 'qt6widgetsvbox.dll'...
1220.aa8: supR3HardenedWinVerifyCacheProcessImportTodos: 'qt6widgetsvbox.dll' -> '\Device\HarddiskVolume2\Program Files\Oracle\VirtualBox\qt6widgetsvbox.dll' [rcNtRedir=0xc0150008]
1220.aa8: supR3HardenedScreenImage/Imports: cache hit (VINF_SUCCESS) on \Device\HarddiskVolume2\Program Files\Oracle\VirtualBox\Qt6WidgetsVBox.dll
1220.aa8: supR3HardenedWinVerifyCacheProcessImportTodos: Processing 'qt6sqlvbox.dll'...
1220.aa8: supR3HardenedWinVerifyCacheProcessImportTodos: 'qt6sqlvbox.dll' -> '\Device\HarddiskVolume2\Program Files\Oracle\VirtualBox\qt6sqlvbox.dll' [rcNtRedir=0xc0150008]
1220.aa8: Detected WinVerifyTrust recursion: rc=VINF_SUCCESS '\Device\HarddiskVolume2\Program Files\Oracle\VirtualBox\Qt6SqlVBox.dll'.
1220.aa8: supR3HardenedWinVerifyCacheScheduleImports: Import todo: #0 'qt6corevbox.dll'.
1220.aa8: supR3HardenedWinVerifyCacheScheduleImports: Import todo: #1 'msvcp140.dll'.
1220.aa8: supR3HardenedWinVerifyCacheScheduleImports: Import todo: #2 'vcruntime140.dll'.
1220.aa8: supR3HardenedWinVerifyCacheScheduleImports: Import todo: #3 'vcruntime140_1.dll'.
1220.aa8: supHardenedWinVerifyImageByHandle: -> 0 (\Device\HarddiskVolume2\Program Files\Oracle\VirtualBox\Qt6SqlVBox.dll)
1220.aa8: supR3HardenedWinVerifyCacheInsert: \Device\HarddiskVolume2\Program Files\Oracle\VirtualBox\Qt6SqlVBox.dll
1220.aa8: supR3HardenedWinVerifyCacheProcessImportTodos: Processing 'vcruntime140_1.dll'...
1220.aa8: supR3HardenedWinVerifyCacheProcessImportTodos: 'vcruntime140_1.dll' -> '\Device\HarddiskVolume2\Windows\System32\vcruntime140_1.dll' [rcNtRedir=0xc0150008]
1220.aa8: supR3HardenedWinVerifyCacheProcessImportTodos: Processing 'vcruntime140.dll'...
1220.aa8: supR3HardenedWinVerifyCacheProcessImportTodos: 'vcruntime140.dll' -> '\Device\HarddiskVolume2\Windows\System32\vcruntime140.dll' [rcNtRedir=0xc0150008]
1220.aa8: supR3HardenedScreenImage/Imports: cache hit (VINF_SUCCESS) on \Device\HarddiskVolume2\Windows\System32\vcruntime140.dll
1220.aa8: supR3HardenedWinVerifyCacheProcessImportTodos: Processing 'msvcp140.dll'...
1220.aa8: supR3HardenedWinVerifyCacheProcessImportTodos: 'msvcp140.dll' -> '\Device\HarddiskVolume2\Windows\System32\msvcp140.dll' [rcNtRedir=0xc0150008]
1220.aa8: supR3HardenedWinVerifyCacheProcessImportTodos: Processing 'qt6corevbox.dll'...
1220.aa8: supR3HardenedWinVerifyCacheProcessImportTodos: 'qt6corevbox.dll' -> '\Device\HarddiskVolume2\Program Files\Oracle\VirtualBox\qt6corevbox.dll' [rcNtRedir=0xc0150008]
1220.aa8: supR3HardenedScreenImage/Imports: cache hit (VINF_SUCCESS) on \Device\HarddiskVolume2\Program Files\Oracle\VirtualBox\Qt6CoreVBox.dll
1220.aa8: supR3HardenedMonitor_LdrLoadDll: returns rcNt=0x0 hMod=00007ffd5fd10000 'C:\Windows\system32\rsaenh.dll'
1220.aa8: supR3HardenedMonitor_LdrLoadDll: returns rcNt=0x0 hMod=00007ffd60e40000 'C:\Windows\System32\crypt32.dll'
1220.aa8: supR3HardenedScreenImage/Imports: 0 (was 0) fWinVerifyTrust=1 for '\Device\HarddiskVolume2\Program Files\Oracle\VirtualBox\Qt6GuiVBox.dll'
1220.aa8: supR3HardenedWinVerifyCacheProcessImportTodos: Processing 'qt6corevbox.dll'...
1220.aa8: supR3HardenedWinVerifyCacheProcessImportTodos: 'qt6corevbox.dll' -> '\Device\HarddiskVolume2\Program Files\Oracle\VirtualBox\qt6corevbox.dll' [rcNtRedir=0xc0150008]
1220.aa8: supR3HardenedScreenImage/Imports: cache hit (VINF_SUCCESS) on \Device\HarddiskVolume2\Program Files\Oracle\VirtualBox\Qt6CoreVBox.dll
1220.aa8: supR3HardenedMonitor_LdrLoadDll: pName=C:\Program Files\Oracle\VirtualBox\VirtualBoxVM.dll (rcNtResolve=0xc0150008) *pfFlags=0x0 pwszSearchPath=0000000000000a01:<flags> [calling]
1220.aa8: supR3HardenedScreenImage/NtCreateSection: cache hit (VINF_SUCCESS) on \Device\HarddiskVolume2\Program Files\Oracle\VirtualBox\VirtualBoxVM.dll
1220.aa8: supR3HardenedScreenImage/NtCreateSection: cache hit (VINF_SUCCESS) on \Device\HarddiskVolume2\Program Files\Oracle\VirtualBox\UICommon.dll
1220.aa8: supR3HardenedScreenImage/NtCreateSection: cache hit (VINF_SUCCESS) on \Device\HarddiskVolume2\Program Files\Oracle\VirtualBox\Qt6CoreVBox.dll
1220.aa8: supR3HardenedScreenImage/NtCreateSection: cache hit (VINF_SUCCESS) on \Device\HarddiskVolume2\Program Files\Oracle\VirtualBox\Qt6GuiVBox.dll
1220.aa8: supR3HardenedScreenImage/NtCreateSection: cache hit (VINF_SUCCESS) on \Device\HarddiskVolume2\Program Files\Oracle\VirtualBox\Qt6WidgetsVBox.dll
1220.aa8: supR3HardenedScreenImage/NtCreateSection: cache hit (VINF_SUCCESS) on \Device\HarddiskVolume2\Windows\System32\winmm.dll
1220.aa8: supR3HardenedScreenImage/NtCreateSection: cache hit (VINF_SUCCESS) on \Device\HarddiskVolume2\Program Files\Oracle\VirtualBox\Qt6HelpVBox.dll
1220.aa8: supR3HardenedScreenImage/NtCreateSection: cache hit (VINF_SUCCESS) on \Device\HarddiskVolume2\Program Files\Oracle\VirtualBox\Qt6StateMachineVBox.dll
1220.aa8: supR3HardenedScreenImage/NtCreateSection: cache hit (VINF_SUCCESS) on \Device\HarddiskVolume2\Windows\System32\mpr.dll [avoiding WinVerifyTrust]
1220.aa8: supR3HardenedScreenImage/NtCreateSection: cache hit (VINF_SUCCESS) on \Device\HarddiskVolume2\Windows\System32\userenv.dll [avoiding WinVerifyTrust]
1220.aa8: supR3HardenedScreenImage/NtCreateSection: cache hit (22900) on \Device\HarddiskVolume2\Windows\System32\authz.dll [avoiding WinVerifyTrust]
1220.aa8: supR3HardenedScreenImage/NtCreateSection: cache hit (VINF_SUCCESS) on \Device\HarddiskVolume2\Windows\System32\netapi32.dll [avoiding WinVerifyTrust]
1220.aa8: supR3HardenedScreenImage/NtCreateSection: cache hit (VINF_SUCCESS) on \Device\HarddiskVolume2\Windows\System32\version.dll [avoiding WinVerifyTrust]
1220.aa8: supR3HardenedScreenImage/NtCreateSection: cache hit (VINF_SUCCESS) on \Device\HarddiskVolume2\Windows\System32\msvcp140_1.dll [avoiding WinVerifyTrust]
1220.aa8: supR3HardenedScreenImage/NtCreateSection: cache hit (VINF_SUCCESS) on \Device\HarddiskVolume2\Windows\System32\d3d11.dll [avoiding WinVerifyTrust]
1220.aa8: supR3HardenedScreenImage/NtCreateSection: cache hit (VINF_SUCCESS) on \Device\HarddiskVolume2\Windows\System32\dxgi.dll [avoiding WinVerifyTrust]
1220.aa8: supR3HardenedScreenImage/NtCreateSection: cache hit (VINF_SUCCESS) on \Device\HarddiskVolume2\Windows\System32\D3D12.dll [avoiding WinVerifyTrust]
1220.aa8: supR3HardenedScreenImage/NtCreateSection: cache hit (22900) on \Device\HarddiskVolume2\Windows\System32\uxtheme.dll [avoiding WinVerifyTrust]
1220.aa8: supR3HardenedScreenImage/NtCreateSection: cache hit (22900) on \Device\HarddiskVolume2\Windows\System32\DWrite.dll [avoiding WinVerifyTrust]
1220.aa8: supR3HardenedScreenImage/NtCreateSection: cache hit (VINF_SUCCESS) on \Device\HarddiskVolume2\Windows\System32\msvcp140_2.dll [avoiding WinVerifyTrust]
1220.aa8: supR3HardenedScreenImage/NtCreateSection: cache hit (VINF_SUCCESS) on \Device\HarddiskVolume2\Windows\System32\dwmapi.dll [avoiding WinVerifyTrust]
1220.aa8: supR3HardenedScreenImage/NtCreateSection: cache hit (VINF_SUCCESS) on \Device\HarddiskVolume2\Program Files\Oracle\VirtualBox\Qt6SqlVBox.dll [avoiding WinVerifyTrust]
1220.aa8: supR3HardenedWinVerifyCacheScheduleImports: Import todo: #3 'rpcrt4.dll'.
1220.aa8: supHardenedWinVerifyImageByHandle: -> 0 (\Device\HarddiskVolume2\Windows\System32\srvcli.dll)
1220.aa8: supR3HardenedWinVerifyCacheInsert: \Device\HarddiskVolume2\Windows\System32\srvcli.dll
1220.aa8: supHardenedWinVerifyImageByHandle: -> 0 (\Device\HarddiskVolume2\Windows\System32\netutils.dll)
1220.aa8: supR3HardenedWinVerifyCacheInsert: \Device\HarddiskVolume2\Windows\System32\netutils.dll
1220.aa8: supR3HardenedDllNotificationCallback: load   00007ffd4fee0000 LB 0x0001d000 C:\Windows\SYSTEM32\MPR.dll [fFlags=0x0]
1220.aa8: supR3HardenedScreenImage/LdrLoadDll: cache hit (VINF_SUCCESS) on \Device\HarddiskVolume2\Windows\System32\mpr.dll [avoiding WinVerifyTrust]
1220.aa8: supR3HardenedDllNotificationCallback: load   00007ffd60c30000 LB 0x0002e000 C:\Windows\SYSTEM32\USERENV.dll [fFlags=0x0]
1220.aa8: supR3HardenedScreenImage/LdrLoadDll: cache hit (VINF_SUCCESS) on \Device\HarddiskVolume2\Windows\System32\userenv.dll [avoiding WinVerifyTrust]
1220.aa8: supR3HardenedDllNotificationCallback: load   00007ffd5fa30000 LB 0x0004f000 C:\Windows\SYSTEM32\AUTHZ.dll [fFlags=0x0]
1220.aa8: supR3HardenedScreenImage/LdrLoadDll: cache hit (22900) on \Device\HarddiskVolume2\Windows\System32\authz.dll [avoiding WinVerifyTrust]
1220.aa8: supR3HardenedDllNotificationCallback: load   00007ffd51070000 LB 0x00019000 C:\Windows\SYSTEM32\NETAPI32.dll [fFlags=0x0]
1220.aa8: supR3HardenedScreenImage/LdrLoadDll: cache hit (VINF_SUCCESS) on \Device\HarddiskVolume2\Windows\System32\netapi32.dll [avoiding WinVerifyTrust]
1220.aa8: supR3HardenedDllNotificationCallback: load   00007ffd61eb0000 LB 0x00354000 C:\Windows\System32\combase.dll [fFlags=0x0]
1220.aa8: supR3HardenedScreenImage/LdrLoadDll: cache hit (VINF_SUCCESS) on \Device\HarddiskVolume2\Windows\System32\combase.dll [avoiding WinVerifyTrust]
1220.aa8: supR3HardenedDllNotificationCallback: load   00007ffd60e10000 LB 0x00022000 C:\Windows\System32\win32u.dll [fFlags=0x0]
1220.aa8: supR3HardenedScreenImage/LdrLoadDll: cache hit (VINF_SUCCESS) on \Device\HarddiskVolume2\Windows\System32\win32u.dll [avoiding WinVerifyTrust]
1220.aa8: supR3HardenedDllNotificationCallback: load   00007ffd60d70000 LB 0x0009d000 C:\Windows\System32\msvcp_win.dll [fFlags=0x0]
1220.aa8: supR3HardenedScreenImage/LdrLoadDll: cache hit (VINF_SUCCESS) on \Device\HarddiskVolume2\Windows\System32\msvcp_win.dll [avoiding WinVerifyTrust]
1220.aa8: supR3HardenedDllNotificationCallback: load   00007ffd634c0000 LB 0x001a1000 C:\Windows\System32\USER32.dll [fFlags=0x0]
1220.aa8: supR3HardenedDllNotificationCallback: load   00007ffd60fa0000 LB 0x00119000 C:\Windows\System32\gdi32full.dll [fFlags=0x0]
1220.aa8: supR3HardenedWinVerifyCacheScheduleImports: Import todo: #0 'msvcp_win.dll'.
1220.aa8: supR3HardenedWinVerifyCacheScheduleImports: Import todo: #39 'gdi32.dll'.
1220.aa8: supR3HardenedWinVerifyCacheScheduleImports: Import todo: #42 'user32.dll'.
1220.aa8: supR3HardenedWinVerifyCacheScheduleImports: Import todo: #43 'win32u.dll'.
1220.aa8: supHardenedWinVerifyImageByHandle: -> 0 (\Device\HarddiskVolume2\Windows\System32\gdi32full.dll)
1220.aa8: supR3HardenedWinVerifyCacheInsert: \Device\HarddiskVolume2\Windows\System32\gdi32full.dll
1220.aa8: supR3HardenedDllNotificationCallback: load   00007ffd633c0000 LB 0x0002b000 C:\Windows\System32\GDI32.dll [fFlags=0x0]
1220.aa8: supR3HardenedScreenImage/LdrLoadDll: cache hit (VINF_SUCCESS) on \Device\HarddiskVolume2\Windows\System32\gdi32.dll [avoiding WinVerifyTrust]
1220.aa8: supR3HardenedDllNotificationCallback: load   00007ffd61880000 LB 0x0012b000 C:\Windows\System32\ole32.dll [fFlags=0x0]
1220.aa8: supR3HardenedScreenImage/LdrLoadDll: cache hit (VINF_SUCCESS) on \Device\HarddiskVolume2\Windows\System32\ole32.dll
1220.aa8: supR3HardenedDllNotificationCallback: load   00007ffd62330000 LB 0x00770000 C:\Windows\System32\SHELL32.dll [fFlags=0x0]
1220.aa8: supR3HardenedScreenImage/LdrLoadDll: cache hit (VINF_SUCCESS) on \Device\HarddiskVolume2\Windows\System32\shell32.dll [avoiding WinVerifyTrust]
1220.aa8: supR3HardenedDllNotificationCallback: load   00007ffd59d30000 LB 0x0000a000 C:\Windows\SYSTEM32\VERSION.dll [fFlags=0x0]
1220.aa8: supR3HardenedScreenImage/LdrLoadDll: cache hit (VINF_SUCCESS) on \Device\HarddiskVolume2\Windows\System32\version.dll [avoiding WinVerifyTrust]
1220.aa8: supR3HardenedDllNotificationCallback: load   00007ffd57b00000 LB 0x00027000 C:\Windows\SYSTEM32\WINMM.dll [fFlags=0x0]
1220.aa8: supR3HardenedScreenImage/LdrLoadDll: cache hit (VINF_SUCCESS) on \Device\HarddiskVolume2\Windows\System32\winmm.dll
1220.aa8: supR3HardenedDllNotificationCallback: load   00007ffd5be90000 LB 0x00009000 C:\Windows\SYSTEM32\MSVCP140_1.dll [fFlags=0x0]
1220.aa8: supR3HardenedScreenImage/LdrLoadDll: cache hit (VINF_SUCCESS) on \Device\HarddiskVolume2\Windows\System32\msvcp140_1.dll [avoiding WinVerifyTrust]
1220.aa8: supR3HardenedDllNotificationCallback: load   00007ffd54350000 LB 0x00028000 C:\Windows\SYSTEM32\SRVCLI.DLL [fFlags=0x0]
1220.aa8: supR3HardenedScreenImage/LdrLoadDll: cache hit (VINF_SUCCESS) on \Device\HarddiskVolume2\Windows\System32\srvcli.dll [avoiding WinVerifyTrust]
1220.aa8: supR3HardenedDllNotificationCallback: load   00007ffd601e0000 LB 0x0000c000 C:\Windows\SYSTEM32\NETUTILS.DLL [fFlags=0x0]
1220.aa8: supR3HardenedScreenImage/LdrLoadDll: cache hit (VINF_SUCCESS) on \Device\HarddiskVolume2\Windows\System32\netutils.dll [avoiding WinVerifyTrust]
1220.aa8: supR3HardenedDllNotificationCallback: load   00007ffccf280000 LB 0x005c3000 C:\Program Files\Oracle\VirtualBox\Qt6CoreVBox.dll [fFlags=0x0]
1220.aa8: supR3HardenedDllNotificationCallback: load   00007ffd5f5c0000 LB 0x000f6000 C:\Windows\SYSTEM32\dxgi.dll [fFlags=0x0]
1220.aa8: supR3HardenedScreenImage/LdrLoadDll: cache hit (VINF_SUCCESS) on \Device\HarddiskVolume2\Windows\System32\dxgi.dll [avoiding WinVerifyTrust]
1220.aa8: supR3HardenedDllNotificationCallback: load   00007ffd5c030000 LB 0x00264000 C:\Windows\SYSTEM32\d3d11.dll [fFlags=0x0]
1220.aa8: supR3HardenedScreenImage/LdrLoadDll: cache hit (VINF_SUCCESS) on \Device\HarddiskVolume2\Windows\System32\d3d11.dll [avoiding WinVerifyTrust]
1220.aa8: supR3HardenedDllNotificationCallback: load   00007ffd3b440000 LB 0x00025000 C:\Windows\SYSTEM32\d3d12.dll [fFlags=0x0]
1220.aa8: supR3HardenedScreenImage/LdrLoadDll: cache hit (VINF_SUCCESS) on \Device\HarddiskVolume2\Windows\System32\D3D12.dll [avoiding WinVerifyTrust]
1220.aa8: supR3HardenedDllNotificationCallback: load   00007ffd5e6e0000 LB 0x0009e000 C:\Windows\SYSTEM32\UxTheme.dll [fFlags=0x0]
1220.aa8: supR3HardenedScreenImage/LdrLoadDll: cache hit (22900) on \Device\HarddiskVolume2\Windows\System32\uxtheme.dll [avoiding WinVerifyTrust]
1220.aa8: supR3HardenedDllNotificationCallback: load   00007ffd532a0000 LB 0x0027f000 C:\Windows\SYSTEM32\DWrite.dll [fFlags=0x0]
1220.aa8: supR3HardenedScreenImage/LdrLoadDll: cache hit (22900) on \Device\HarddiskVolume2\Windows\System32\DWrite.dll [avoiding WinVerifyTrust]
1220.aa8: supR3HardenedDllNotificationCallback: load   00007ffd40050000 LB 0x00044000 C:\Windows\SYSTEM32\MSVCP140_2.dll [fFlags=0x0]
1220.aa8: supR3HardenedScreenImage/LdrLoadDll: cache hit (VINF_SUCCESS) on \Device\HarddiskVolume2\Windows\System32\msvcp140_2.dll [avoiding WinVerifyTrust]
1220.aa8: supR3HardenedDllNotificationCallback: load   00007ffcce9f0000 LB 0x0088e000 C:\Program Files\Oracle\VirtualBox\Qt6GuiVBox.dll [fFlags=0x0]
1220.aa8: supR3HardenedScreenImage/LdrLoadDll: cache hit (VINF_SUCCESS) on \Device\HarddiskVolume2\Program Files\Oracle\VirtualBox\Qt6GuiVBox.dll
1220.aa8: supR3HardenedDllNotificationCallback: load   00007ffd5e9f0000 LB 0x0002e000 C:\Windows\SYSTEM32\dwmapi.dll [fFlags=0x0]
1220.aa8: supR3HardenedScreenImage/LdrLoadDll: cache hit (VINF_SUCCESS) on \Device\HarddiskVolume2\Windows\System32\dwmapi.dll [avoiding WinVerifyTrust]
1220.aa8: supR3HardenedDllNotificationCallback: load   00007ffcce3c0000 LB 0x0062a000 C:\Program Files\Oracle\VirtualBox\Qt6WidgetsVBox.dll [fFlags=0x0]
1220.aa8: supR3HardenedScreenImage/LdrLoadDll: cache hit (VINF_SUCCESS) on \Device\HarddiskVolume2\Program Files\Oracle\VirtualBox\Qt6WidgetsVBox.dll
1220.aa8: supR3HardenedDllNotificationCallback: load   00007ffd40000000 LB 0x0004d000 C:\Program Files\Oracle\VirtualBox\Qt6SqlVBox.dll [fFlags=0x0]
1220.aa8: supR3HardenedScreenImage/LdrLoadDll: cache hit (VINF_SUCCESS) on \Device\HarddiskVolume2\Program Files\Oracle\VirtualBox\Qt6SqlVBox.dll [avoiding WinVerifyTrust]
1220.aa8: supR3HardenedDllNotificationCallback: load   00007ffd25a00000 LB 0x00092000 C:\Program Files\Oracle\VirtualBox\Qt6HelpVBox.dll [fFlags=0x0]
1220.aa8: supR3HardenedScreenImage/LdrLoadDll: cache hit (VINF_SUCCESS) on \Device\HarddiskVolume2\Program Files\Oracle\VirtualBox\Qt6HelpVBox.dll
1220.aa8: supR3HardenedDllNotificationCallback: load   00007ffd409e0000 LB 0x00055000 C:\Program Files\Oracle\VirtualBox\Qt6StateMachineVBox.dll [fFlags=0x0]
1220.aa8: supR3HardenedScreenImage/LdrLoadDll: cache hit (VINF_SUCCESS) on \Device\HarddiskVolume2\Program Files\Oracle\VirtualBox\Qt6StateMachineVBox.dll
1220.aa8: supR3HardenedDllNotificationCallback: load   00007ffd62e80000 LB 0x000cd000 C:\Windows\System32\OLEAUT32.dll [fFlags=0x0]
1220.aa8: supR3HardenedScreenImage/LdrLoadDll: cache hit (VINF_SUCCESS) on \Device\HarddiskVolume2\Windows\System32\oleaut32.dll
1220.aa8: supR3HardenedDllNotificationCallback: load   00007ffccf850000 LB 0x01b74000 C:\Program Files\Oracle\VirtualBox\UICommon.dll [fFlags=0x0]
1220.aa8: supR3HardenedScreenImage/LdrLoadDll: cache hit (VINF_SUCCESS) on \Device\HarddiskVolume2\Program Files\Oracle\VirtualBox\UICommon.dll
1220.aa8: supR3HardenedDllNotificationCallback: load   00007ffccd970000 LB 0x00151000 C:\Program Files\Oracle\VirtualBox\VirtualBoxVM.dll [fFlags=0x0]
1220.aa8: supR3HardenedScreenImage/LdrLoadDll: cache hit (VINF_SUCCESS) on \Device\HarddiskVolume2\Program Files\Oracle\VirtualBox\VirtualBoxVM.dll
1220.aa8: Detected loader lock ownership: rc=VINF_SUCCESS '\Device\HarddiskVolume2\Windows\System32\gdi32full.dll'.
1220.aa8: supR3HardenedWinVerifyCacheProcessWvtTodos: 0 (was 0) fWinVerifyTrust=0 for '\Device\HarddiskVolume2\Windows\System32\gdi32full.dll' [rescheduled]
1220.aa8: Detected loader lock ownership: rc=VINF_SUCCESS '\Device\HarddiskVolume2\Windows\System32\netutils.dll'.
1220.aa8: supR3HardenedWinVerifyCacheProcessWvtTodos: 0 (was 0) fWinVerifyTrust=0 for '\Device\HarddiskVolume2\Windows\System32\netutils.dll' [rescheduled]
1220.aa8: Detected loader lock ownership: rc=VINF_SUCCESS '\Device\HarddiskVolume2\Windows\System32\srvcli.dll'.
1220.aa8: supR3HardenedWinVerifyCacheProcessWvtTodos: 0 (was 0) fWinVerifyTrust=0 for '\Device\HarddiskVolume2\Windows\System32\srvcli.dll' [rescheduled]
1220.aa8: Detected loader lock ownership: rc=VINF_SUCCESS '\Device\HarddiskVolume2\Program Files\Oracle\VirtualBox\Qt6SqlVBox.dll'.
1220.aa8: supR3HardenedWinVerifyCacheProcessWvtTodos: 0 (was 0) fWinVerifyTrust=0 for '\Device\HarddiskVolume2\Program Files\Oracle\VirtualBox\Qt6SqlVBox.dll' [rescheduled]
1220.aa8: Detected loader lock ownership: rc=VINF_SUCCESS '\Device\HarddiskVolume2\Windows\System32\mpr.dll'.
1220.aa8: supR3HardenedWinVerifyCacheProcessWvtTodos: 0 (was 0) fWinVerifyTrust=0 for '\Device\HarddiskVolume2\Windows\System32\mpr.dll' [rescheduled]
1220.aa8: Detected loader lock ownership: rc=VINF_SUCCESS '\Device\HarddiskVolume2\Windows\System32\userenv.dll'.
1220.aa8: supR3HardenedWinVerifyCacheProcessWvtTodos: 0 (was 0) fWinVerifyTrust=0 for '\Device\HarddiskVolume2\Windows\System32\userenv.dll' [rescheduled]
1220.aa8: Detected loader lock ownership: rc=22900 '\Device\HarddiskVolume2\Windows\System32\authz.dll'.
1220.aa8: supR3HardenedWinVerifyCacheProcessWvtTodos: 22900 (was 22900) fWinVerifyTrust=0 for '\Device\HarddiskVolume2\Windows\System32\authz.dll' [rescheduled]
1220.aa8: Detected loader lock ownership: rc=VINF_SUCCESS '\Device\HarddiskVolume2\Windows\System32\netapi32.dll'.
1220.aa8: supR3HardenedWinVerifyCacheProcessWvtTodos: 0 (was 0) fWinVerifyTrust=0 for '\Device\HarddiskVolume2\Windows\System32\netapi32.dll' [rescheduled]
1220.aa8: Detected loader lock ownership: rc=VINF_SUCCESS '\Device\HarddiskVolume2\Windows\System32\version.dll'.
1220.aa8: supR3HardenedWinVerifyCacheProcessWvtTodos: 0 (was 0) fWinVerifyTrust=0 for '\Device\HarddiskVolume2\Windows\System32\version.dll' [rescheduled]
1220.aa8: Detected loader lock ownership: rc=VINF_SUCCESS '\Device\HarddiskVolume2\Windows\System32\d3d11.dll'.
1220.aa8: supR3HardenedWinVerifyCacheProcessWvtTodos: 0 (was 0) fWinVerifyTrust=0 for '\Device\HarddiskVolume2\Windows\System32\d3d11.dll' [rescheduled]
1220.aa8: Detected loader lock ownership: rc=VINF_SUCCESS '\Device\HarddiskVolume2\Windows\System32\dxgi.dll'.
1220.aa8: supR3HardenedWinVerifyCacheProcessWvtTodos: 0 (was 0) fWinVerifyTrust=0 for '\Device\HarddiskVolume2\Windows\System32\dxgi.dll' [rescheduled]
1220.aa8: Detected loader lock ownership: rc=VINF_SUCCESS '\Device\HarddiskVolume2\Windows\System32\D3D12.dll'.
1220.aa8: supR3HardenedWinVerifyCacheProcessWvtTodos: 0 (was 0) fWinVerifyTrust=0 for '\Device\HarddiskVolume2\Windows\System32\D3D12.dll' [rescheduled]
1220.aa8: Detected loader lock ownership: rc=VINF_SUCCESS '\Device\HarddiskVolume2\Windows\System32\shell32.dll'.
1220.aa8: supR3HardenedWinVerifyCacheProcessWvtTodos: 0 (was 0) fWinVerifyTrust=0 for '\Device\HarddiskVolume2\Windows\System32\shell32.dll' [rescheduled]
1220.aa8: Detected loader lock ownership: rc=22900 '\Device\HarddiskVolume2\Windows\System32\DWrite.dll'.
1220.aa8: supR3HardenedWinVerifyCacheProcessWvtTodos: 22900 (was 22900) fWinVerifyTrust=0 for '\Device\HarddiskVolume2\Windows\System32\DWrite.dll' [rescheduled]
1220.aa8: Detected loader lock ownership: rc=VINF_SUCCESS '\Device\HarddiskVolume2\Windows\System32\msvcp140_2.dll'.
1220.aa8: supR3HardenedWinVerifyCacheProcessWvtTodos: 0 (was 0) fWinVerifyTrust=0 for '\Device\HarddiskVolume2\Windows\System32\msvcp140_2.dll' [rescheduled]
1220.aa8: Detected loader lock ownership: rc=VINF_SUCCESS '\Device\HarddiskVolume2\Windows\System32\dwmapi.dll'.
1220.aa8: supR3HardenedWinVerifyCacheProcessWvtTodos: 0 (was 0) fWinVerifyTrust=0 for '\Device\HarddiskVolume2\Windows\System32\dwmapi.dll' [rescheduled]
1220.aa8: Detected loader lock ownership: rc=22900 '\Device\HarddiskVolume2\Windows\System32\uxtheme.dll'.
1220.aa8: supR3HardenedWinVerifyCacheProcessWvtTodos: 22900 (was 22900) fWinVerifyTrust=0 for '\Device\HarddiskVolume2\Windows\System32\uxtheme.dll' [rescheduled]
1220.aa8: Detected loader lock ownership: rc=VINF_SUCCESS '\Device\HarddiskVolume2\Windows\System32\msvcp140_1.dll'.
1220.aa8: supR3HardenedWinVerifyCacheProcessWvtTodos: 0 (was 0) fWinVerifyTrust=0 for '\Device\HarddiskVolume2\Windows\System32\msvcp140_1.dll' [rescheduled]
1220.aa8: Detected loader lock ownership: rc=VINF_SUCCESS '\Device\HarddiskVolume2\Windows\System32\win32u.dll'.
1220.aa8: supR3HardenedWinVerifyCacheProcessWvtTodos: 0 (was 0) fWinVerifyTrust=0 for '\Device\HarddiskVolume2\Windows\System32\win32u.dll' [rescheduled]
1220.aa8: Detected loader lock ownership: rc=VINF_SUCCESS '\Device\HarddiskVolume2\Windows\System32\gdi32.dll'.
1220.aa8: supR3HardenedWinVerifyCacheProcessWvtTodos: 0 (was 0) fWinVerifyTrust=0 for '\Device\HarddiskVolume2\Windows\System32\gdi32.dll' [rescheduled]
1220.aa8: Detected loader lock ownership: rc=VINF_SUCCESS '\Device\HarddiskVolume2\Windows\System32\msvcp_win.dll'.
1220.aa8: supR3HardenedWinVerifyCacheProcessWvtTodos: 0 (was 0) fWinVerifyTrust=0 for '\Device\HarddiskVolume2\Windows\System32\msvcp_win.dll' [rescheduled]
1220.aa8: Detected loader lock ownership: rc=VINF_SUCCESS '\Device\HarddiskVolume2\Windows\System32\combase.dll'.
1220.aa8: supR3HardenedWinVerifyCacheProcessWvtTodos: 0 (was 0) fWinVerifyTrust=0 for '\Device\HarddiskVolume2\Windows\System32\combase.dll' [rescheduled]
1220.aa8: Detected loader lock ownership: rc=VINF_SUCCESS '\Device\HarddiskVolume2\Windows\System32\imm32.dll'.
1220.aa8: supR3HardenedWinVerifyCacheScheduleImports: Import todo: #0 'user32.dll'.
1220.aa8: supR3HardenedWinVerifyCacheScheduleImports: Import todo: #25 'win32u.dll'.
1220.aa8: supHardenedWinVerifyImageByHandle: -> 0 (\Device\HarddiskVolume2\Windows\System32\imm32.dll)
1220.aa8: supR3HardenedWinVerifyCacheInsert: \Device\HarddiskVolume2\Windows\System32\imm32.dll
1220.aa8: supR3HardenedWinVerifyCacheProcessImportTodos: Processing 'win32u.dll'...
1220.aa8: supR3HardenedWinVerifyCacheProcessImportTodos: 'win32u.dll' -> '\Device\HarddiskVolume2\Windows\System32\win32u.dll' [rcNtRedir=0xc0150008]
1220.aa8: supR3HardenedScreenImage/Imports: cache hit (VINF_SUCCESS) on \Device\HarddiskVolume2\Windows\System32\win32u.dll [redoing WinVerifyTrust]
1220.aa8: Detected loader lock ownership: rc=VINF_SUCCESS '\Device\HarddiskVolume2\Windows\System32\win32u.dll'.
1220.aa8: supR3HardenedScreenImage/Imports: WinVerifyTrust not available, rescheduling \Device\HarddiskVolume2\Windows\System32\win32u.dll
1220.aa8: supR3HardenedWinVerifyCacheProcessImportTodos: Processing 'user32.dll'...
1220.aa8: supR3HardenedWinVerifyCacheProcessImportTodos: 'user32.dll' -> '\Device\HarddiskVolume2\Windows\System32\user32.dll' [rcNtRedir=0xc0150008]
1220.aa8: supR3HardenedWinVerifyCacheProcessImportTodos: Processing 'win32u.dll'...
1220.aa8: supR3HardenedWinVerifyCacheProcessImportTodos: 'win32u.dll' -> '\Device\HarddiskVolume2\Windows\System32\win32u.dll' [rcNtRedir=0xc0150008]
1220.aa8: supR3HardenedScreenImage/Imports: cache hit (VINF_SUCCESS) on \Device\HarddiskVolume2\Windows\System32\win32u.dll [redoing WinVerifyTrust]
1220.aa8: Detected loader lock ownership: rc=VINF_SUCCESS '\Device\HarddiskVolume2\Windows\System32\win32u.dll'.
1220.aa8: supR3HardenedScreenImage/Imports: WinVerifyTrust not available, rescheduling \Device\HarddiskVolume2\Windows\System32\win32u.dll
1220.aa8: supR3HardenedWinVerifyCacheProcessImportTodos: Processing 'user32.dll'...
1220.aa8: supR3HardenedWinVerifyCacheProcessImportTodos: 'user32.dll' -> '\Device\HarddiskVolume2\Windows\System32\user32.dll' [rcNtRedir=0xc0150008]
1220.aa8: supR3HardenedWinVerifyCacheProcessImportTodos: Processing 'gdi32.dll'...
1220.aa8: supR3HardenedWinVerifyCacheProcessImportTodos: 'gdi32.dll' -> '\Device\HarddiskVolume2\Windows\System32\gdi32.dll' [rcNtRedir=0xc0150008]
1220.aa8: supR3HardenedScreenImage/Imports: cache hit (VINF_SUCCESS) on \Device\HarddiskVolume2\Windows\System32\gdi32.dll [redoing WinVerifyTrust]
1220.aa8: Detected loader lock ownership: rc=VINF_SUCCESS '\Device\HarddiskVolume2\Windows\System32\gdi32.dll'.
1220.aa8: supR3HardenedScreenImage/Imports: WinVerifyTrust not available, rescheduling \Device\HarddiskVolume2\Windows\System32\gdi32.dll
1220.aa8: supR3HardenedWinVerifyCacheProcessImportTodos: Processing 'msvcp_win.dll'...
1220.aa8: supR3HardenedWinVerifyCacheProcessImportTodos: 'msvcp_win.dll' -> '\Device\HarddiskVolume2\Windows\System32\msvcp_win.dll' [rcNtRedir=0xc0150008]
1220.aa8: supR3HardenedScreenImage/Imports: cache hit (VINF_SUCCESS) on \Device\HarddiskVolume2\Windows\System32\msvcp_win.dll [redoing WinVerifyTrust]
1220.aa8: Detected loader lock ownership: rc=VINF_SUCCESS '\Device\HarddiskVolume2\Windows\System32\msvcp_win.dll'.
1220.aa8: supR3HardenedScreenImage/Imports: WinVerifyTrust not available, rescheduling \Device\HarddiskVolume2\Windows\System32\msvcp_win.dll
1220.aa8: supR3HardenedWinVerifyCacheProcessImportTodos: Processing 'rpcrt4.dll'...
1220.aa8: supR3HardenedWinVerifyCacheProcessImportTodos: 'rpcrt4.dll' -> '\Device\HarddiskVolume2\Windows\System32\rpcrt4.dll' [rcNtRedir=0xc0150008]
1220.aa8: supR3HardenedMonitor_LdrLoadDll: pName=C:\Windows\system32\IMM32.DLL (rcNtResolve=0xc0150008) *pfFlags=0x0 pwszSearchPath=0000000000000009:<flags> [calling]
1220.aa8: supR3HardenedDllNotificationCallback: load   00007ffd62e50000 LB 0x0002f000 C:\Windows\System32\IMM32.DLL [fFlags=0x0]
1220.aa8: supR3HardenedScreenImage/LdrLoadDll: cache hit (VINF_SUCCESS) on \Device\HarddiskVolume2\Windows\System32\imm32.dll [avoiding WinVerifyTrust]
1220.aa8: supR3HardenedMonitor_LdrLoadDll: returns rcNt=0x0 hMod=00007ffd62e50000 'C:\Windows\system32\IMM32.DLL'
1220.aa8: Detected loader lock ownership: rc=VINF_SUCCESS '\Device\HarddiskVolume2\Windows\System32\imm32.dll'.
1220.aa8: supR3HardenedWinVerifyCacheProcessWvtTodos: 0 (was 0) fWinVerifyTrust=0 for '\Device\HarddiskVolume2\Windows\System32\imm32.dll' [rescheduled]
1220.aa8: Detected loader lock ownership: rc=VINF_SUCCESS '\Device\HarddiskVolume2\Windows\System32\gdi32full.dll'.
1220.aa8: supR3HardenedWinVerifyCacheProcessWvtTodos: 0 (was 0) fWinVerifyTrust=0 for '\Device\HarddiskVolume2\Windows\System32\gdi32full.dll' [rescheduled]
1220.aa8: Detected loader lock ownership: rc=VINF_SUCCESS '\Device\HarddiskVolume2\Windows\System32\netutils.dll'.
1220.aa8: supR3HardenedWinVerifyCacheProcessWvtTodos: 0 (was 0) fWinVerifyTrust=0 for '\Device\HarddiskVolume2\Windows\System32\netutils.dll' [rescheduled]
1220.aa8: Detected loader lock ownership: rc=VINF_SUCCESS '\Device\HarddiskVolume2\Windows\System32\srvcli.dll'.
1220.aa8: supR3HardenedWinVerifyCacheProcessWvtTodos: 0 (was 0) fWinVerifyTrust=0 for '\Device\HarddiskVolume2\Windows\System32\srvcli.dll' [rescheduled]
1220.aa8: Detected loader lock ownership: rc=VINF_SUCCESS '\Device\HarddiskVolume2\Program Files\Oracle\VirtualBox\Qt6SqlVBox.dll'.
1220.aa8: supR3HardenedWinVerifyCacheProcessWvtTodos: 0 (was 0) fWinVerifyTrust=0 for '\Device\HarddiskVolume2\Program Files\Oracle\VirtualBox\Qt6SqlVBox.dll' [rescheduled]
1220.aa8: Detected loader lock ownership: rc=VINF_SUCCESS '\Device\HarddiskVolume2\Windows\System32\mpr.dll'.
1220.aa8: supR3HardenedWinVerifyCacheProcessWvtTodos: 0 (was 0) fWinVerifyTrust=0 for '\Device\HarddiskVolume2\Windows\System32\mpr.dll' [rescheduled]
1220.aa8: Detected loader lock ownership: rc=VINF_SUCCESS '\Device\HarddiskVolume2\Windows\System32\userenv.dll'.
1220.aa8: supR3HardenedWinVerifyCacheProcessWvtTodos: 0 (was 0) fWinVerifyTrust=0 for '\Device\HarddiskVolume2\Windows\System32\userenv.dll' [rescheduled]
1220.aa8: Detected loader lock ownership: rc=22900 '\Device\HarddiskVolume2\Windows\System32\authz.dll'.
1220.aa8: supR3HardenedWinVerifyCacheProcessWvtTodos: 22900 (was 22900) fWinVerifyTrust=0 for '\Device\HarddiskVolume2\Windows\System32\authz.dll' [rescheduled]
1220.aa8: Detected loader lock ownership: rc=VINF_SUCCESS '\Device\HarddiskVolume2\Windows\System32\netapi32.dll'.
1220.aa8: supR3HardenedWinVerifyCacheProcessWvtTodos: 0 (was 0) fWinVerifyTrust=0 for '\Device\HarddiskVolume2\Windows\System32\netapi32.dll' [rescheduled]
1220.aa8: Detected loader lock ownership: rc=VINF_SUCCESS '\Device\HarddiskVolume2\Windows\System32\version.dll'.
1220.aa8: supR3HardenedWinVerifyCacheProcessWvtTodos: 0 (was 0) fWinVerifyTrust=0 for '\Device\HarddiskVolume2\Windows\System32\version.dll' [rescheduled]
1220.aa8: Detected loader lock ownership: rc=VINF_SUCCESS '\Device\HarddiskVolume2\Windows\System32\d3d11.dll'.
1220.aa8: supR3HardenedWinVerifyCacheProcessWvtTodos: 0 (was 0) fWinVerifyTrust=0 for '\Device\HarddiskVolume2\Windows\System32\d3d11.dll' [rescheduled]
1220.aa8: Detected loader lock ownership: rc=VINF_SUCCESS '\Device\HarddiskVolume2\Windows\System32\dxgi.dll'.
1220.aa8: supR3HardenedWinVerifyCacheProcessWvtTodos: 0 (was 0) fWinVerifyTrust=0 for '\Device\HarddiskVolume2\Windows\System32\dxgi.dll' [rescheduled]
1220.aa8: Detected loader lock ownership: rc=VINF_SUCCESS '\Device\HarddiskVolume2\Windows\System32\D3D12.dll'.
1220.aa8: supR3HardenedWinVerifyCacheProcessWvtTodos: 0 (was 0) fWinVerifyTrust=0 for '\Device\HarddiskVolume2\Windows\System32\D3D12.dll' [rescheduled]
1220.aa8: Detected loader lock ownership: rc=VINF_SUCCESS '\Device\HarddiskVolume2\Windows\System32\shell32.dll'.
1220.aa8: supR3HardenedWinVerifyCacheProcessWvtTodos: 0 (was 0) fWinVerifyTrust=0 for '\Device\HarddiskVolume2\Windows\System32\shell32.dll' [rescheduled]
1220.aa8: Detected loader lock ownership: rc=22900 '\Device\HarddiskVolume2\Windows\System32\DWrite.dll'.
1220.aa8: supR3HardenedWinVerifyCacheProcessWvtTodos: 22900 (was 22900) fWinVerifyTrust=0 for '\Device\HarddiskVolume2\Windows\System32\DWrite.dll' [rescheduled]
1220.aa8: Detected loader lock ownership: rc=VINF_SUCCESS '\Device\HarddiskVolume2\Windows\System32\msvcp140_2.dll'.
1220.aa8: supR3HardenedWinVerifyCacheProcessWvtTodos: 0 (was 0) fWinVerifyTrust=0 for '\Device\HarddiskVolume2\Windows\System32\msvcp140_2.dll' [rescheduled]
1220.aa8: Detected loader lock ownership: rc=VINF_SUCCESS '\Device\HarddiskVolume2\Windows\System32\dwmapi.dll'.
1220.aa8: supR3HardenedWinVerifyCacheProcessWvtTodos: 0 (was 0) fWinVerifyTrust=0 for '\Device\HarddiskVolume2\Windows\System32\dwmapi.dll' [rescheduled]
1220.aa8: Detected loader lock ownership: rc=22900 '\Device\HarddiskVolume2\Windows\System32\uxtheme.dll'.
1220.aa8: supR3HardenedWinVerifyCacheProcessWvtTodos: 22900 (was 22900) fWinVerifyTrust=0 for '\Device\HarddiskVolume2\Windows\System32\uxtheme.dll' [rescheduled]
1220.aa8: Detected loader lock ownership: rc=VINF_SUCCESS '\Device\HarddiskVolume2\Windows\System32\msvcp140_1.dll'.
1220.aa8: supR3HardenedWinVerifyCacheProcessWvtTodos: 0 (was 0) fWinVerifyTrust=0 for '\Device\HarddiskVolume2\Windows\System32\msvcp140_1.dll' [rescheduled]
1220.aa8: Detected loader lock ownership: rc=VINF_SUCCESS '\Device\HarddiskVolume2\Windows\System32\win32u.dll'.
1220.aa8: supR3HardenedWinVerifyCacheProcessWvtTodos: 0 (was 0) fWinVerifyTrust=0 for '\Device\HarddiskVolume2\Windows\System32\win32u.dll' [rescheduled]
1220.aa8: Detected loader lock ownership: rc=VINF_SUCCESS '\Device\HarddiskVolume2\Windows\System32\gdi32.dll'.
1220.aa8: supR3HardenedWinVerifyCacheProcessWvtTodos: 0 (was 0) fWinVerifyTrust=0 for '\Device\HarddiskVolume2\Windows\System32\gdi32.dll' [rescheduled]
1220.aa8: Detected loader lock ownership: rc=VINF_SUCCESS '\Device\HarddiskVolume2\Windows\System32\msvcp_win.dll'.
1220.aa8: supR3HardenedWinVerifyCacheProcessWvtTodos: 0 (was 0) fWinVerifyTrust=0 for '\Device\HarddiskVolume2\Windows\System32\msvcp_win.dll' [rescheduled]
1220.aa8: Detected loader lock ownership: rc=VINF_SUCCESS '\Device\HarddiskVolume2\Windows\System32\combase.dll'.
1220.aa8: supR3HardenedWinVerifyCacheProcessWvtTodos: 0 (was 0) fWinVerifyTrust=0 for '\Device\HarddiskVolume2\Windows\System32\combase.dll' [rescheduled]
1220.aa8: Detected loader lock ownership: rc=VINF_SUCCESS '\Device\HarddiskVolume2\Windows\System32\imm32.dll'.
1220.aa8: supR3HardenedWinVerifyCacheProcessWvtTodos: 0 (was 0) fWinVerifyTrust=0 for '\Device\HarddiskVolume2\Windows\System32\imm32.dll' [rescheduled]
1220.aa8: Detected loader lock ownership: rc=VINF_SUCCESS '\Device\HarddiskVolume2\Windows\System32\gdi32full.dll'.
1220.aa8: supR3HardenedWinVerifyCacheProcessWvtTodos: 0 (was 0) fWinVerifyTrust=0 for '\Device\HarddiskVolume2\Windows\System32\gdi32full.dll' [rescheduled]
1220.aa8: Detected loader lock ownership: rc=VINF_SUCCESS '\Device\HarddiskVolume2\Windows\System32\netutils.dll'.
1220.aa8: supR3HardenedWinVerifyCacheProcessWvtTodos: 0 (was 0) fWinVerifyTrust=0 for '\Device\HarddiskVolume2\Windows\System32\netutils.dll' [rescheduled]
1220.aa8: Detected loader lock ownership: rc=VINF_SUCCESS '\Device\HarddiskVolume2\Windows\System32\srvcli.dll'.
1220.aa8: supR3HardenedWinVerifyCacheProcessWvtTodos: 0 (was 0) fWinVerifyTrust=0 for '\Device\HarddiskVolume2\Windows\System32\srvcli.dll' [rescheduled]
1220.aa8: Detected loader lock ownership: rc=VINF_SUCCESS '\Device\HarddiskVolume2\Program Files\Oracle\VirtualBox\Qt6SqlVBox.dll'.
1220.aa8: supR3HardenedWinVerifyCacheProcessWvtTodos: 0 (was 0) fWinVerifyTrust=0 for '\Device\HarddiskVolume2\Program Files\Oracle\VirtualBox\Qt6SqlVBox.dll' [rescheduled]
1220.aa8: Detected loader lock ownership: rc=VINF_SUCCESS '\Device\HarddiskVolume2\Windows\System32\mpr.dll'.
1220.aa8: supR3HardenedWinVerifyCacheProcessWvtTodos: 0 (was 0) fWinVerifyTrust=0 for '\Device\HarddiskVolume2\Windows\System32\mpr.dll' [rescheduled]
1220.aa8: Detected loader lock ownership: rc=VINF_SUCCESS '\Device\HarddiskVolume2\Windows\System32\userenv.dll'.
1220.aa8: supR3HardenedWinVerifyCacheProcessWvtTodos: 0 (was 0) fWinVerifyTrust=0 for '\Device\HarddiskVolume2\Windows\System32\userenv.dll' [rescheduled]
1220.aa8: Detected loader lock ownership: rc=22900 '\Device\HarddiskVolume2\Windows\System32\authz.dll'.
1220.aa8: supR3HardenedWinVerifyCacheProcessWvtTodos: 22900 (was 22900) fWinVerifyTrust=0 for '\Device\HarddiskVolume2\Windows\System32\authz.dll' [rescheduled]
1220.aa8: Detected loader lock ownership: rc=VINF_SUCCESS '\Device\HarddiskVolume2\Windows\System32\netapi32.dll'.
1220.aa8: supR3HardenedWinVerifyCacheProcessWvtTodos: 0 (was 0) fWinVerifyTrust=0 for '\Device\HarddiskVolume2\Windows\System32\netapi32.dll' [rescheduled]
1220.aa8: Detected loader lock ownership: rc=VINF_SUCCESS '\Device\HarddiskVolume2\Windows\System32\version.dll'.
1220.aa8: supR3HardenedWinVerifyCacheProcessWvtTodos: 0 (was 0) fWinVerifyTrust=0 for '\Device\HarddiskVolume2\Windows\System32\version.dll' [rescheduled]
1220.aa8: Detected loader lock ownership: rc=VINF_SUCCESS '\Device\HarddiskVolume2\Windows\System32\d3d11.dll'.
1220.aa8: supR3HardenedWinVerifyCacheProcessWvtTodos: 0 (was 0) fWinVerifyTrust=0 for '\Device\HarddiskVolume2\Windows\System32\d3d11.dll' [rescheduled]
1220.aa8: Detected loader lock ownership: rc=VINF_SUCCESS '\Device\HarddiskVolume2\Windows\System32\dxgi.dll'.
1220.aa8: supR3HardenedWinVerifyCacheProcessWvtTodos: 0 (was 0) fWinVerifyTrust=0 for '\Device\HarddiskVolume2\Windows\System32\dxgi.dll' [rescheduled]
1220.aa8: Detected loader lock ownership: rc=VINF_SUCCESS '\Device\HarddiskVolume2\Windows\System32\D3D12.dll'.
1220.aa8: supR3HardenedWinVerifyCacheProcessWvtTodos: 0 (was 0) fWinVerifyTrust=0 for '\Device\HarddiskVolume2\Windows\System32\D3D12.dll' [rescheduled]
1220.aa8: Detected loader lock ownership: rc=VINF_SUCCESS '\Device\HarddiskVolume2\Windows\System32\shell32.dll'.
1220.aa8: supR3HardenedWinVerifyCacheProcessWvtTodos: 0 (was 0) fWinVerifyTrust=0 for '\Device\HarddiskVolume2\Windows\System32\shell32.dll' [rescheduled]
1220.aa8: Detected loader lock ownership: rc=22900 '\Device\HarddiskVolume2\Windows\System32\DWrite.dll'.
1220.aa8: supR3HardenedWinVerifyCacheProcessWvtTodos: 22900 (was 22900) fWinVerifyTrust=0 for '\Device\HarddiskVolume2\Windows\System32\DWrite.dll' [rescheduled]
1220.aa8: Detected loader lock ownership: rc=VINF_SUCCESS '\Device\HarddiskVolume2\Windows\System32\msvcp140_2.dll'.
1220.aa8: supR3HardenedWinVerifyCacheProcessWvtTodos: 0 (was 0) fWinVerifyTrust=0 for '\Device\HarddiskVolume2\Windows\System32\msvcp140_2.dll' [rescheduled]
1220.aa8: Detected loader lock ownership: rc=VINF_SUCCESS '\Device\HarddiskVolume2\Windows\System32\dwmapi.dll'.
1220.aa8: supR3HardenedWinVerifyCacheProcessWvtTodos: 0 (was 0) fWinVerifyTrust=0 for '\Device\HarddiskVolume2\Windows\System32\dwmapi.dll' [rescheduled]
1220.aa8: Detected loader lock ownership: rc=22900 '\Device\HarddiskVolume2\Windows\System32\uxtheme.dll'.
1220.aa8: supR3HardenedWinVerifyCacheProcessWvtTodos: 22900 (was 22900) fWinVerifyTrust=0 for '\Device\HarddiskVolume2\Windows\System32\uxtheme.dll' [rescheduled]
1220.aa8: Detected loader lock ownership: rc=VINF_SUCCESS '\Device\HarddiskVolume2\Windows\System32\msvcp140_1.dll'.
1220.aa8: supR3HardenedWinVerifyCacheProcessWvtTodos: 0 (was 0) fWinVerifyTrust=0 for '\Device\HarddiskVolume2\Windows\System32\msvcp140_1.dll' [rescheduled]
1220.aa8: Detected loader lock ownership: rc=VINF_SUCCESS '\Device\HarddiskVolume2\Windows\System32\win32u.dll'.
1220.aa8: supR3HardenedWinVerifyCacheProcessWvtTodos: 0 (was 0) fWinVerifyTrust=0 for '\Device\HarddiskVolume2\Windows\System32\win32u.dll' [rescheduled]
1220.aa8: Detected loader lock ownership: rc=VINF_SUCCESS '\Device\HarddiskVolume2\Windows\System32\gdi32.dll'.
1220.aa8: supR3HardenedWinVerifyCacheProcessWvtTodos: 0 (was 0) fWinVerifyTrust=0 for '\Device\HarddiskVolume2\Windows\System32\gdi32.dll' [rescheduled]
1220.aa8: Detected loader lock ownership: rc=VINF_SUCCESS '\Device\HarddiskVolume2\Windows\System32\msvcp_win.dll'.
1220.aa8: supR3HardenedWinVerifyCacheProcessWvtTodos: 0 (was 0) fWinVerifyTrust=0 for '\Device\HarddiskVolume2\Windows\System32\msvcp_win.dll' [rescheduled]
1220.aa8: Detected loader lock ownership: rc=VINF_SUCCESS '\Device\HarddiskVolume2\Windows\System32\combase.dll'.
1220.aa8: supR3HardenedWinVerifyCacheProcessWvtTodos: 0 (was 0) fWinVerifyTrust=0 for '\Device\HarddiskVolume2\Windows\System32\combase.dll' [rescheduled]
1220.aa8: supR3HardenedScreenImage/LdrLoadDll: cache hit (VINF_SUCCESS) on \Device\HarddiskVolume2\Windows\System32\gdi32.dll [redoing WinVerifyTrust]
1220.aa8: Detected loader lock ownership: rc=VINF_SUCCESS '\Device\HarddiskVolume2\Windows\System32\gdi32.dll'.
1220.aa8: supR3HardenedScreenImage/LdrLoadDll: WinVerifyTrust not available, rescheduling \Device\HarddiskVolume2\Windows\System32\gdi32.dll
1220.aa8: supR3HardenedMonitor_LdrLoadDll: returns rcNt=0x0 hMod=00007ffd633c0000 'C:\Windows\System32\gdi32.dll'
1220.aa8: Detected loader lock ownership: rc=VINF_SUCCESS '\Device\HarddiskVolume2\Windows\System32\imm32.dll'.
1220.aa8: supR3HardenedWinVerifyCacheProcessWvtTodos: 0 (was 0) fWinVerifyTrust=0 for '\Device\HarddiskVolume2\Windows\System32\imm32.dll' [rescheduled]
1220.aa8: Detected loader lock ownership: rc=VINF_SUCCESS '\Device\HarddiskVolume2\Windows\System32\gdi32full.dll'.
1220.aa8: supR3HardenedWinVerifyCacheProcessWvtTodos: 0 (was 0) fWinVerifyTrust=0 for '\Device\HarddiskVolume2\Windows\System32\gdi32full.dll' [rescheduled]
1220.aa8: Detected loader lock ownership: rc=VINF_SUCCESS '\Device\HarddiskVolume2\Windows\System32\netutils.dll'.
1220.aa8: supR3HardenedWinVerifyCacheProcessWvtTodos: 0 (was 0) fWinVerifyTrust=0 for '\Device\HarddiskVolume2\Windows\System32\netutils.dll' [rescheduled]
1220.aa8: Detected loader lock ownership: rc=VINF_SUCCESS '\Device\HarddiskVolume2\Windows\System32\srvcli.dll'.
1220.aa8: supR3HardenedWinVerifyCacheProcessWvtTodos: 0 (was 0) fWinVerifyTrust=0 for '\Device\HarddiskVolume2\Windows\System32\srvcli.dll' [rescheduled]
1220.aa8: Detected loader lock ownership: rc=VINF_SUCCESS '\Device\HarddiskVolume2\Program Files\Oracle\VirtualBox\Qt6SqlVBox.dll'.
1220.aa8: supR3HardenedWinVerifyCacheProcessWvtTodos: 0 (was 0) fWinVerifyTrust=0 for '\Device\HarddiskVolume2\Program Files\Oracle\VirtualBox\Qt6SqlVBox.dll' [rescheduled]
1220.aa8: Detected loader lock ownership: rc=VINF_SUCCESS '\Device\HarddiskVolume2\Windows\System32\mpr.dll'.
1220.aa8: supR3HardenedWinVerifyCacheProcessWvtTodos: 0 (was 0) fWinVerifyTrust=0 for '\Device\HarddiskVolume2\Windows\System32\mpr.dll' [rescheduled]
1220.aa8: Detected loader lock ownership: rc=VINF_SUCCESS '\Device\HarddiskVolume2\Windows\System32\userenv.dll'.
1220.aa8: supR3HardenedWinVerifyCacheProcessWvtTodos: 0 (was 0) fWinVerifyTrust=0 for '\Device\HarddiskVolume2\Windows\System32\userenv.dll' [rescheduled]
1220.aa8: Detected loader lock ownership: rc=22900 '\Device\HarddiskVolume2\Windows\System32\authz.dll'.
1220.aa8: supR3HardenedWinVerifyCacheProcessWvtTodos: 22900 (was 22900) fWinVerifyTrust=0 for '\Device\HarddiskVolume2\Windows\System32\authz.dll' [rescheduled]
1220.aa8: Detected loader lock ownership: rc=VINF_SUCCESS '\Device\HarddiskVolume2\Windows\System32\netapi32.dll'.
1220.aa8: supR3HardenedWinVerifyCacheProcessWvtTodos: 0 (was 0) fWinVerifyTrust=0 for '\Device\HarddiskVolume2\Windows\System32\netapi32.dll' [rescheduled]
1220.aa8: Detected loader lock ownership: rc=VINF_SUCCESS '\Device\HarddiskVolume2\Windows\System32\version.dll'.
1220.aa8: supR3HardenedWinVerifyCacheProcessWvtTodos: 0 (was 0) fWinVerifyTrust=0 for '\Device\HarddiskVolume2\Windows\System32\version.dll' [rescheduled]
1220.aa8: Detected loader lock ownership: rc=VINF_SUCCESS '\Device\HarddiskVolume2\Windows\System32\d3d11.dll'.
1220.aa8: supR3HardenedWinVerifyCacheProcessWvtTodos: 0 (was 0) fWinVerifyTrust=0 for '\Device\HarddiskVolume2\Windows\System32\d3d11.dll' [rescheduled]
1220.aa8: Detected loader lock ownership: rc=VINF_SUCCESS '\Device\HarddiskVolume2\Windows\System32\dxgi.dll'.
1220.aa8: supR3HardenedWinVerifyCacheProcessWvtTodos: 0 (was 0) fWinVerifyTrust=0 for '\Device\HarddiskVolume2\Windows\System32\dxgi.dll' [rescheduled]
1220.aa8: Detected loader lock ownership: rc=VINF_SUCCESS '\Device\HarddiskVolume2\Windows\System32\D3D12.dll'.
1220.aa8: supR3HardenedWinVerifyCacheProcessWvtTodos: 0 (was 0) fWinVerifyTrust=0 for '\Device\HarddiskVolume2\Windows\System32\D3D12.dll' [rescheduled]
1220.aa8: Detected loader lock ownership: rc=VINF_SUCCESS '\Device\HarddiskVolume2\Windows\System32\shell32.dll'.
1220.aa8: supR3HardenedWinVerifyCacheProcessWvtTodos: 0 (was 0) fWinVerifyTrust=0 for '\Device\HarddiskVolume2\Windows\System32\shell32.dll' [rescheduled]
1220.aa8: Detected loader lock ownership: rc=22900 '\Device\HarddiskVolume2\Windows\System32\DWrite.dll'.
1220.aa8: supR3HardenedWinVerifyCacheProcessWvtTodos: 22900 (was 22900) fWinVerifyTrust=0 for '\Device\HarddiskVolume2\Windows\System32\DWrite.dll' [rescheduled]
1220.aa8: Detected loader lock ownership: rc=VINF_SUCCESS '\Device\HarddiskVolume2\Windows\System32\msvcp140_2.dll'.
1220.aa8: supR3HardenedWinVerifyCacheProcessWvtTodos: 0 (was 0) fWinVerifyTrust=0 for '\Device\HarddiskVolume2\Windows\System32\msvcp140_2.dll' [rescheduled]
1220.aa8: Detected loader lock ownership: rc=VINF_SUCCESS '\Device\HarddiskVolume2\Windows\System32\dwmapi.dll'.
1220.aa8: supR3HardenedWinVerifyCacheProcessWvtTodos: 0 (was 0) fWinVerifyTrust=0 for '\Device\HarddiskVolume2\Windows\System32\dwmapi.dll' [rescheduled]
1220.aa8: Detected loader lock ownership: rc=22900 '\Device\HarddiskVolume2\Windows\System32\uxtheme.dll'.
1220.aa8: supR3HardenedWinVerifyCacheProcessWvtTodos: 22900 (was 22900) fWinVerifyTrust=0 for '\Device\HarddiskVolume2\Windows\System32\uxtheme.dll' [rescheduled]
1220.aa8: Detected loader lock ownership: rc=VINF_SUCCESS '\Device\HarddiskVolume2\Windows\System32\msvcp140_1.dll'.
1220.aa8: supR3HardenedWinVerifyCacheProcessWvtTodos: 0 (was 0) fWinVerifyTrust=0 for '\Device\HarddiskVolume2\Windows\System32\msvcp140_1.dll' [rescheduled]
1220.aa8: Detected loader lock ownership: rc=VINF_SUCCESS '\Device\HarddiskVolume2\Windows\System32\win32u.dll'.
1220.aa8: supR3HardenedWinVerifyCacheProcessWvtTodos: 0 (was 0) fWinVerifyTrust=0 for '\Device\HarddiskVolume2\Windows\System32\win32u.dll' [rescheduled]
1220.aa8: Detected loader lock ownership: rc=VINF_SUCCESS '\Device\HarddiskVolume2\Windows\System32\gdi32.dll'.
1220.aa8: supR3HardenedWinVerifyCacheProcessWvtTodos: 0 (was 0) fWinVerifyTrust=0 for '\Device\HarddiskVolume2\Windows\System32\gdi32.dll' [rescheduled]
1220.aa8: Detected loader lock ownership: rc=VINF_SUCCESS '\Device\HarddiskVolume2\Windows\System32\msvcp_win.dll'.
1220.aa8: supR3HardenedWinVerifyCacheProcessWvtTodos: 0 (was 0) fWinVerifyTrust=0 for '\Device\HarddiskVolume2\Windows\System32\msvcp_win.dll' [rescheduled]
1220.aa8: Detected loader lock ownership: rc=VINF_SUCCESS '\Device\HarddiskVolume2\Windows\System32\combase.dll'.
1220.aa8: supR3HardenedWinVerifyCacheProcessWvtTodos: 0 (was 0) fWinVerifyTrust=0 for '\Device\HarddiskVolume2\Windows\System32\combase.dll' [rescheduled]
1220.aa8: supR3HardenedMonitor_LdrLoadDll: returns rcNt=0x0 hMod=00007ffccd970000 'C:\Program Files\Oracle\VirtualBox\VirtualBoxVM.dll'
1220.aa8: supR3HardenedMonitor_LdrLoadDll: returns rcNt=0x0 hMod=00007ffd5fd10000 'C:\Windows\system32\rsaenh.dll'
1220.aa8: supR3HardenedMonitor_LdrLoadDll: returns rcNt=0x0 hMod=00007ffd60e40000 'C:\Windows\System32\crypt32.dll'
1220.aa8: supR3HardenedWinVerifyCacheProcessWvtTodos: 0 (was 0) fWinVerifyTrust=1 for '\Device\HarddiskVolume2\Windows\System32\imm32.dll'
1220.aa8: supR3HardenedMonitor_LdrLoadDll: returns rcNt=0x0 hMod=00007ffd5fd10000 'C:\Windows\system32\rsaenh.dll'
1220.aa8: supR3HardenedMonitor_LdrLoadDll: returns rcNt=0x0 hMod=00007ffd60e40000 'C:\Windows\System32\crypt32.dll'
1220.aa8: supR3HardenedWinVerifyCacheProcessWvtTodos: 0 (was 0) fWinVerifyTrust=1 for '\Device\HarddiskVolume2\Windows\System32\gdi32full.dll'
1220.aa8: supR3HardenedMonitor_LdrLoadDll: returns rcNt=0x0 hMod=00007ffd5fd10000 'C:\Windows\system32\rsaenh.dll'
1220.aa8: supR3HardenedMonitor_LdrLoadDll: returns rcNt=0x0 hMod=00007ffd60e40000 'C:\Windows\System32\crypt32.dll'
1220.aa8: supR3HardenedWinVerifyCacheProcessWvtTodos: 0 (was 0) fWinVerifyTrust=1 for '\Device\HarddiskVolume2\Windows\System32\netutils.dll'
1220.aa8: supR3HardenedMonitor_LdrLoadDll: returns rcNt=0x0 hMod=00007ffd5fd10000 'C:\Windows\system32\rsaenh.dll'
1220.aa8: supR3HardenedMonitor_LdrLoadDll: returns rcNt=0x0 hMod=00007ffd60e40000 'C:\Windows\System32\crypt32.dll'
1220.aa8: supR3HardenedWinVerifyCacheProcessWvtTodos: 0 (was 0) fWinVerifyTrust=1 for '\Device\HarddiskVolume2\Windows\System32\srvcli.dll'
1220.aa8: supR3HardenedMonitor_LdrLoadDll: returns rcNt=0x0 hMod=00007ffd5fd10000 'C:\Windows\system32\rsaenh.dll'
1220.aa8: supR3HardenedMonitor_LdrLoadDll: returns rcNt=0x0 hMod=00007ffd60e40000 'C:\Windows\System32\crypt32.dll'
1220.aa8: supR3HardenedWinVerifyCacheProcessWvtTodos: 0 (was 0) fWinVerifyTrust=1 for '\Device\HarddiskVolume2\Program Files\Oracle\VirtualBox\Qt6SqlVBox.dll'
1220.aa8: supR3HardenedMonitor_LdrLoadDll: returns rcNt=0x0 hMod=00007ffd5fd10000 'C:\Windows\system32\rsaenh.dll'
1220.aa8: supR3HardenedMonitor_LdrLoadDll: returns rcNt=0x0 hMod=00007ffd60e40000 'C:\Windows\System32\crypt32.dll'
1220.aa8: supR3HardenedWinVerifyCacheProcessWvtTodos: 0 (was 0) fWinVerifyTrust=1 for '\Device\HarddiskVolume2\Windows\System32\mpr.dll'
1220.aa8: supR3HardenedMonitor_LdrLoadDll: returns rcNt=0x0 hMod=00007ffd5fd10000 'C:\Windows\system32\rsaenh.dll'
1220.aa8: supR3HardenedMonitor_LdrLoadDll: returns rcNt=0x0 hMod=00007ffd60e40000 'C:\Windows\System32\crypt32.dll'
1220.aa8: supR3HardenedWinVerifyCacheProcessWvtTodos: 0 (was 0) fWinVerifyTrust=1 for '\Device\HarddiskVolume2\Windows\System32\userenv.dll'
1220.aa8: supR3HardNtViCallWinVerifyTrustCatFile: hFile=00000000000004c8 pwszName=\Device\HarddiskVolume2\Windows\System32\authz.dll
1220.aa8: supR3HardNtViCallWinVerifyTrustCatFile: Cached context 000002d66764e610
1220.aa8: supR3HardNtViCallWinVerifyTrustCatFile: hCatAdmin=000002d66764e610
1220.aa8: supR3HardNtViCallWinVerifyTrustCatFile: cbHash=20 wszDigest=B685402509FE55AFDD19010A15E6370AAF3DE884
1220.aa8: supR3HardenedMonitor_LdrLoadDll: returns rcNt=0x0 hMod=00007ffd5fd10000 'C:\Windows\system32\rsaenh.dll'
1220.aa8: supR3HardenedMonitor_LdrLoadDll: returns rcNt=0x0 hMod=00007ffd60e40000 'C:\Windows\System32\crypt32.dll'
1220.aa8: supR3HardNtViCallWinVerifyTrustCatFile: WinVerifyTrust => 0x0; cat='C:\Windows\system32\CatRoot\{F750E6C3-38EE-11D1-85E5-00C04FC295EE}\Microsoft-Windows-Client-Desktop-Required-Package0516~31bf3856ad364e35~amd64~~10.0.19041.6456.cat'; file='\Device\HarddiskVolume2\Windows\System32\authz.dll'
1220.aa8: supR3HardNtViCallWinVerifyTrustCatFile -> 0 (org 22900)
1220.aa8: supR3HardenedWinVerifyCacheProcessWvtTodos: 0 (was 22900) fWinVerifyTrust=1 for '\Device\HarddiskVolume2\Windows\System32\authz.dll'
1220.aa8: supR3HardenedMonitor_LdrLoadDll: returns rcNt=0x0 hMod=00007ffd5fd10000 'C:\Windows\system32\rsaenh.dll'
1220.aa8: supR3HardenedMonitor_LdrLoadDll: returns rcNt=0x0 hMod=00007ffd60e40000 'C:\Windows\System32\crypt32.dll'
1220.aa8: supR3HardenedWinVerifyCacheProcessWvtTodos: 0 (was 0) fWinVerifyTrust=1 for '\Device\HarddiskVolume2\Windows\System32\netapi32.dll'
1220.aa8: supR3HardenedMonitor_LdrLoadDll: returns rcNt=0x0 hMod=00007ffd5fd10000 'C:\Windows\system32\rsaenh.dll'
1220.aa8: supR3HardenedMonitor_LdrLoadDll: returns rcNt=0x0 hMod=00007ffd60e40000 'C:\Windows\System32\crypt32.dll'
1220.aa8: supR3HardenedWinVerifyCacheProcessWvtTodos: 0 (was 0) fWinVerifyTrust=1 for '\Device\HarddiskVolume2\Windows\System32\version.dll'
1220.aa8: supR3HardenedMonitor_LdrLoadDll: returns rcNt=0x0 hMod=00007ffd5fd10000 'C:\Windows\system32\rsaenh.dll'
1220.aa8: supR3HardenedMonitor_LdrLoadDll: returns rcNt=0x0 hMod=00007ffd60e40000 'C:\Windows\System32\crypt32.dll'
1220.aa8: supR3HardenedWinVerifyCacheProcessWvtTodos: 0 (was 0) fWinVerifyTrust=1 for '\Device\HarddiskVolume2\Windows\System32\d3d11.dll'
1220.aa8: supR3HardenedMonitor_LdrLoadDll: returns rcNt=0x0 hMod=00007ffd5fd10000 'C:\Windows\system32\rsaenh.dll'
1220.aa8: supR3HardenedMonitor_LdrLoadDll: returns rcNt=0x0 hMod=00007ffd60e40000 'C:\Windows\System32\crypt32.dll'
1220.aa8: supR3HardenedWinVerifyCacheProcessWvtTodos: 0 (was 0) fWinVerifyTrust=1 for '\Device\HarddiskVolume2\Windows\System32\dxgi.dll'
1220.aa8: supR3HardenedMonitor_LdrLoadDll: returns rcNt=0x0 hMod=00007ffd5fd10000 'C:\Windows\system32\rsaenh.dll'
1220.aa8: supR3HardenedScreenImage/LdrLoadDll: cache hit (VINF_SUCCESS) on \Device\HarddiskVolume2\Windows\System32\crypt32.dll
1220.aa8: supR3HardenedMonitor_LdrLoadDll: pName=C:\Windows\System32\crypt32.dll (Input=crypt32.dll, rcNtResolve=0xc0150008) *pfFlags=0x0 pwszSearchPath=0000000000000001:<flags> [calling]
1220.aa8: supR3HardenedMonitor_LdrLoadDll: returns rcNt=0x0 hMod=00007ffd60e40000 'C:\Windows\System32\crypt32.dll'
1220.aa8: supR3HardenedWinVerifyCacheProcessWvtTodos: 0 (was 0) fWinVerifyTrust=1 for '\Device\HarddiskVolume2\Windows\System32\D3D12.dll'
1220.aa8: supR3HardenedMonitor_LdrLoadDll: returns rcNt=0x0 hMod=00007ffd5fd10000 'C:\Windows\system32\rsaenh.dll'
1220.aa8: supR3HardenedMonitor_LdrLoadDll: returns rcNt=0x0 hMod=00007ffd60e40000 'C:\Windows\System32\crypt32.dll'
1220.aa8: supR3HardenedWinVerifyCacheProcessWvtTodos: 0 (was 0) fWinVerifyTrust=1 for '\Device\HarddiskVolume2\Windows\System32\shell32.dll'
1220.aa8: supR3HardNtViCallWinVerifyTrustCatFile: hFile=00000000000004c0 pwszName=\Device\HarddiskVolume2\Windows\System32\DWrite.dll
1220.aa8: supR3HardNtViCallWinVerifyTrustCatFile: Cached context 000002d66764e610
1220.aa8: supR3HardNtViCallWinVerifyTrustCatFile: hCatAdmin=000002d66764e610
1220.aa8: supR3HardNtViCallWinVerifyTrustCatFile: cbHash=20 wszDigest=4025A7217883772D53770945E12B41912877C78B
1220.aa8: supR3HardenedMonitor_LdrLoadDll: returns rcNt=0x0 hMod=00007ffd5fd10000 'C:\Windows\system32\rsaenh.dll'
1220.aa8: supR3HardenedMonitor_LdrLoadDll: returns rcNt=0x0 hMod=00007ffd60e40000 'C:\Windows\System32\crypt32.dll'
1220.aa8: supR3HardNtViCallWinVerifyTrustCatFile: WinVerifyTrust => 0x0; cat='C:\Windows\system32\CatRoot\{F750E6C3-38EE-11D1-85E5-00C04FC295EE}\Microsoft-Windows-Client-Desktop-Required-Package0516~31bf3856ad364e35~amd64~~10.0.19041.6456.cat'; file='\Device\HarddiskVolume2\Windows\System32\DWrite.dll'
1220.aa8: supR3HardNtViCallWinVerifyTrustCatFile -> 0 (org 22900)
1220.aa8: supR3HardenedWinVerifyCacheProcessWvtTodos: 0 (was 22900) fWinVerifyTrust=1 for '\Device\HarddiskVolume2\Windows\System32\DWrite.dll'
1220.aa8: supR3HardenedScreenImage/LdrLoadDll: cache hit (VINF_SUCCESS) on \Device\HarddiskVolume2\Windows\System32\rsaenh.dll
1220.aa8: supR3HardenedMonitor_LdrLoadDll: pName=C:\Windows\system32\rsaenh.dll (rcNtResolve=0xc0150008) *pfFlags=0x0 pwszSearchPath=0000000000000001:<flags> [calling]
1220.aa8: supR3HardenedMonitor_LdrLoadDll: returns rcNt=0x0 hMod=00007ffd5fd10000 'C:\Windows\system32\rsaenh.dll'
1220.aa8: supR3HardenedMonitor_LdrLoadDll: returns rcNt=0x0 hMod=00007ffd60e40000 'C:\Windows\System32\crypt32.dll'
1220.aa8: supR3HardenedWinVerifyCacheProcessWvtTodos: 0 (was 0) fWinVerifyTrust=1 for '\Device\HarddiskVolume2\Windows\System32\msvcp140_2.dll'
1220.aa8: supR3HardenedMonitor_LdrLoadDll: returns rcNt=0x0 hMod=00007ffd5fd10000 'C:\Windows\system32\rsaenh.dll'
1220.aa8: supR3HardenedMonitor_LdrLoadDll: returns rcNt=0x0 hMod=00007ffd60e40000 'C:\Windows\System32\crypt32.dll'
1220.aa8: supR3HardenedWinVerifyCacheProcessWvtTodos: 0 (was 0) fWinVerifyTrust=1 for '\Device\HarddiskVolume2\Windows\System32\dwmapi.dll'
1220.aa8: supR3HardNtViCallWinVerifyTrustCatFile: hFile=0000000000000424 pwszName=\Device\HarddiskVolume2\Windows\System32\uxtheme.dll
1220.aa8: supR3HardNtViCallWinVerifyTrustCatFile: Cached context 000002d66764e610
1220.aa8: supR3HardNtViCallWinVerifyTrustCatFile: hCatAdmin=000002d66764e610
1220.aa8: supR3HardNtViCallWinVerifyTrustCatFile: cbHash=20 wszDigest=5CE86D61A74F808BE7CB93ACDAA146684F023EAE
1220.aa8: supR3HardenedMonitor_LdrLoadDll: returns rcNt=0x0 hMod=00007ffd5fd10000 'C:\Windows\system32\rsaenh.dll'
1220.aa8: supR3HardenedMonitor_LdrLoadDll: returns rcNt=0x0 hMod=00007ffd60e40000 'C:\Windows\System32\crypt32.dll'
1220.aa8: supR3HardNtViCallWinVerifyTrustCatFile: WinVerifyTrust => 0x0; cat='C:\Windows\system32\CatRoot\{F750E6C3-38EE-11D1-85E5-00C04FC295EE}\Microsoft-Windows-Client-Desktop-Required-Package05113~31bf3856ad364e35~amd64~~10.0.19041.6466.cat'; file='\Device\HarddiskVolume2\Windows\System32\uxtheme.dll'
1220.aa8: supR3HardNtViCallWinVerifyTrustCatFile -> 0 (org 22900)
1220.aa8: supR3HardenedWinVerifyCacheProcessWvtTodos: 0 (was 22900) fWinVerifyTrust=1 for '\Device\HarddiskVolume2\Windows\System32\uxtheme.dll'
1220.aa8: supR3HardenedMonitor_LdrLoadDll: returns rcNt=0x0 hMod=00007ffd5fd10000 'C:\Windows\system32\rsaenh.dll'
1220.aa8: supR3HardenedMonitor_LdrLoadDll: returns rcNt=0x0 hMod=00007ffd60e40000 'C:\Windows\System32\crypt32.dll'
1220.aa8: supR3HardenedWinVerifyCacheProcessWvtTodos: 0 (was 0) fWinVerifyTrust=1 for '\Device\HarddiskVolume2\Windows\System32\msvcp140_1.dll'
1220.aa8: supR3HardenedMonitor_LdrLoadDll: returns rcNt=0x0 hMod=00007ffd5fd10000 'C:\Windows\system32\rsaenh.dll'
1220.aa8: supR3HardenedMonitor_LdrLoadDll: returns rcNt=0x0 hMod=00007ffd60e40000 'C:\Windows\System32\crypt32.dll'
1220.aa8: supR3HardenedWinVerifyCacheProcessWvtTodos: 0 (was 0) fWinVerifyTrust=1 for '\Device\HarddiskVolume2\Windows\System32\win32u.dll'
1220.aa8: supR3HardenedMonitor_LdrLoadDll: returns rcNt=0x0 hMod=00007ffd5fd10000 'C:\Windows\system32\rsaenh.dll'
1220.aa8: supR3HardenedMonitor_LdrLoadDll: returns rcNt=0x0 hMod=00007ffd60e40000 'C:\Windows\System32\crypt32.dll'
1220.aa8: supR3HardenedWinVerifyCacheProcessWvtTodos: 0 (was 0) fWinVerifyTrust=1 for '\Device\HarddiskVolume2\Windows\System32\gdi32.dll'
1220.aa8: supR3HardenedMonitor_LdrLoadDll: returns rcNt=0x0 hMod=00007ffd5fd10000 'C:\Windows\system32\rsaenh.dll'
1220.aa8: supR3HardenedMonitor_LdrLoadDll: returns rcNt=0x0 hMod=00007ffd60e40000 'C:\Windows\System32\crypt32.dll'
1220.aa8: supR3HardenedWinVerifyCacheProcessWvtTodos: 0 (was 0) fWinVerifyTrust=1 for '\Device\HarddiskVolume2\Windows\System32\msvcp_win.dll'
1220.aa8: supR3HardenedMonitor_LdrLoadDll: returns rcNt=0x0 hMod=00007ffd5fd10000 'C:\Windows\system32\rsaenh.dll'
1220.aa8: supR3HardenedMonitor_LdrLoadDll: returns rcNt=0x0 hMod=00007ffd60e40000 'C:\Windows\System32\crypt32.dll'
1220.aa8: supR3HardenedWinVerifyCacheProcessWvtTodos: 0 (was 0) fWinVerifyTrust=1 for '\Device\HarddiskVolume2\Windows\System32\combase.dll'
1220.aa8: SUPR3HardenedMain: Calling TrustedMain (00007ffccd9719b0)...
1220.aa8: supR3HardenedWinVerifyCacheScheduleImports: Import todo: #31 'combase.dll'.
1220.aa8: supR3HardenedWinVerifyCacheScheduleImports: Import todo: #32 'msvcp_win.dll'.
1220.aa8: supR3HardenedWinVerifyCacheScheduleImports: Import todo: #34 'wldp.dll'.
1220.aa8: supHardenedWinVerifyImageByHandle: -> 0 (\Device\HarddiskVolume2\Windows\System32\windows.storage.dll)
1220.aa8: supR3HardenedWinVerifyCacheInsert: \Device\HarddiskVolume2\Windows\System32\windows.storage.dll
1220.aa8: supR3HardenedWinVerifyCacheScheduleImports: Import todo: #0 'msvcp_win.dll'.
1220.aa8: supR3HardenedWinVerifyCacheScheduleImports: Import todo: #30 'oleaut32.dll'.
1220.aa8: supHardenedWinVerifyImageByHandle: -> 0 (\Device\HarddiskVolume2\Windows\System32\wldp.dll)
1220.aa8: supR3HardenedWinVerifyCacheInsert: \Device\HarddiskVolume2\Windows\System32\wldp.dll
1220.aa8: supR3HardenedDllNotificationCallback: load   00007ffd60690000 LB 0x0002b000 C:\Windows\SYSTEM32\Wldp.dll [fFlags=0x0]
1220.aa8: supR3HardenedScreenImage/LdrLoadDll: cache hit (VINF_SUCCESS) on \Device\HarddiskVolume2\Windows\System32\wldp.dll [avoiding WinVerifyTrust]
1220.aa8: supR3HardenedDllNotificationCallback: load   00007ffd5edd0000 LB 0x007a5000 C:\Windows\SYSTEM32\windows.storage.dll [fFlags=0x0]
1220.aa8: supR3HardenedScreenImage/LdrLoadDll: cache hit (VINF_SUCCESS) on \Device\HarddiskVolume2\Windows\System32\windows.storage.dll [avoiding WinVerifyTrust]
1220.aa8: supR3HardenedDllNotificationCallback: load   00007ffd619b0000 LB 0x000ad000 C:\Windows\System32\SHCORE.dll [fFlags=0x0]
1220.aa8: supR3HardenedWinVerifyCacheScheduleImports: Import todo: #0 'msvcrt.dll'.
1220.aa8: supR3HardenedWinVerifyCacheScheduleImports: Import todo: #42 'combase.dll'.
1220.aa8: supHardenedWinVerifyImageByHandle: -> 0 (\Device\HarddiskVolume2\Windows\System32\SHCore.dll)
1220.aa8: supR3HardenedWinVerifyCacheInsert: \Device\HarddiskVolume2\Windows\System32\SHCore.dll
1220.aa8: supR3HardenedDllNotificationCallback: load   00007ffd61820000 LB 0x0005b000 C:\Windows\System32\shlwapi.dll [fFlags=0x0]
1220.aa8: supR3HardenedWinVerifyCacheScheduleImports: Import todo: #1 'msvcrt.dll'.
1220.aa8: supHardenedWinVerifyImageByHandle: -> 0 (\Device\HarddiskVolume2\Windows\System32\shlwapi.dll)
1220.aa8: supR3HardenedWinVerifyCacheInsert: \Device\HarddiskVolume2\Windows\System32\shlwapi.dll
1220.aa8: supR3HardenedWinVerifyCacheProcessImportTodos: Processing 'msvcrt.dll'...
1220.aa8: supR3HardenedWinVerifyCacheProcessImportTodos: 'msvcrt.dll' -> '\Device\HarddiskVolume2\Windows\System32\msvcrt.dll' [rcNtRedir=0xc0150008]
1220.aa8: supR3HardenedWinVerifyCacheProcessImportTodos: Processing 'combase.dll'...
1220.aa8: supR3HardenedWinVerifyCacheProcessImportTodos: 'combase.dll' -> '\Device\HarddiskVolume2\Windows\System32\combase.dll' [rcNtRedir=0xc0150008]
1220.aa8: supR3HardenedScreenImage/Imports: cache hit (VINF_SUCCESS) on \Device\HarddiskVolume2\Windows\System32\combase.dll
1220.aa8: supR3HardenedWinVerifyCacheProcessImportTodos: Processing 'msvcrt.dll'...
1220.aa8: supR3HardenedWinVerifyCacheProcessImportTodos: 'msvcrt.dll' -> '\Device\HarddiskVolume2\Windows\System32\msvcrt.dll' [rcNtRedir=0xc0150008]
1220.aa8: supR3HardenedWinVerifyCacheProcessImportTodos: Processing 'oleaut32.dll'...
1220.aa8: supR3HardenedWinVerifyCacheProcessImportTodos: 'oleaut32.dll' -> '\Device\HarddiskVolume2\Windows\System32\oleaut32.dll' [rcNtRedir=0xc0150008]
1220.aa8: supR3HardenedScreenImage/Imports: cache hit (VINF_SUCCESS) on \Device\HarddiskVolume2\Windows\System32\oleaut32.dll
1220.aa8: supR3HardenedWinVerifyCacheProcessImportTodos: Processing 'msvcp_win.dll'...
1220.aa8: supR3HardenedWinVerifyCacheProcessImportTodos: 'msvcp_win.dll' -> '\Device\HarddiskVolume2\Windows\System32\msvcp_win.dll' [rcNtRedir=0xc0150008]
1220.aa8: supR3HardenedScreenImage/Imports: cache hit (VINF_SUCCESS) on \Device\HarddiskVolume2\Windows\System32\msvcp_win.dll
1220.aa8: supR3HardenedWinVerifyCacheProcessImportTodos: Processing 'wldp.dll'...
1220.aa8: supR3HardenedWinVerifyCacheProcessImportTodos: 'wldp.dll' -> '\Device\HarddiskVolume2\Windows\System32\wldp.dll' [rcNtRedir=0xc0150008]
1220.aa8: supR3HardenedScreenImage/Imports: cache hit (VINF_SUCCESS) on \Device\HarddiskVolume2\Windows\System32\wldp.dll [lacks WinVerifyTrust]
1220.aa8: supR3HardenedWinVerifyCacheProcessImportTodos: Processing 'msvcp_win.dll'...
1220.aa8: supR3HardenedWinVerifyCacheProcessImportTodos: 'msvcp_win.dll' -> '\Device\HarddiskVolume2\Windows\System32\msvcp_win.dll' [rcNtRedir=0xc0150008]
1220.aa8: supR3HardenedScreenImage/Imports: cache hit (VINF_SUCCESS) on \Device\HarddiskVolume2\Windows\System32\msvcp_win.dll
1220.aa8: supR3HardenedWinVerifyCacheProcessImportTodos: Processing 'combase.dll'...
1220.aa8: supR3HardenedWinVerifyCacheProcessImportTodos: 'combase.dll' -> '\Device\HarddiskVolume2\Windows\System32\combase.dll' [rcNtRedir=0xc0150008]
1220.aa8: supR3HardenedScreenImage/Imports: cache hit (VINF_SUCCESS) on \Device\HarddiskVolume2\Windows\System32\combase.dll
1220.aa8: supR3HardenedMonitor_LdrLoadDll: returns rcNt=0x0 hMod=00007ffd5fd10000 'C:\Windows\system32\rsaenh.dll'
1220.aa8: supR3HardenedMonitor_LdrLoadDll: returns rcNt=0x0 hMod=00007ffd60e40000 'C:\Windows\System32\crypt32.dll'
1220.aa8: supR3HardenedWinVerifyCacheProcessWvtTodos: 0 (was 0) fWinVerifyTrust=1 for '\Device\HarddiskVolume2\Windows\System32\shlwapi.dll'
1220.aa8: supR3HardenedMonitor_LdrLoadDll: returns rcNt=0x0 hMod=00007ffd5fd10000 'C:\Windows\system32\rsaenh.dll'
1220.aa8: supR3HardenedMonitor_LdrLoadDll: returns rcNt=0x0 hMod=00007ffd60e40000 'C:\Windows\System32\crypt32.dll'
1220.aa8: supR3HardenedWinVerifyCacheProcessWvtTodos: 0 (was 0) fWinVerifyTrust=1 for '\Device\HarddiskVolume2\Windows\System32\SHCore.dll'
1220.aa8: supR3HardenedMonitor_LdrLoadDll: returns rcNt=0x0 hMod=00007ffd5fd10000 'C:\Windows\system32\rsaenh.dll'
1220.aa8: supR3HardenedMonitor_LdrLoadDll: returns rcNt=0x0 hMod=00007ffd60e40000 'C:\Windows\System32\crypt32.dll'
1220.aa8: supR3HardenedWinVerifyCacheProcessWvtTodos: 0 (was 0) fWinVerifyTrust=1 for '\Device\HarddiskVolume2\Windows\System32\wldp.dll'
1220.aa8: supR3HardenedMonitor_LdrLoadDll: returns rcNt=0x0 hMod=00007ffd5fd10000 'C:\Windows\system32\rsaenh.dll'
1220.aa8: supR3HardenedMonitor_LdrLoadDll: returns rcNt=0x0 hMod=00007ffd60e40000 'C:\Windows\System32\crypt32.dll'
1220.aa8: supR3HardenedWinVerifyCacheProcessWvtTodos: 0 (was 0) fWinVerifyTrust=1 for '\Device\HarddiskVolume2\Windows\System32\windows.storage.dll'
1220.aa8: supR3HardenedMonitor_LdrLoadDll: returns rcNt=0x0 hMod=00007ffd5fd10000 'C:\Windows\system32\rsaenh.dll'
1220.aa8: supR3HardenedMonitor_LdrLoadDll: returns rcNt=0x0 hMod=00007ffd60e40000 'C:\Windows\System32\crypt32.dll'
1220.aa8: supR3HardenedWinVerifyCacheScheduleImports: Import todo: #0 'advapi32.dll'.
1220.aa8: supR3HardenedWinVerifyCacheScheduleImports: Import todo: #1 'dwmapi.dll'.
1220.aa8: supR3HardenedWinVerifyCacheScheduleImports: Import todo: #2 'gdi32.dll'.
1220.aa8: supR3HardenedWinVerifyCacheScheduleImports: Import todo: #3 'imm32.dll'.
1220.aa8: supR3HardenedWinVerifyCacheScheduleImports: Import todo: #4 'ole32.dll'.
1220.aa8: supR3HardenedWinVerifyCacheScheduleImports: Import todo: #5 'oleaut32.dll'.
1220.aa8: supR3HardenedWinVerifyCacheScheduleImports: Import todo: #6 'setupapi.dll'.
1220.aa8: supR3HardenedWinVerifyCacheScheduleImports: Import todo: #7 'shell32.dll'.
1220.aa8: supR3HardenedWinVerifyCacheScheduleImports: Import todo: #8 'shlwapi.dll'.
1220.aa8: supR3HardenedWinVerifyCacheScheduleImports: Import todo: #9 'user32.dll'.
1220.aa8: supR3HardenedWinVerifyCacheScheduleImports: Import todo: #10 'winmm.dll'.
1220.aa8: supR3HardenedWinVerifyCacheScheduleImports: Import todo: #11 'wtsapi32.dll'.
1220.aa8: supR3HardenedWinVerifyCacheScheduleImports: Import todo: #13 'comdlg32.dll'.
1220.aa8: supR3HardenedWinVerifyCacheScheduleImports: Import todo: #14 'd3d9.dll'.
1220.aa8: supR3HardenedWinVerifyCacheScheduleImports: Import todo: #17 'uiautomationcore.dll'.
1220.aa8: supR3HardenedWinVerifyCacheScheduleImports: Import todo: #18 'qt6guivbox.dll'.
1220.aa8: supR3HardenedWinVerifyCacheScheduleImports: Import todo: #19 'qt6corevbox.dll'.
1220.aa8: supR3HardenedWinVerifyCacheScheduleImports: Import todo: #21 'msvcp140.dll'.
1220.aa8: supR3HardenedWinVerifyCacheScheduleImports: Import todo: #22 'vcruntime140.dll'.
1220.aa8: supR3HardenedWinVerifyCacheScheduleImports: Import todo: #23 'vcruntime140_1.dll'.
1220.aa8: supHardenedWinVerifyImageByHandle: -> 0 (\Device\HarddiskVolume2\Program Files\Oracle\VirtualBox\platforms\qwindowsVBox.dll) WinVerifyTrust
1220.aa8: supR3HardenedWinVerifyCacheInsert: \Device\HarddiskVolume2\Program Files\Oracle\VirtualBox\platforms\qwindowsVBox.dll
1220.aa8: supR3HardenedWinVerifyCacheProcessImportTodos: Processing 'vcruntime140_1.dll'...
1220.aa8: supR3HardenedWinVerifyCacheProcessImportTodos: 'vcruntime140_1.dll' -> '\Device\HarddiskVolume2\Windows\System32\vcruntime140_1.dll' [rcNtRedir=0xc0150008]
1220.aa8: supR3HardenedWinVerifyCacheProcessImportTodos: Processing 'vcruntime140.dll'...
1220.aa8: supR3HardenedWinVerifyCacheProcessImportTodos: 'vcruntime140.dll' -> '\Device\HarddiskVolume2\Windows\System32\vcruntime140.dll' [rcNtRedir=0xc0150008]
1220.aa8: supR3HardenedWinVerifyCacheProcessImportTodos: Processing 'msvcp140.dll'...
1220.aa8: supR3HardenedWinVerifyCacheProcessImportTodos: 'msvcp140.dll' -> '\Device\HarddiskVolume2\Windows\System32\msvcp140.dll' [rcNtRedir=0xc0150008]
1220.aa8: supR3HardenedWinVerifyCacheProcessImportTodos: Processing 'qt6corevbox.dll'...
1220.aa8: supR3HardenedWinVerifyCacheProcessImportTodos: 'qt6corevbox.dll' -> '\Device\HarddiskVolume2\Program Files\Oracle\VirtualBox\qt6corevbox.dll' [rcNtRedir=0xc0150008]
1220.aa8: supR3HardenedWinVerifyCacheProcessImportTodos: Processing 'qt6guivbox.dll'...
1220.aa8: supR3HardenedWinVerifyCacheProcessImportTodos: 'qt6guivbox.dll' -> '\Device\HarddiskVolume2\Program Files\Oracle\VirtualBox\qt6guivbox.dll' [rcNtRedir=0xc0150008]
1220.aa8: supR3HardenedScreenImage/Imports: cache hit (VINF_SUCCESS) on \Device\HarddiskVolume2\Program Files\Oracle\VirtualBox\Qt6GuiVBox.dll
1220.aa8: supR3HardenedWinVerifyCacheProcessImportTodos: Processing 'uiautomationcore.dll'...
1220.aa8: supR3HardenedWinVerifyCacheProcessImportTodos: 'uiautomationcore.dll' -> '\Device\HarddiskVolume2\Windows\System32\uiautomationcore.dll' [rcNtRedir=0xc0150008]
1220.aa8: supR3HardNtViCallWinVerifyTrustCatFile: hFile=000000000000069c pwszName=\Device\HarddiskVolume2\Windows\System32\UIAutomationCore.dll
1220.aa8: supR3HardNtViCallWinVerifyTrustCatFile: Cached context 000002d66764e610
1220.aa8: supR3HardNtViCallWinVerifyTrustCatFile: hCatAdmin=000002d66764e610
1220.aa8: supR3HardNtViCallWinVerifyTrustCatFile: cbHash=20 wszDigest=18F500D0D1381D45F1CEFE30AAA2B4D578DD791B
1220.aa8: supR3HardenedMonitor_LdrLoadDll: returns rcNt=0x0 hMod=00007ffd5fd10000 'C:\Windows\system32\rsaenh.dll'
1220.aa8: supR3HardenedMonitor_LdrLoadDll: returns rcNt=0x0 hMod=00007ffd60e40000 'C:\Windows\System32\crypt32.dll'
1220.aa8: supR3HardNtViCallWinVerifyTrustCatFile: WinVerifyTrust => 0x0; cat='C:\Windows\system32\CatRoot\{F750E6C3-38EE-11D1-85E5-00C04FC295EE}\Microsoft-Windows-Client-Desktop-Required-Package0517~31bf3856ad364e35~amd64~~10.0.19041.6456.cat'; file='\Device\HarddiskVolume2\Windows\System32\UIAutomationCore.dll'
1220.aa8: supR3HardNtViCallWinVerifyTrustCatFile -> 0 (org 22900)
1220.aa8: supR3HardenedWinVerifyCacheScheduleImports: Import todo: #0 'msvcp_win.dll'.
1220.aa8: supR3HardenedWinVerifyCacheScheduleImports: Import todo: #5 'oleaut32.dll'.
1220.aa8: supR3HardenedWinVerifyCacheScheduleImports: Import todo: #31 'propsys.dll'.
1220.aa8: supR3HardenedWinVerifyCacheScheduleImports: Import todo: #36 'rpcrt4.dll'.
1220.aa8: supHardenedWinVerifyImageByHandle: -> 0 (\Device\HarddiskVolume2\Windows\System32\UIAutomationCore.dll) WinVerifyTrust
1220.aa8: supR3HardenedWinVerifyCacheInsert: \Device\HarddiskVolume2\Windows\System32\UIAutomationCore.dll
1220.aa8: supR3HardenedWinVerifyCacheProcessImportTodos: Processing 'd3d9.dll'...
1220.aa8: supR3HardenedWinVerifyCacheProcessImportTodos: 'd3d9.dll' -> '\Device\HarddiskVolume2\Windows\System32\d3d9.dll' [rcNtRedir=0xc0150008]
1220.aa8: supR3HardenedWinVerifyCacheProcessImportTodos: Processing 'rpcrt4.dll'...
1220.aa8: supR3HardenedWinVerifyCacheProcessImportTodos: 'rpcrt4.dll' -> '\Device\HarddiskVolume2\Windows\System32\rpcrt4.dll' [rcNtRedir=0xc0150008]
1220.aa8: supR3HardenedScreenImage/Imports: cache hit (VINF_SUCCESS) on \Device\HarddiskVolume2\Windows\System32\rpcrt4.dll
1220.aa8: supR3HardenedWinVerifyCacheProcessImportTodos: Processing 'propsys.dll'...
1220.aa8: supR3HardenedWinVerifyCacheProcessImportTodos: 'propsys.dll' -> '\Device\HarddiskVolume2\Windows\System32\propsys.dll' [rcNtRedir=0xc0150008]
1220.aa8: Detected WinVerifyTrust recursion: rc=VINF_SUCCESS '\Device\HarddiskVolume2\Windows\System32\propsys.dll'.
1220.aa8: supR3HardenedWinVerifyCacheScheduleImports: Import todo: #32 'rpcrt4.dll'.
1220.aa8: supHardenedWinVerifyImageByHandle: -> 0 (\Device\HarddiskVolume2\Windows\System32\propsys.dll)
1220.aa8: supR3HardenedWinVerifyCacheInsert: \Device\HarddiskVolume2\Windows\System32\propsys.dll
1220.aa8: supR3HardenedWinVerifyCacheProcessImportTodos: Processing 'oleaut32.dll'...
1220.aa8: supR3HardenedWinVerifyCacheProcessImportTodos: 'oleaut32.dll' -> '\Device\HarddiskVolume2\Windows\System32\oleaut32.dll' [rcNtRedir=0xc0150008]
1220.aa8: supR3HardenedScreenImage/Imports: cache hit (VINF_SUCCESS) on \Device\HarddiskVolume2\Windows\System32\oleaut32.dll
1220.aa8: supR3HardenedWinVerifyCacheProcessImportTodos: Processing 'msvcp_win.dll'...
1220.aa8: supR3HardenedWinVerifyCacheProcessImportTodos: 'msvcp_win.dll' -> '\Device\HarddiskVolume2\Windows\System32\msvcp_win.dll' [rcNtRedir=0xc0150008]
1220.aa8: supR3HardenedScreenImage/Imports: cache hit (VINF_SUCCESS) on \Device\HarddiskVolume2\Windows\System32\msvcp_win.dll
1220.aa8: supR3HardenedWinVerifyCacheProcessImportTodos: Processing 'rpcrt4.dll'...
1220.aa8: supR3HardenedWinVerifyCacheProcessImportTodos: 'rpcrt4.dll' -> '\Device\HarddiskVolume2\Windows\System32\rpcrt4.dll' [rcNtRedir=0xc0150008]
1220.aa8: supR3HardenedMonitor_LdrLoadDll: returns rcNt=0x0 hMod=00007ffd5fd10000 'C:\Windows\system32\rsaenh.dll'
1220.aa8: supR3HardenedMonitor_LdrLoadDll: returns rcNt=0x0 hMod=00007ffd60e40000 'C:\Windows\System32\crypt32.dll'
1220.aa8: supR3HardenedWinVerifyCacheScheduleImports: Import todo: #0 'msvcrt.dll'.
1220.aa8: supR3HardenedWinVerifyCacheScheduleImports: Import todo: #6 'user32.dll'.
1220.aa8: supR3HardenedWinVerifyCacheScheduleImports: Import todo: #9 'win32u.dll'.
1220.aa8: supR3HardenedWinVerifyCacheScheduleImports: Import todo: #10 'gdi32.dll'.
1220.aa8: supR3HardenedWinVerifyCacheScheduleImports: Import todo: #12 'dwmapi.dll'.
1220.aa8: supHardenedWinVerifyImageByHandle: -> 0 (\Device\HarddiskVolume2\Windows\System32\d3d9.dll) WinVerifyTrust
1220.aa8: supR3HardenedWinVerifyCacheInsert: \Device\HarddiskVolume2\Windows\System32\d3d9.dll
1220.aa8: supR3HardenedWinVerifyCacheProcessImportTodos: Processing 'comdlg32.dll'...
1220.aa8: supR3HardenedWinVerifyCacheProcessImportTodos: 'comdlg32.dll' -> '\Device\HarddiskVolume2\Windows\System32\comdlg32.dll' [rcNtRedir=0xc0150008]
1220.aa8: supR3HardNtViCallWinVerifyTrustCatFile: hFile=00000000000006a0 pwszName=\Device\HarddiskVolume2\Windows\System32\comdlg32.dll
1220.aa8: supR3HardNtViCallWinVerifyTrustCatFile: Cached context 000002d66764e610
1220.aa8: supR3HardNtViCallWinVerifyTrustCatFile: hCatAdmin=000002d66764e610
1220.aa8: supR3HardNtViCallWinVerifyTrustCatFile: cbHash=20 wszDigest=4227B44C44DD928E5F7831651DB12897D54B3045
1220.aa8: supR3HardenedWinVerifyCacheProcessImportTodos: Processing 'dwmapi.dll'...
1220.aa8: supR3HardenedWinVerifyCacheProcessImportTodos: 'dwmapi.dll' -> '\Device\HarddiskVolume2\Windows\System32\dwmapi.dll' [rcNtRedir=0xc0150008]
1220.aa8: supR3HardenedScreenImage/Imports: cache hit (VINF_SUCCESS) on \Device\HarddiskVolume2\Windows\System32\dwmapi.dll
1220.aa8: supR3HardenedWinVerifyCacheProcessImportTodos: Processing 'gdi32.dll'...
1220.aa8: supR3HardenedWinVerifyCacheProcessImportTodos: 'gdi32.dll' -> '\Device\HarddiskVolume2\Windows\System32\gdi32.dll' [rcNtRedir=0xc0150008]
1220.aa8: supR3HardenedWinVerifyCacheProcessImportTodos: Processing 'win32u.dll'...
1220.aa8: supR3HardenedWinVerifyCacheProcessImportTodos: 'win32u.dll' -> '\Device\HarddiskVolume2\Windows\System32\win32u.dll' [rcNtRedir=0xc0150008]
1220.aa8: supR3HardenedWinVerifyCacheProcessImportTodos: Processing 'user32.dll'...
1220.aa8: supR3HardenedWinVerifyCacheProcessImportTodos: 'user32.dll' -> '\Device\HarddiskVolume2\Windows\System32\user32.dll' [rcNtRedir=0xc0150008]
1220.aa8: supR3HardenedWinVerifyCacheProcessImportTodos: Processing 'msvcrt.dll'...
1220.aa8: supR3HardenedWinVerifyCacheProcessImportTodos: 'msvcrt.dll' -> '\Device\HarddiskVolume2\Windows\System32\msvcrt.dll' [rcNtRedir=0xc0150008]
1220.aa8: supR3HardenedScreenImage/Imports: cache hit (VINF_SUCCESS) on \Device\HarddiskVolume2\Windows\System32\msvcrt.dll
1220.aa8: supR3HardenedMonitor_LdrLoadDll: returns rcNt=0x0 hMod=00007ffd5fd10000 'C:\Windows\system32\rsaenh.dll'
1220.aa8: supR3HardenedMonitor_LdrLoadDll: returns rcNt=0x0 hMod=00007ffd60e40000 'C:\Windows\System32\crypt32.dll'
1220.aa8: supR3HardNtViCallWinVerifyTrustCatFile: WinVerifyTrust => 0x0; cat='C:\Windows\system32\CatRoot\{F750E6C3-38EE-11D1-85E5-00C04FC295EE}\Microsoft-Windows-Client-Desktop-Required-Package0517~31bf3856ad364e35~amd64~~10.0.19041.6456.cat'; file='\Device\HarddiskVolume2\Windows\System32\comdlg32.dll'
1220.aa8: supR3HardNtViCallWinVerifyTrustCatFile -> 0 (org 22900)
1220.aa8: supR3HardenedWinVerifyCacheScheduleImports: Import todo: #0 'msvcrt.dll'.
1220.aa8: supR3HardenedWinVerifyCacheScheduleImports: Import todo: #23 'rpcrt4.dll'.
1220.aa8: supR3HardenedWinVerifyCacheScheduleImports: Import todo: #37 'user32.dll'.
1220.aa8: supR3HardenedWinVerifyCacheScheduleImports: Import todo: #55 'shlwapi.dll'.
1220.aa8: supR3HardenedWinVerifyCacheScheduleImports: Import todo: #56 'gdi32.dll'.
1220.aa8: supR3HardenedWinVerifyCacheScheduleImports: Import todo: #57 'comctl32.dll'.
1220.aa8: supR3HardenedWinVerifyCacheScheduleImports: Import todo: #58 'shell32.dll'.
1220.aa8: supHardenedWinVerifyImageByHandle: -> 0 (\Device\HarddiskVolume2\Windows\System32\comdlg32.dll) WinVerifyTrust
1220.aa8: supR3HardenedWinVerifyCacheInsert: \Device\HarddiskVolume2\Windows\System32\comdlg32.dll
1220.aa8: supR3HardenedWinVerifyCacheProcessImportTodos: Processing 'wtsapi32.dll'...
1220.aa8: supR3HardenedWinVerifyCacheProcessImportTodos: 'wtsapi32.dll' -> '\Device\HarddiskVolume2\Windows\System32\wtsapi32.dll' [rcNtRedir=0xc0150008]
1220.aa8: supR3HardenedWinVerifyCacheProcessImportTodos: Processing 'shell32.dll'...
1220.aa8: supR3HardenedWinVerifyCacheProcessImportTodos: 'shell32.dll' -> '\Device\HarddiskVolume2\Windows\System32\shell32.dll' [rcNtRedir=0xc0150008]
1220.aa8: supR3HardenedScreenImage/Imports: cache hit (VINF_SUCCESS) on \Device\HarddiskVolume2\Windows\System32\shell32.dll
1220.aa8: supR3HardenedWinVerifyCacheProcessImportTodos: Processing 'comctl32.dll'...
1220.aa8: supR3HardenedWinVerifyCacheProcessImportTodos: 'comctl32.dll' -> '\Device\HarddiskVolume2\Windows\System32\comctl32.dll' [rcNtRedir=0x0]
1220.aa8: Detected WinVerifyTrust recursion: rc=VINF_SUCCESS '\Device\HarddiskVolume2\Windows\System32\comctl32.dll'.
1220.aa8: supR3HardenedWinVerifyCacheScheduleImports: Import todo: #1 'advapi32.dll'.
1220.aa8: supR3HardenedWinVerifyCacheScheduleImports: Import todo: #2 'gdi32.dll'.
1220.aa8: supR3HardenedWinVerifyCacheScheduleImports: Import todo: #4 'user32.dll'.
1220.aa8: supHardenedWinVerifyImageByHandle: -> 0 (\Device\HarddiskVolume2\Windows\System32\comctl32.dll)
1220.aa8: supR3HardenedWinVerifyCacheInsert: \Device\HarddiskVolume2\Windows\System32\comctl32.dll
1220.aa8: supR3HardenedWinVerifyCacheProcessImportTodos: Processing 'gdi32.dll'...
1220.aa8: supR3HardenedWinVerifyCacheProcessImportTodos: 'gdi32.dll' -> '\Device\HarddiskVolume2\Windows\System32\gdi32.dll' [rcNtRedir=0xc0150008]
1220.aa8: supR3HardenedWinVerifyCacheProcessImportTodos: Processing 'shlwapi.dll'...
1220.aa8: supR3HardenedWinVerifyCacheProcessImportTodos: 'shlwapi.dll' -> '\Device\HarddiskVolume2\Windows\System32\shlwapi.dll' [rcNtRedir=0xc0150008]
1220.aa8: supR3HardenedScreenImage/Imports: cache hit (VINF_SUCCESS) on \Device\HarddiskVolume2\Windows\System32\shlwapi.dll
1220.aa8: supR3HardenedWinVerifyCacheProcessImportTodos: Processing 'user32.dll'...
1220.aa8: supR3HardenedWinVerifyCacheProcessImportTodos: 'user32.dll' -> '\Device\HarddiskVolume2\Windows\System32\user32.dll' [rcNtRedir=0xc0150008]
1220.aa8: supR3HardenedWinVerifyCacheProcessImportTodos: Processing 'rpcrt4.dll'...
1220.aa8: supR3HardenedWinVerifyCacheProcessImportTodos: 'rpcrt4.dll' -> '\Device\HarddiskVolume2\Windows\System32\rpcrt4.dll' [rcNtRedir=0xc0150008]
1220.aa8: supR3HardenedWinVerifyCacheProcessImportTodos: Processing 'msvcrt.dll'...
1220.aa8: supR3HardenedWinVerifyCacheProcessImportTodos: 'msvcrt.dll' -> '\Device\HarddiskVolume2\Windows\System32\msvcrt.dll' [rcNtRedir=0xc0150008]
1220.aa8: supR3HardenedWinVerifyCacheProcessImportTodos: Processing 'user32.dll'...
1220.aa8: supR3HardenedWinVerifyCacheProcessImportTodos: 'user32.dll' -> '\Device\HarddiskVolume2\Windows\System32\user32.dll' [rcNtRedir=0xc0150008]
1220.aa8: supR3HardenedWinVerifyCacheProcessImportTodos: Processing 'gdi32.dll'...
1220.aa8: supR3HardenedWinVerifyCacheProcessImportTodos: 'gdi32.dll' -> '\Device\HarddiskVolume2\Windows\System32\gdi32.dll' [rcNtRedir=0xc0150008]
1220.aa8: supR3HardenedWinVerifyCacheProcessImportTodos: Processing 'advapi32.dll'...
1220.aa8: supR3HardenedWinVerifyCacheProcessImportTodos: 'advapi32.dll' -> '\Device\HarddiskVolume2\Windows\System32\advapi32.dll' [rcNtRedir=0xc0150008]
1220.aa8: supR3HardenedScreenImage/Imports: cache hit (VINF_SUCCESS) on \Device\HarddiskVolume2\Windows\System32\advapi32.dll
1220.aa8: supR3HardenedMonitor_LdrLoadDll: returns rcNt=0x0 hMod=00007ffd5fd10000 'C:\Windows\system32\rsaenh.dll'
1220.aa8: supR3HardenedMonitor_LdrLoadDll: returns rcNt=0x0 hMod=00007ffd60e40000 'C:\Windows\System32\crypt32.dll'
1220.aa8: supR3HardenedWinVerifyCacheScheduleImports: Import todo: #0 'msvcrt.dll'.
1220.aa8: supHardenedWinVerifyImageByHandle: -> 0 (\Device\HarddiskVolume2\Windows\System32\wtsapi32.dll) WinVerifyTrust
1220.aa8: supR3HardenedWinVerifyCacheInsert: \Device\HarddiskVolume2\Windows\System32\wtsapi32.dll
1220.aa8: supR3HardenedWinVerifyCacheProcessImportTodos: Processing 'winmm.dll'...
1220.aa8: supR3HardenedWinVerifyCacheProcessImportTodos: 'winmm.dll' -> '\Device\HarddiskVolume2\Windows\System32\winmm.dll' [rcNtRedir=0xc0150008]
1220.aa8: supR3HardenedScreenImage/Imports: cache hit (VINF_SUCCESS) on \Device\HarddiskVolume2\Windows\System32\winmm.dll
1220.aa8: supR3HardenedWinVerifyCacheProcessImportTodos: Processing 'user32.dll'...
1220.aa8: supR3HardenedWinVerifyCacheProcessImportTodos: 'user32.dll' -> '\Device\HarddiskVolume2\Windows\System32\user32.dll' [rcNtRedir=0xc0150008]
1220.aa8: supR3HardenedWinVerifyCacheProcessImportTodos: Processing 'shlwapi.dll'...
1220.aa8: supR3HardenedWinVerifyCacheProcessImportTodos: 'shlwapi.dll' -> '\Device\HarddiskVolume2\Windows\System32\shlwapi.dll' [rcNtRedir=0xc0150008]
1220.aa8: supR3HardenedScreenImage/Imports: cache hit (VINF_SUCCESS) on \Device\HarddiskVolume2\Windows\System32\shlwapi.dll
1220.aa8: supR3HardenedWinVerifyCacheProcessImportTodos: Processing 'shell32.dll'...
1220.aa8: supR3HardenedWinVerifyCacheProcessImportTodos: 'shell32.dll' -> '\Device\HarddiskVolume2\Windows\System32\shell32.dll' [rcNtRedir=0xc0150008]
1220.aa8: supR3HardenedScreenImage/Imports: cache hit (VINF_SUCCESS) on \Device\HarddiskVolume2\Windows\System32\shell32.dll
1220.aa8: supR3HardenedWinVerifyCacheProcessImportTodos: Processing 'setupapi.dll'...
1220.aa8: supR3HardenedWinVerifyCacheProcessImportTodos: 'setupapi.dll' -> '\Device\HarddiskVolume2\Windows\System32\setupapi.dll' [rcNtRedir=0xc0150008]
1220.aa8: supR3HardenedWinVerifyCacheProcessImportTodos: Processing 'msvcrt.dll'...
1220.aa8: supR3HardenedWinVerifyCacheProcessImportTodos: 'msvcrt.dll' -> '\Device\HarddiskVolume2\Windows\System32\msvcrt.dll' [rcNtRedir=0xc0150008]
1220.aa8: supR3HardenedMonitor_LdrLoadDll: returns rcNt=0x0 hMod=00007ffd5fd10000 'C:\Windows\system32\rsaenh.dll'
1220.aa8: supR3HardenedMonitor_LdrLoadDll: returns rcNt=0x0 hMod=00007ffd60e40000 'C:\Windows\System32\crypt32.dll'
1220.aa8: supR3HardenedWinVerifyCacheScheduleImports: Import todo: #0 'msvcrt.dll'.
1220.aa8: supR3HardenedWinVerifyCacheScheduleImports: Import todo: #28 'rpcrt4.dll'.
1220.aa8: supR3HardenedWinVerifyCacheScheduleImports: Import todo: #35 'cfgmgr32.dll'.
1220.aa8: supR3HardenedWinVerifyCacheScheduleImports: Import todo: #41 'bcrypt.dll'.
1220.aa8: supHardenedWinVerifyImageByHandle: -> 0 (\Device\HarddiskVolume2\Windows\System32\setupapi.dll) WinVerifyTrust
1220.aa8: supR3HardenedWinVerifyCacheInsert: \Device\HarddiskVolume2\Windows\System32\setupapi.dll
1220.aa8: supR3HardenedWinVerifyCacheProcessImportTodos: Processing 'oleaut32.dll'...
1220.aa8: supR3HardenedWinVerifyCacheProcessImportTodos: 'oleaut32.dll' -> '\Device\HarddiskVolume2\Windows\System32\oleaut32.dll' [rcNtRedir=0xc0150008]
1220.aa8: supR3HardenedScreenImage/Imports: cache hit (VINF_SUCCESS) on \Device\HarddiskVolume2\Windows\System32\oleaut32.dll
1220.aa8: supR3HardenedWinVerifyCacheProcessImportTodos: Processing 'ole32.dll'...
1220.aa8: supR3HardenedWinVerifyCacheProcessImportTodos: 'ole32.dll' -> '\Device\HarddiskVolume2\Windows\System32\ole32.dll' [rcNtRedir=0xc0150008]
1220.aa8: supR3HardenedScreenImage/Imports: cache hit (VINF_SUCCESS) on \Device\HarddiskVolume2\Windows\System32\ole32.dll
1220.aa8: supR3HardenedWinVerifyCacheProcessImportTodos: Processing 'imm32.dll'...
1220.aa8: supR3HardenedWinVerifyCacheProcessImportTodos: 'imm32.dll' -> '\Device\HarddiskVolume2\Windows\System32\imm32.dll' [rcNtRedir=0xc0150008]
1220.aa8: supR3HardenedScreenImage/Imports: cache hit (VINF_SUCCESS) on \Device\HarddiskVolume2\Windows\System32\imm32.dll
1220.aa8: supR3HardenedWinVerifyCacheProcessImportTodos: Processing 'gdi32.dll'...
1220.aa8: supR3HardenedWinVerifyCacheProcessImportTodos: 'gdi32.dll' -> '\Device\HarddiskVolume2\Windows\System32\gdi32.dll' [rcNtRedir=0xc0150008]
1220.aa8: supR3HardenedWinVerifyCacheProcessImportTodos: Processing 'dwmapi.dll'...
1220.aa8: supR3HardenedWinVerifyCacheProcessImportTodos: 'dwmapi.dll' -> '\Device\HarddiskVolume2\Windows\System32\dwmapi.dll' [rcNtRedir=0xc0150008]
1220.aa8: supR3HardenedScreenImage/Imports: cache hit (VINF_SUCCESS) on \Device\HarddiskVolume2\Windows\System32\dwmapi.dll
1220.aa8: supR3HardenedWinVerifyCacheProcessImportTodos: Processing 'advapi32.dll'...
1220.aa8: supR3HardenedWinVerifyCacheProcessImportTodos: 'advapi32.dll' -> '\Device\HarddiskVolume2\Windows\System32\advapi32.dll' [rcNtRedir=0xc0150008]
1220.aa8: supR3HardenedScreenImage/Imports: cache hit (VINF_SUCCESS) on \Device\HarddiskVolume2\Windows\System32\advapi32.dll
1220.aa8: supR3HardenedWinVerifyCacheProcessImportTodos: Processing 'bcrypt.dll'...
1220.aa8: supR3HardenedWinVerifyCacheProcessImportTodos: 'bcrypt.dll' -> '\Device\HarddiskVolume2\Windows\System32\bcrypt.dll' [rcNtRedir=0xc0150008]
1220.aa8: supR3HardenedScreenImage/Imports: cache hit (VINF_SUCCESS) on \Device\HarddiskVolume2\Windows\System32\bcrypt.dll
1220.aa8: supR3HardenedWinVerifyCacheProcessImportTodos: Processing 'cfgmgr32.dll'...
1220.aa8: supR3HardenedWinVerifyCacheProcessImportTodos: 'cfgmgr32.dll' -> '\Device\HarddiskVolume2\Windows\System32\cfgmgr32.dll' [rcNtRedir=0xc0150008]
1220.aa8: supR3HardenedMonitor_LdrLoadDll: returns rcNt=0x0 hMod=00007ffd5fd10000 'C:\Windows\system32\rsaenh.dll'
1220.aa8: supR3HardenedMonitor_LdrLoadDll: returns rcNt=0x0 hMod=00007ffd60e40000 'C:\Windows\System32\crypt32.dll'
1220.aa8: supHardenedWinVerifyImageByHandle: -> 0 (\Device\HarddiskVolume2\Windows\System32\cfgmgr32.dll) WinVerifyTrust
1220.aa8: supR3HardenedWinVerifyCacheInsert: \Device\HarddiskVolume2\Windows\System32\cfgmgr32.dll
1220.aa8: supR3HardenedWinVerifyCacheProcessImportTodos: Processing 'rpcrt4.dll'...
1220.aa8: supR3HardenedWinVerifyCacheProcessImportTodos: 'rpcrt4.dll' -> '\Device\HarddiskVolume2\Windows\System32\rpcrt4.dll' [rcNtRedir=0xc0150008]
1220.aa8: supR3HardenedWinVerifyCacheProcessImportTodos: Processing 'msvcrt.dll'...
1220.aa8: supR3HardenedWinVerifyCacheProcessImportTodos: 'msvcrt.dll' -> '\Device\HarddiskVolume2\Windows\System32\msvcrt.dll' [rcNtRedir=0xc0150008]
1220.aa8: supR3HardenedMonitor_LdrLoadDll: pName=C:\Program Files\Oracle\VirtualBox\platforms\qwindowsVBox.dll (rcNtResolve=0xc0150008) *pfFlags=0x0 pwszSearchPath=0000000000000001:<flags> [calling]
1220.aa8: supR3HardenedScreenImage/NtCreateSection: cache hit (VINF_SUCCESS) on \Device\HarddiskVolume2\Program Files\Oracle\VirtualBox\platforms\qwindowsVBox.dll
1220.aa8: supR3HardenedScreenImage/NtCreateSection: cache hit (VINF_SUCCESS) on \Device\HarddiskVolume2\Windows\System32\wtsapi32.dll
1220.aa8: supR3HardenedWinVerifyCacheScheduleImports: Import todo: #1 'advapi32.dll'.
1220.aa8: supR3HardenedWinVerifyCacheScheduleImports: Import todo: #2 'gdi32.dll'.
1220.aa8: supR3HardenedWinVerifyCacheScheduleImports: Import todo: #4 'user32.dll'.
1220.aa8: supHardenedWinVerifyImageByHandle: -> 0 (\Device\HarddiskVolume2\Windows\WinSxS\amd64_microsoft.windows.common-controls_6595b64144ccf1df_5.82.19041.6280_none_792d7c952443c49a\comctl32.dll)
1220.aa8: supR3HardenedWinVerifyCacheInsert: \Device\HarddiskVolume2\Windows\WinSxS\amd64_microsoft.windows.common-controls_6595b64144ccf1df_5.82.19041.6280_none_792d7c952443c49a\comctl32.dll
1220.aa8: supR3HardenedScreenImage/NtCreateSection: cache hit (VINF_SUCCESS) on \Device\HarddiskVolume2\Windows\System32\d3d9.dll
1220.aa8: supR3HardenedScreenImage/NtCreateSection: cache hit (VINF_SUCCESS) on \Device\HarddiskVolume2\Windows\System32\UIAutomationCore.dll
1220.aa8: supR3HardenedScreenImage/NtCreateSection: cache hit (VINF_SUCCESS) on \Device\HarddiskVolume2\Windows\System32\propsys.dll [avoiding WinVerifyTrust]
1220.aa8: supR3HardenedDllNotificationCallback: load   00007ffd61150000 LB 0x0004e000 C:\Windows\System32\cfgmgr32.dll [fFlags=0x0]
1220.aa8: supR3HardenedScreenImage/LdrLoadDll: cache hit (VINF_SUCCESS) on \Device\HarddiskVolume2\Windows\System32\cfgmgr32.dll
1220.aa8: supR3HardenedDllNotificationCallback: load   00007ffd62f50000 LB 0x00470000 C:\Windows\System32\SETUPAPI.dll [fFlags=0x0]
1220.aa8: supR3HardenedScreenImage/LdrLoadDll: cache hit (VINF_SUCCESS) on \Device\HarddiskVolume2\Windows\System32\setupapi.dll
1220.aa8: supR3HardenedDllNotificationCallback: load   00007ffd5d100000 LB 0x00014000 C:\Windows\SYSTEM32\WTSAPI32.dll [fFlags=0x0]
1220.aa8: supR3HardenedScreenImage/LdrLoadDll: cache hit (VINF_SUCCESS) on \Device\HarddiskVolume2\Windows\System32\wtsapi32.dll
1220.aa8: supR3HardenedDllNotificationCallback: load   00007ffd3b900000 LB 0x000b0000 C:\Windows\WinSxS\amd64_microsoft.windows.common-controls_6595b64144ccf1df_5.82.19041.6280_none_792d7c952443c49a\COMCTL32.dll [fFlags=0x0]
1220.aa8: supR3HardenedScreenImage/LdrLoadDll: cache hit (VINF_SUCCESS) on \Device\HarddiskVolume2\Windows\WinSxS\amd64_microsoft.windows.common-controls_6595b64144ccf1df_5.82.19041.6280_none_792d7c952443c49a\comctl32.dll [avoiding WinVerifyTrust]
1220.aa8: supR3HardenedDllNotificationCallback: load   00007ffd62b00000 LB 0x000da000 C:\Windows\System32\COMDLG32.dll [fFlags=0x0]
1220.aa8: supR3HardenedScreenImage/LdrLoadDll: cache hit (VINF_SUCCESS) on \Device\HarddiskVolume2\Windows\System32\comdlg32.dll
1220.aa8: supR3HardenedDllNotificationCallback: load   00007ffcd85f0000 LB 0x001d1000 C:\Windows\SYSTEM32\d3d9.dll [fFlags=0x0]
1220.aa8: supR3HardenedScreenImage/LdrLoadDll: cache hit (VINF_SUCCESS) on \Device\HarddiskVolume2\Windows\System32\d3d9.dll
1220.aa8: supR3HardenedDllNotificationCallback: load   00007ffd5b350000 LB 0x000f4000 C:\Windows\SYSTEM32\PROPSYS.dll [fFlags=0x0]
1220.aa8: supR3HardenedScreenImage/LdrLoadDll: cache hit (VINF_SUCCESS) on \Device\HarddiskVolume2\Windows\System32\propsys.dll [avoiding WinVerifyTrust]
1220.aa8: supR3HardenedDllNotificationCallback: load   00007ffd43cc0000 LB 0x002f4000 C:\Windows\SYSTEM32\UIAutomationCore.DLL [fFlags=0x0]
1220.aa8: supR3HardenedScreenImage/LdrLoadDll: cache hit (VINF_SUCCESS) on \Device\HarddiskVolume2\Windows\System32\UIAutomationCore.dll
1220.aa8: supR3HardenedDllNotificationCallback: load   00007ffcdb920000 LB 0x000db000 C:\Program Files\Oracle\VirtualBox\platforms\qwindowsVBox.dll [fFlags=0x0]
1220.aa8: supR3HardenedScreenImage/LdrLoadDll: cache hit (VINF_SUCCESS) on \Device\HarddiskVolume2\Program Files\Oracle\VirtualBox\platforms\qwindowsVBox.dll
1220.aa8: Detected loader lock ownership: rc=VINF_SUCCESS '\Device\HarddiskVolume2\Windows\WinSxS\amd64_microsoft.windows.common-controls_6595b64144ccf1df_5.82.19041.6280_none_792d7c952443c49a\comctl32.dll'.
1220.aa8: supR3HardenedWinVerifyCacheProcessWvtTodos: 0 (was 0) fWinVerifyTrust=0 for '\Device\HarddiskVolume2\Windows\WinSxS\amd64_microsoft.windows.common-controls_6595b64144ccf1df_5.82.19041.6280_none_792d7c952443c49a\comctl32.dll' [rescheduled]
1220.aa8: Detected loader lock ownership: rc=VINF_SUCCESS '\Device\HarddiskVolume2\Windows\System32\comctl32.dll'.
1220.aa8: supR3HardenedWinVerifyCacheProcessWvtTodos: 0 (was 0) fWinVerifyTrust=0 for '\Device\HarddiskVolume2\Windows\System32\comctl32.dll' [rescheduled]
1220.aa8: Detected loader lock ownership: rc=VINF_SUCCESS '\Device\HarddiskVolume2\Windows\System32\propsys.dll'.
1220.aa8: supR3HardenedWinVerifyCacheProcessWvtTodos: 0 (was 0) fWinVerifyTrust=0 for '\Device\HarddiskVolume2\Windows\System32\propsys.dll' [rescheduled]
1220.aa8: supR3HardenedScreenImage/LdrLoadDll: cache hit (VINF_SUCCESS) on \Device\HarddiskVolume2\Windows\System32\imm32.dll
1220.aa8: supR3HardenedWinVerifyCacheProcessImportTodos: Processing 'user32.dll'...
1220.aa8: supR3HardenedWinVerifyCacheProcessImportTodos: 'user32.dll' -> '\Device\HarddiskVolume2\Windows\System32\user32.dll' [rcNtRedir=0xc0150008]
1220.aa8: supR3HardenedScreenImage/Imports: cache hit (VINF_SUCCESS) on \Device\HarddiskVolume2\Windows\System32\user32.dll
1220.aa8: supR3HardenedWinVerifyCacheProcessImportTodos: Processing 'gdi32.dll'...
1220.aa8: supR3HardenedWinVerifyCacheProcessImportTodos: 'gdi32.dll' -> '\Device\HarddiskVolume2\Windows\System32\gdi32.dll' [rcNtRedir=0xc0150008]
1220.aa8: supR3HardenedScreenImage/Imports: cache hit (VINF_SUCCESS) on \Device\HarddiskVolume2\Windows\System32\gdi32.dll
1220.aa8: supR3HardenedWinVerifyCacheProcessImportTodos: Processing 'advapi32.dll'...
1220.aa8: supR3HardenedWinVerifyCacheProcessImportTodos: 'advapi32.dll' -> '\Device\HarddiskVolume2\Windows\System32\advapi32.dll' [rcNtRedir=0xc0150008]
1220.aa8: supR3HardenedScreenImage/Imports: cache hit (VINF_SUCCESS) on \Device\HarddiskVolume2\Windows\System32\advapi32.dll
1220.aa8: supR3HardenedMonitor_LdrLoadDll: pName=C:\Windows\System32\imm32.dll (Input=imm32.dll, rcNtResolve=0xc0150008) *pfFlags=0x0 pwszSearchPath=0000000000000001:<flags> [calling]
1220.aa8: supR3HardenedMonitor_LdrLoadDll: returns rcNt=0x0 hMod=00007ffd62e50000 'C:\Windows\System32\imm32.dll'
1220.aa8: Detected loader lock ownership: rc=VINF_SUCCESS '\Device\HarddiskVolume2\Windows\WinSxS\amd64_microsoft.windows.common-controls_6595b64144ccf1df_5.82.19041.6280_none_792d7c952443c49a\comctl32.dll'.
1220.aa8: supR3HardenedWinVerifyCacheProcessWvtTodos: 0 (was 0) fWinVerifyTrust=0 for '\Device\HarddiskVolume2\Windows\WinSxS\amd64_microsoft.windows.common-controls_6595b64144ccf1df_5.82.19041.6280_none_792d7c952443c49a\comctl32.dll' [rescheduled]
1220.aa8: Detected loader lock ownership: rc=VINF_SUCCESS '\Device\HarddiskVolume2\Windows\System32\comctl32.dll'.
1220.aa8: supR3HardenedWinVerifyCacheProcessWvtTodos: 0 (was 0) fWinVerifyTrust=0 for '\Device\HarddiskVolume2\Windows\System32\comctl32.dll' [rescheduled]
1220.aa8: Detected loader lock ownership: rc=VINF_SUCCESS '\Device\HarddiskVolume2\Windows\System32\propsys.dll'.
1220.aa8: supR3HardenedWinVerifyCacheProcessWvtTodos: 0 (was 0) fWinVerifyTrust=0 for '\Device\HarddiskVolume2\Windows\System32\propsys.dll' [rescheduled]
1220.aa8: supR3HardenedMonitor_LdrLoadDll: returns rcNt=0x0 hMod=00007ffcdb920000 'C:\Program Files\Oracle\VirtualBox\platforms\qwindowsVBox.dll'
1220.aa8: supR3HardenedMonitor_LdrLoadDll: returns rcNt=0x0 hMod=00007ffd5fd10000 'C:\Windows\system32\rsaenh.dll'
1220.aa8: supR3HardenedMonitor_LdrLoadDll: returns rcNt=0x0 hMod=00007ffd60e40000 'C:\Windows\System32\crypt32.dll'
1220.aa8: supR3HardenedWinVerifyCacheProcessWvtTodos: 0 (was 0) fWinVerifyTrust=1 for '\Device\HarddiskVolume2\Windows\WinSxS\amd64_microsoft.windows.common-controls_6595b64144ccf1df_5.82.19041.6280_none_792d7c952443c49a\comctl32.dll'
1220.aa8: supR3HardenedMonitor_LdrLoadDll: returns rcNt=0x0 hMod=00007ffd5fd10000 'C:\Windows\system32\rsaenh.dll'
1220.aa8: supR3HardenedMonitor_LdrLoadDll: returns rcNt=0x0 hMod=00007ffd60e40000 'C:\Windows\System32\crypt32.dll'
1220.aa8: supR3HardenedWinVerifyCacheProcessWvtTodos: 0 (was 0) fWinVerifyTrust=1 for '\Device\HarddiskVolume2\Windows\System32\comctl32.dll'
1220.aa8: supR3HardenedMonitor_LdrLoadDll: returns rcNt=0x0 hMod=00007ffd5fd10000 'C:\Windows\system32\rsaenh.dll'
1220.aa8: supR3HardenedMonitor_LdrLoadDll: returns rcNt=0x0 hMod=00007ffd60e40000 'C:\Windows\System32\crypt32.dll'
1220.aa8: supR3HardenedWinVerifyCacheProcessWvtTodos: 0 (was 0) fWinVerifyTrust=1 for '\Device\HarddiskVolume2\Windows\System32\propsys.dll'
1220.aa8: supR3HardenedScreenImage/LdrLoadDll: cache hit (VINF_SUCCESS) on \Device\HarddiskVolume2\Windows\System32\uxtheme.dll
1220.aa8: supR3HardenedMonitor_LdrLoadDll: pName=C:\Windows\system32\uxtheme.dll (rcNtResolve=0xc0150008) *pfFlags=0x0 pwszSearchPath=0000000000000009:<flags> [calling]
1220.aa8: supR3HardenedMonitor_LdrLoadDll: returns rcNt=0x0 hMod=00007ffd5e6e0000 'C:\Windows\system32\uxtheme.dll'
1220.aa8: supR3HardenedWinVerifyCacheScheduleImports: Import todo: #12 'rpcrt4.dll'.
1220.aa8: supHardenedWinVerifyImageByHandle: -> 0 (\Device\HarddiskVolume2\Windows\System32\powrprof.dll)
1220.aa8: supR3HardenedWinVerifyCacheInsert: \Device\HarddiskVolume2\Windows\System32\powrprof.dll
1220.aa8: supR3HardenedDllNotificationCallback: load   00007ffd60ba0000 LB 0x0004b000 C:\Windows\SYSTEM32\powrprof.dll [fFlags=0x0]
1220.aa8: supR3HardenedScreenImage/LdrLoadDll: cache hit (VINF_SUCCESS) on \Device\HarddiskVolume2\Windows\System32\powrprof.dll [avoiding WinVerifyTrust]
1220.aa8: supHardenedWinVerifyImageByHandle: -> 0 (\Device\HarddiskVolume2\Windows\System32\umpdc.dll)
1220.aa8: supR3HardenedWinVerifyCacheInsert: \Device\HarddiskVolume2\Windows\System32\umpdc.dll
1220.aa8: supR3HardenedDllNotificationCallback: load   00007ffd60b80000 LB 0x00012000 C:\Windows\SYSTEM32\UMPDC.dll [fFlags=0x0]
1220.aa8: supR3HardenedScreenImage/LdrLoadDll: cache hit (VINF_SUCCESS) on \Device\HarddiskVolume2\Windows\System32\umpdc.dll [avoiding WinVerifyTrust]
1220.aa8: supR3HardenedDllNotificationCallback: load   00007ffd61c70000 LB 0x00115000 C:\Windows\System32\MSCTF.dll [fFlags=0x0]
1220.aa8: supR3HardenedWinVerifyCacheScheduleImports: Import todo: #0 'msvcrt.dll'.
1220.aa8: supR3HardenedWinVerifyCacheScheduleImports: Import todo: #10 'oleaut32.dll'.
1220.aa8: supR3HardenedWinVerifyCacheScheduleImports: Import todo: #37 'user32.dll'.
1220.aa8: supR3HardenedWinVerifyCacheScheduleImports: Import todo: #38 'gdi32.dll'.
1220.aa8: supR3HardenedWinVerifyCacheScheduleImports: Import todo: #39 'imm32.dll'.
1220.aa8: supHardenedWinVerifyImageByHandle: -> 0 (\Device\HarddiskVolume2\Windows\System32\msctf.dll)
1220.aa8: supR3HardenedWinVerifyCacheInsert: \Device\HarddiskVolume2\Windows\System32\msctf.dll
1220.aa8: supR3HardenedWinVerifyCacheScheduleImports: Import todo: #18 'cfgmgr32.dll'.
1220.aa8: supHardenedWinVerifyImageByHandle: -> 0 (\Device\HarddiskVolume2\Windows\System32\devobj.dll)
1220.aa8: supR3HardenedWinVerifyCacheInsert: \Device\HarddiskVolume2\Windows\System32\devobj.dll
1220.aa8: supR3HardenedDllNotificationCallback: load   00007ffd609f0000 LB 0x00033000 C:\Windows\SYSTEM32\DEVOBJ.dll [fFlags=0x0]
1220.aa8: supR3HardenedScreenImage/LdrLoadDll: cache hit (VINF_SUCCESS) on \Device\HarddiskVolume2\Windows\System32\devobj.dll [avoiding WinVerifyTrust]
1220.aa8: supR3HardenedWinVerifyCacheProcessImportTodos: Processing 'cfgmgr32.dll'...
1220.aa8: supR3HardenedWinVerifyCacheProcessImportTodos: 'cfgmgr32.dll' -> '\Device\HarddiskVolume2\Windows\System32\cfgmgr32.dll' [rcNtRedir=0xc0150008]
1220.aa8: supR3HardenedScreenImage/Imports: cache hit (VINF_SUCCESS) on \Device\HarddiskVolume2\Windows\System32\cfgmgr32.dll
1220.aa8: supR3HardenedWinVerifyCacheProcessImportTodos: Processing 'imm32.dll'...
1220.aa8: supR3HardenedWinVerifyCacheProcessImportTodos: 'imm32.dll' -> '\Device\HarddiskVolume2\Windows\System32\imm32.dll' [rcNtRedir=0xc0150008]
1220.aa8: supR3HardenedScreenImage/Imports: cache hit (VINF_SUCCESS) on \Device\HarddiskVolume2\Windows\System32\imm32.dll
1220.aa8: supR3HardenedWinVerifyCacheProcessImportTodos: Processing 'gdi32.dll'...
1220.aa8: supR3HardenedWinVerifyCacheProcessImportTodos: 'gdi32.dll' -> '\Device\HarddiskVolume2\Windows\System32\gdi32.dll' [rcNtRedir=0xc0150008]
1220.aa8: supR3HardenedWinVerifyCacheProcessImportTodos: Processing 'user32.dll'...
1220.aa8: supR3HardenedWinVerifyCacheProcessImportTodos: 'user32.dll' -> '\Device\HarddiskVolume2\Windows\System32\user32.dll' [rcNtRedir=0xc0150008]
1220.aa8: supR3HardenedWinVerifyCacheProcessImportTodos: Processing 'oleaut32.dll'...
1220.aa8: supR3HardenedWinVerifyCacheProcessImportTodos: 'oleaut32.dll' -> '\Device\HarddiskVolume2\Windows\System32\oleaut32.dll' [rcNtRedir=0xc0150008]
1220.aa8: supR3HardenedScreenImage/Imports: cache hit (VINF_SUCCESS) on \Device\HarddiskVolume2\Windows\System32\oleaut32.dll
1220.aa8: supR3HardenedWinVerifyCacheProcessImportTodos: Processing 'msvcrt.dll'...
1220.aa8: supR3HardenedWinVerifyCacheProcessImportTodos: 'msvcrt.dll' -> '\Device\HarddiskVolume2\Windows\System32\msvcrt.dll' [rcNtRedir=0xc0150008]
1220.aa8: supR3HardenedWinVerifyCacheProcessImportTodos: Processing 'rpcrt4.dll'...
1220.aa8: supR3HardenedWinVerifyCacheProcessImportTodos: 'rpcrt4.dll' -> '\Device\HarddiskVolume2\Windows\System32\rpcrt4.dll' [rcNtRedir=0xc0150008]
1220.aa8: supR3HardenedMonitor_LdrLoadDll: returns rcNt=0x0 hMod=00007ffd5fd10000 'C:\Windows\system32\rsaenh.dll'
1220.aa8: supR3HardenedMonitor_LdrLoadDll: returns rcNt=0x0 hMod=00007ffd60e40000 'C:\Windows\System32\crypt32.dll'
1220.aa8: supR3HardenedWinVerifyCacheProcessWvtTodos: 0 (was 0) fWinVerifyTrust=1 for '\Device\HarddiskVolume2\Windows\System32\devobj.dll'
1220.aa8: supR3HardenedMonitor_LdrLoadDll: returns rcNt=0x0 hMod=00007ffd5fd10000 'C:\Windows\system32\rsaenh.dll'
1220.aa8: supR3HardenedMonitor_LdrLoadDll: returns rcNt=0x0 hMod=00007ffd60e40000 'C:\Windows\System32\crypt32.dll'
1220.aa8: supR3HardenedWinVerifyCacheProcessWvtTodos: 0 (was 0) fWinVerifyTrust=1 for '\Device\HarddiskVolume2\Windows\System32\msctf.dll'
1220.aa8: supR3HardenedMonitor_LdrLoadDll: returns rcNt=0x0 hMod=00007ffd5fd10000 'C:\Windows\system32\rsaenh.dll'
1220.aa8: supR3HardenedMonitor_LdrLoadDll: returns rcNt=0x0 hMod=00007ffd60e40000 'C:\Windows\System32\crypt32.dll'
1220.aa8: supR3HardenedWinVerifyCacheProcessWvtTodos: 0 (was 0) fWinVerifyTrust=1 for '\Device\HarddiskVolume2\Windows\System32\umpdc.dll'
1220.aa8: supR3HardenedMonitor_LdrLoadDll: returns rcNt=0x0 hMod=00007ffd5fd10000 'C:\Windows\system32\rsaenh.dll'
1220.aa8: supR3HardenedMonitor_LdrLoadDll: returns rcNt=0x0 hMod=00007ffd60e40000 'C:\Windows\System32\crypt32.dll'
1220.aa8: supR3HardenedWinVerifyCacheProcessWvtTodos: 0 (was 0) fWinVerifyTrust=1 for '\Device\HarddiskVolume2\Windows\System32\powrprof.dll'
1220.aa8: supR3HardenedMonitor_LdrLoadDll: returns rcNt=0x0 hMod=00007ffd5fd10000 'C:\Windows\system32\rsaenh.dll'
1220.aa8: supR3HardenedMonitor_LdrLoadDll: returns rcNt=0x0 hMod=00007ffd60e40000 'C:\Windows\System32\crypt32.dll'
1220.aa8: supR3HardenedWinVerifyCacheScheduleImports: Import todo: #0 'gdi32.dll'.
1220.aa8: supR3HardenedWinVerifyCacheScheduleImports: Import todo: #1 'user32.dll'.
1220.aa8: supR3HardenedWinVerifyCacheScheduleImports: Import todo: #2 'uxtheme.dll'.
1220.aa8: supR3HardenedWinVerifyCacheScheduleImports: Import todo: #3 'qt6widgetsvbox.dll'.
1220.aa8: supR3HardenedWinVerifyCacheScheduleImports: Import todo: #4 'qt6guivbox.dll'.
1220.aa8: supR3HardenedWinVerifyCacheScheduleImports: Import todo: #5 'qt6corevbox.dll'.
1220.aa8: supR3HardenedWinVerifyCacheScheduleImports: Import todo: #7 'msvcp140.dll'.
1220.aa8: supR3HardenedWinVerifyCacheScheduleImports: Import todo: #8 'vcruntime140.dll'.
1220.aa8: supHardenedWinVerifyImageByHandle: -> 0 (\Device\HarddiskVolume2\Program Files\Oracle\VirtualBox\styles\qmodernwindowsstyleVBox.dll) WinVerifyTrust
1220.aa8: supR3HardenedWinVerifyCacheInsert: \Device\HarddiskVolume2\Program Files\Oracle\VirtualBox\styles\qmodernwindowsstyleVBox.dll
1220.aa8: supR3HardenedWinVerifyCacheProcessImportTodos: Processing 'vcruntime140.dll'...
1220.aa8: supR3HardenedWinVerifyCacheProcessImportTodos: 'vcruntime140.dll' -> '\Device\HarddiskVolume2\Windows\System32\vcruntime140.dll' [rcNtRedir=0xc0150008]
1220.aa8: supR3HardenedWinVerifyCacheProcessImportTodos: Processing 'msvcp140.dll'...
1220.aa8: supR3HardenedWinVerifyCacheProcessImportTodos: 'msvcp140.dll' -> '\Device\HarddiskVolume2\Windows\System32\msvcp140.dll' [rcNtRedir=0xc0150008]
1220.aa8: supR3HardenedWinVerifyCacheProcessImportTodos: Processing 'qt6corevbox.dll'...
1220.aa8: supR3HardenedWinVerifyCacheProcessImportTodos: 'qt6corevbox.dll' -> '\Device\HarddiskVolume2\Program Files\Oracle\VirtualBox\qt6corevbox.dll' [rcNtRedir=0xc0150008]
1220.aa8: supR3HardenedWinVerifyCacheProcessImportTodos: Processing 'qt6guivbox.dll'...
1220.aa8: supR3HardenedWinVerifyCacheProcessImportTodos: 'qt6guivbox.dll' -> '\Device\HarddiskVolume2\Program Files\Oracle\VirtualBox\qt6guivbox.dll' [rcNtRedir=0xc0150008]
1220.aa8: supR3HardenedScreenImage/Imports: cache hit (VINF_SUCCESS) on \Device\HarddiskVolume2\Program Files\Oracle\VirtualBox\Qt6GuiVBox.dll
1220.aa8: supR3HardenedWinVerifyCacheProcessImportTodos: Processing 'qt6widgetsvbox.dll'...
1220.aa8: supR3HardenedWinVerifyCacheProcessImportTodos: 'qt6widgetsvbox.dll' -> '\Device\HarddiskVolume2\Program Files\Oracle\VirtualBox\qt6widgetsvbox.dll' [rcNtRedir=0xc0150008]
1220.aa8: supR3HardenedScreenImage/Imports: cache hit (VINF_SUCCESS) on \Device\HarddiskVolume2\Program Files\Oracle\VirtualBox\Qt6WidgetsVBox.dll
1220.aa8: supR3HardenedWinVerifyCacheProcessImportTodos: Processing 'uxtheme.dll'...
1220.aa8: supR3HardenedWinVerifyCacheProcessImportTodos: 'uxtheme.dll' -> '\Device\HarddiskVolume2\Windows\System32\uxtheme.dll' [rcNtRedir=0xc0150008]
1220.aa8: supR3HardenedScreenImage/Imports: cache hit (VINF_SUCCESS) on \Device\HarddiskVolume2\Windows\System32\uxtheme.dll
1220.aa8: supR3HardenedWinVerifyCacheProcessImportTodos: Processing 'user32.dll'...
1220.aa8: supR3HardenedWinVerifyCacheProcessImportTodos: 'user32.dll' -> '\Device\HarddiskVolume2\Windows\System32\user32.dll' [rcNtRedir=0xc0150008]
1220.aa8: supR3HardenedWinVerifyCacheProcessImportTodos: Processing 'gdi32.dll'...
1220.aa8: supR3HardenedWinVerifyCacheProcessImportTodos: 'gdi32.dll' -> '\Device\HarddiskVolume2\Windows\System32\gdi32.dll' [rcNtRedir=0xc0150008]
1220.aa8: supR3HardenedMonitor_LdrLoadDll: pName=C:\Program Files\Oracle\VirtualBox\styles\qmodernwindowsstyleVBox.dll (rcNtResolve=0xc0150008) *pfFlags=0x0 pwszSearchPath=0000000000000001:<flags> [calling]
1220.aa8: supR3HardenedScreenImage/NtCreateSection: cache hit (VINF_SUCCESS) on \Device\HarddiskVolume2\Program Files\Oracle\VirtualBox\styles\qmodernwindowsstyleVBox.dll
1220.aa8: supR3HardenedDllNotificationCallback: load   00007ffd404c0000 LB 0x00036000 C:\Program Files\Oracle\VirtualBox\styles\qmodernwindowsstyleVBox.dll [fFlags=0x0]
1220.aa8: supR3HardenedScreenImage/LdrLoadDll: cache hit (VINF_SUCCESS) on \Device\HarddiskVolume2\Program Files\Oracle\VirtualBox\styles\qmodernwindowsstyleVBox.dll
1220.aa8: supR3HardenedMonitor_LdrLoadDll: returns rcNt=0x0 hMod=00007ffd404c0000 'C:\Program Files\Oracle\VirtualBox\styles\qmodernwindowsstyleVBox.dll'
1220.aa8: '\Device\HarddiskVolume2\Windows\System32\imageres.dll' has no imports
1220.aa8: supHardenedWinVerifyImageByHandle: -> 22900 (\Device\HarddiskVolume2\Windows\System32\imageres.dll)
1220.aa8: supR3HardenedWinVerifyCacheInsert: \Device\HarddiskVolume2\Windows\System32\imageres.dll
1220.aa8: supR3HardenedMonitor_NtCreateSection: NtMapViewOfSection failed on 00000000000007c0 (hFile=00000000000007e4) with 0xc0000022 -> STATUS_TRUST_FAILURE
1220.aa8: supR3HardenedScreenImage/NtCreateSection: cache hit (22900) on \Device\HarddiskVolume2\Windows\System32\imageres.dll [avoiding WinVerifyTrust]
1220.aa8: supR3HardenedMonitor_NtCreateSection: NtMapViewOfSection failed on 00000000000007e4 (hFile=00000000000007c0) with 0xc0000022 -> STATUS_TRUST_FAILURE
1220.aa8: supR3HardenedScreenImage/NtCreateSection: cache hit (22900) on \Device\HarddiskVolume2\Windows\System32\imageres.dll [avoiding WinVerifyTrust]
1220.aa8: supR3HardenedMonitor_NtCreateSection: NtMapViewOfSection failed on 00000000000007c0 (hFile=00000000000007e4) with 0xc0000022 -> STATUS_TRUST_FAILURE
1220.aa8: supR3HardenedScreenImage/NtCreateSection: cache hit (22900) on \Device\HarddiskVolume2\Windows\System32\imageres.dll [avoiding WinVerifyTrust]
1220.aa8: supR3HardenedMonitor_NtCreateSection: NtMapViewOfSection failed on 00000000000007e4 (hFile=00000000000007c0) with 0xc0000022 -> STATUS_TRUST_FAILURE
1220.aa8: supR3HardNtViCallWinVerifyTrustCatFile: hFile=00000000000007e8 pwszName=\Device\HarddiskVolume2\Windows\System32\imageres.dll
1220.aa8: supR3HardNtViCallWinVerifyTrustCatFile: Cached context 000002d66764e610
1220.aa8: supR3HardNtViCallWinVerifyTrustCatFile: hCatAdmin=000002d66764e610
1220.aa8: supR3HardNtViCallWinVerifyTrustCatFile: cbHash=20 wszDigest=E57DB24C441C536493607C84FB02B59BE1151BF9
1220.aa8: supR3HardenedMonitor_LdrLoadDll: returns rcNt=0x0 hMod=00007ffd5fd10000 'C:\Windows\system32\rsaenh.dll'
1220.aa8: supR3HardenedMonitor_LdrLoadDll: returns rcNt=0x0 hMod=00007ffd60e40000 'C:\Windows\System32\crypt32.dll'
1220.aa8: supR3HardNtViCallWinVerifyTrustCatFile: WinVerifyTrust => 0x0; cat='C:\Windows\system32\CatRoot\{F750E6C3-38EE-11D1-85E5-00C04FC295EE}\Microsoft-Windows-Client-Desktop-Required-Package04~31bf3856ad364e35~amd64~~10.0.19041.6466.cat'; file='\Device\HarddiskVolume2\Windows\System32\imageres.dll'
1220.aa8: supR3HardNtViCallWinVerifyTrustCatFile -> 0 (org 22900)
1220.aa8: supR3HardenedWinVerifyCacheProcessWvtTodos: 0 (was 22900) fWinVerifyTrust=1 for '\Device\HarddiskVolume2\Windows\System32\imageres.dll'
1220.aa8: supR3HardNtViCallWinVerifyTrustCatFile: hFile=00000000000006f4 pwszName=\Device\HarddiskVolume2\Windows\System32\IconCodecService.dll
1220.aa8: supR3HardNtViCallWinVerifyTrustCatFile: Cached context 000002d66764e610
1220.aa8: supR3HardNtViCallWinVerifyTrustCatFile: hCatAdmin=000002d66764e610
1220.aa8: supR3HardNtViCallWinVerifyTrustCatFile: cbHash=20 wszDigest=7B2FF1B43A1A2F6E33352EBF03B1648FBDF2CE26
1220.aa8: supR3HardenedMonitor_LdrLoadDll: returns rcNt=0x0 hMod=00007ffd5fd10000 'C:\Windows\system32\rsaenh.dll'
1220.aa8: supR3HardenedMonitor_LdrLoadDll: returns rcNt=0x0 hMod=00007ffd60e40000 'C:\Windows\System32\crypt32.dll'
1220.aa8: supR3HardNtViCallWinVerifyTrustCatFile: WinVerifyTrust => 0x0; cat='C:\Windows\system32\CatRoot\{F750E6C3-38EE-11D1-85E5-00C04FC295EE}\Microsoft-Windows-Client-Desktop-Required-Package0518~31bf3856ad364e35~amd64~~10.0.19041.6456.cat'; file='\Device\HarddiskVolume2\Windows\System32\IconCodecService.dll'
1220.aa8: supR3HardNtViCallWinVerifyTrustCatFile -> 0 (org 22900)
1220.aa8: supR3HardenedWinVerifyCacheScheduleImports: Import todo: #0 'msvcrt.dll'.
1220.aa8: supR3HardenedWinVerifyCacheScheduleImports: Import todo: #2 'user32.dll'.
1220.aa8: supHardenedWinVerifyImageByHandle: -> 0 (\Device\HarddiskVolume2\Windows\System32\IconCodecService.dll) WinVerifyTrust
1220.aa8: supR3HardenedWinVerifyCacheInsert: \Device\HarddiskVolume2\Windows\System32\IconCodecService.dll
1220.aa8: supR3HardenedWinVerifyCacheProcessImportTodos: Processing 'user32.dll'...
1220.aa8: supR3HardenedWinVerifyCacheProcessImportTodos: 'user32.dll' -> '\Device\HarddiskVolume2\Windows\System32\user32.dll' [rcNtRedir=0xc0150008]
1220.aa8: supR3HardenedWinVerifyCacheProcessImportTodos: Processing 'msvcrt.dll'...
1220.aa8: supR3HardenedWinVerifyCacheProcessImportTodos: 'msvcrt.dll' -> '\Device\HarddiskVolume2\Windows\System32\msvcrt.dll' [rcNtRedir=0xc0150008]
1220.aa8: supR3HardenedMonitor_LdrLoadDll: pName=C:\Windows\system32\IconCodecService.dll (rcNtResolve=0xc0150008) *pfFlags=0x0 pwszSearchPath=0000000000000001:<flags> [calling]
1220.aa8: supR3HardenedScreenImage/NtCreateSection: cache hit (VINF_SUCCESS) on \Device\HarddiskVolume2\Windows\System32\IconCodecService.dll
1220.aa8: supR3HardenedDllNotificationCallback: load   00007ffd5da90000 LB 0x00009000 C:\Windows\system32\IconCodecService.dll [fFlags=0x0]
1220.aa8: supR3HardenedScreenImage/LdrLoadDll: cache hit (VINF_SUCCESS) on \Device\HarddiskVolume2\Windows\System32\IconCodecService.dll
1220.aa8: supR3HardenedMonitor_LdrLoadDll: returns rcNt=0x0 hMod=00007ffd5da90000 'C:\Windows\system32\IconCodecService.dll'
1220.aa8: supR3HardenedWinVerifyCacheScheduleImports: Import todo: #0 'msvcrt.dll'.
1220.aa8: supR3HardenedWinVerifyCacheScheduleImports: Import todo: #1 'oleaut32.dll'.
1220.aa8: supR3HardenedWinVerifyCacheScheduleImports: Import todo: #3 'rpcrt4.dll'.
1220.aa8: supR3HardenedWinVerifyCacheScheduleImports: Import todo: #25 'bcrypt.dll'.
1220.aa8: supHardenedWinVerifyImageByHandle: -> 0 (\Device\HarddiskVolume2\Windows\System32\WindowsCodecs.dll)
1220.aa8: supR3HardenedWinVerifyCacheInsert: \Device\HarddiskVolume2\Windows\System32\WindowsCodecs.dll
1220.aa8: supR3HardenedDllNotificationCallback: load   00007ffd5e4d0000 LB 0x001b6000 C:\Windows\SYSTEM32\WindowsCodecs.dll [fFlags=0x0]
1220.aa8: supR3HardenedScreenImage/LdrLoadDll: cache hit (VINF_SUCCESS) on \Device\HarddiskVolume2\Windows\System32\WindowsCodecs.dll [avoiding WinVerifyTrust]
1220.aa8: supR3HardenedScreenImage/NtCreateSection: cache hit (VINF_SUCCESS) on \Device\HarddiskVolume2\Windows\System32\imageres.dll
1220.aa8: supR3HardenedMonitor_NtCreateSection: NtMapViewOfSection failed on 00000000000007c0 (hFile=00000000000007e4) with 0xc0000022 -> STATUS_TRUST_FAILURE
1220.aa8: supR3HardenedScreenImage/NtCreateSection: cache hit (VINF_SUCCESS) on \Device\HarddiskVolume2\Windows\System32\imageres.dll
1220.aa8: supR3HardenedMonitor_NtCreateSection: NtMapViewOfSection failed on 00000000000007e4 (hFile=00000000000007c0) with 0xc0000022 -> STATUS_TRUST_FAILURE
1220.aa8: supR3HardenedScreenImage/NtCreateSection: cache hit (VINF_SUCCESS) on \Device\HarddiskVolume2\Windows\System32\imageres.dll
1220.aa8: supR3HardenedMonitor_NtCreateSection: NtMapViewOfSection failed on 00000000000007c0 (hFile=00000000000007e4) with 0xc0000022 -> STATUS_TRUST_FAILURE
1220.aa8: supR3HardenedScreenImage/NtCreateSection: cache hit (VINF_SUCCESS) on \Device\HarddiskVolume2\Windows\System32\imageres.dll
1220.aa8: supR3HardenedMonitor_NtCreateSection: NtMapViewOfSection failed on 00000000000007e4 (hFile=00000000000007c0) with 0xc0000022 -> STATUS_TRUST_FAILURE
1220.aa8: supR3HardenedDllNotificationCallback: load   00007ffd61760000 LB 0x000a9000 C:\Windows\System32\clbcatq.dll [fFlags=0x0]
1220.aa8: supR3HardenedWinVerifyCacheScheduleImports: Import todo: #0 'msvcrt.dll'.
1220.aa8: supR3HardenedWinVerifyCacheScheduleImports: Import todo: #30 'rpcrt4.dll'.
1220.aa8: supHardenedWinVerifyImageByHandle: -> 0 (\Device\HarddiskVolume2\Windows\System32\clbcatq.dll)
1220.aa8: supR3HardenedWinVerifyCacheInsert: \Device\HarddiskVolume2\Windows\System32\clbcatq.dll
1220.2010: supR3HardenedWinVerifyCacheProcessImportTodos: Processing 'rpcrt4.dll'...
1220.2010: supR3HardenedWinVerifyCacheProcessImportTodos: 'rpcrt4.dll' -> '\Device\HarddiskVolume2\Windows\System32\rpcrt4.dll' [rcNtRedir=0xc0150008]
1220.2010: supR3HardenedWinVerifyCacheProcessImportTodos: Processing 'msvcrt.dll'...
1220.2010: supR3HardenedWinVerifyCacheProcessImportTodos: 'msvcrt.dll' -> '\Device\HarddiskVolume2\Windows\System32\msvcrt.dll' [rcNtRedir=0xc0150008]
1220.2010: supR3HardenedWinVerifyCacheProcessImportTodos: Processing 'bcrypt.dll'...
1220.2010: supR3HardenedWinVerifyCacheProcessImportTodos: 'bcrypt.dll' -> '\Device\HarddiskVolume2\Windows\System32\bcrypt.dll' [rcNtRedir=0xc0150008]
1220.2010: supR3HardenedScreenImage/Imports: cache hit (VINF_SUCCESS) on \Device\HarddiskVolume2\Windows\System32\bcrypt.dll
1220.2010: supR3HardenedWinVerifyCacheProcessImportTodos: Processing 'rpcrt4.dll'...
1220.2010: supR3HardenedWinVerifyCacheProcessImportTodos: 'rpcrt4.dll' -> '\Device\HarddiskVolume2\Windows\System32\rpcrt4.dll' [rcNtRedir=0xc0150008]
1220.2010: supR3HardenedWinVerifyCacheProcessImportTodos: Processing 'oleaut32.dll'...
1220.2010: supR3HardenedWinVerifyCacheProcessImportTodos: 'oleaut32.dll' -> '\Device\HarddiskVolume2\Windows\System32\oleaut32.dll' [rcNtRedir=0xc0150008]
1220.2010: supR3HardenedScreenImage/Imports: cache hit (VINF_SUCCESS) on \Device\HarddiskVolume2\Windows\System32\oleaut32.dll
1220.2010: supR3HardenedWinVerifyCacheProcessImportTodos: Processing 'msvcrt.dll'...
1220.2010: supR3HardenedWinVerifyCacheProcessImportTodos: 'msvcrt.dll' -> '\Device\HarddiskVolume2\Windows\System32\msvcrt.dll' [rcNtRedir=0xc0150008]
1220.2010: supR3HardenedMonitor_LdrLoadDll: returns rcNt=0x0 hMod=00007ffd5fd10000 'C:\Windows\system32\rsaenh.dll'
1220.2010: supR3HardenedMonitor_LdrLoadDll: returns rcNt=0x0 hMod=00007ffd60e40000 'C:\Windows\System32\crypt32.dll'
1220.2010: supR3HardenedWinVerifyCacheProcessWvtTodos: 0 (was 0) fWinVerifyTrust=1 for '\Device\HarddiskVolume2\Windows\System32\clbcatq.dll'
1220.2010: supR3HardenedMonitor_LdrLoadDll: returns rcNt=0x0 hMod=00007ffd5fd10000 'C:\Windows\system32\rsaenh.dll'
1220.2010: supR3HardenedMonitor_LdrLoadDll: returns rcNt=0x0 hMod=00007ffd60e40000 'C:\Windows\System32\crypt32.dll'
1220.2010: supR3HardenedWinVerifyCacheProcessWvtTodos: 0 (was 0) fWinVerifyTrust=1 for '\Device\HarddiskVolume2\Windows\System32\WindowsCodecs.dll'
1220.2010: supR3HardenedMonitor_LdrLoadDll: returns rcNt=0x0 hMod=00007ffd5fd10000 'C:\Windows\system32\rsaenh.dll'
1220.2010: supR3HardenedMonitor_LdrLoadDll: returns rcNt=0x0 hMod=00007ffd60e40000 'C:\Windows\System32\crypt32.dll'
1220.2010: supR3HardenedWinVerifyCacheScheduleImports: Import todo: #9 'advapi32.dll'.
1220.2010: supR3HardenedWinVerifyCacheScheduleImports: Import todo: #10 'ole32.dll'.
1220.2010: supR3HardenedWinVerifyCacheScheduleImports: Import todo: #11 'oleaut32.dll'.
1220.2010: supR3HardenedWinVerifyCacheScheduleImports: Import todo: #12 'vcruntime140.dll'.
1220.2010: supR3HardenedWinVerifyCacheScheduleImports: Import todo: #13 'vcruntime140_1.dll'.
1220.2010: supR3HardenedWinVerifyCacheScheduleImports: Import todo: #14 'msvcp140.dll'.
1220.2010: supR3HardenedWinVerifyCacheScheduleImports: Import todo: #15 'vboxrt.dll'.
1220.2010: supHardenedWinVerifyImageByHandle: -> 0 (\Device\HarddiskVolume2\Program Files\Oracle\VirtualBox\VBoxC.dll) WinVerifyTrust
1220.2010: supR3HardenedWinVerifyCacheInsert: \Device\HarddiskVolume2\Program Files\Oracle\VirtualBox\VBoxC.dll
1220.2010: supR3HardenedWinVerifyCacheProcessImportTodos: Processing 'vboxrt.dll'...
1220.2010: supR3HardenedWinVerifyCacheProcessImportTodos: 'vboxrt.dll' -> '\Device\HarddiskVolume2\Program Files\Oracle\VirtualBox\vboxrt.dll' [rcNtRedir=0xc0150008]
1220.2010: supR3HardenedWinVerifyCacheProcessImportTodos: Processing 'msvcp140.dll'...
1220.2010: supR3HardenedWinVerifyCacheProcessImportTodos: 'msvcp140.dll' -> '\Device\HarddiskVolume2\Windows\System32\msvcp140.dll' [rcNtRedir=0xc0150008]
1220.2010: supR3HardenedWinVerifyCacheProcessImportTodos: Processing 'vcruntime140_1.dll'...
1220.2010: supR3HardenedWinVerifyCacheProcessImportTodos: 'vcruntime140_1.dll' -> '\Device\HarddiskVolume2\Windows\System32\vcruntime140_1.dll' [rcNtRedir=0xc0150008]
1220.2010: supR3HardenedWinVerifyCacheProcessImportTodos: Processing 'vcruntime140.dll'...
1220.2010: supR3HardenedWinVerifyCacheProcessImportTodos: 'vcruntime140.dll' -> '\Device\HarddiskVolume2\Windows\System32\vcruntime140.dll' [rcNtRedir=0xc0150008]
1220.2010: supR3HardenedWinVerifyCacheProcessImportTodos: Processing 'oleaut32.dll'...
1220.2010: supR3HardenedWinVerifyCacheProcessImportTodos: 'oleaut32.dll' -> '\Device\HarddiskVolume2\Windows\System32\oleaut32.dll' [rcNtRedir=0xc0150008]
1220.2010: supR3HardenedScreenImage/Imports: cache hit (VINF_SUCCESS) on \Device\HarddiskVolume2\Windows\System32\oleaut32.dll
1220.2010: supR3HardenedWinVerifyCacheProcessImportTodos: Processing 'ole32.dll'...
1220.2010: supR3HardenedWinVerifyCacheProcessImportTodos: 'ole32.dll' -> '\Device\HarddiskVolume2\Windows\System32\ole32.dll' [rcNtRedir=0xc0150008]
1220.2010: supR3HardenedScreenImage/Imports: cache hit (VINF_SUCCESS) on \Device\HarddiskVolume2\Windows\System32\ole32.dll
1220.2010: supR3HardenedWinVerifyCacheProcessImportTodos: Processing 'advapi32.dll'...
1220.2010: supR3HardenedWinVerifyCacheProcessImportTodos: 'advapi32.dll' -> '\Device\HarddiskVolume2\Windows\System32\advapi32.dll' [rcNtRedir=0xc0150008]
1220.2010: supR3HardenedScreenImage/Imports: cache hit (VINF_SUCCESS) on \Device\HarddiskVolume2\Windows\System32\advapi32.dll
1220.2010: supR3HardenedMonitor_LdrLoadDll: pName=C:\Program Files\Oracle\VirtualBox\VBoxC.dll (rcNtResolve=0xc0150008) *pfFlags=0x0 pwszSearchPath=0000000000002009:<flags> [calling]
1220.2010: supR3HardenedScreenImage/NtCreateSection: cache hit (VINF_SUCCESS) on \Device\HarddiskVolume2\Program Files\Oracle\VirtualBox\VBoxC.dll
1220.2010: supR3HardenedDllNotificationCallback: load   00007ffcd4540000 LB 0x00435000 C:\Program Files\Oracle\VirtualBox\VBoxC.dll [fFlags=0x0]
1220.2010: supR3HardenedScreenImage/LdrLoadDll: cache hit (VINF_SUCCESS) on \Device\HarddiskVolume2\Program Files\Oracle\VirtualBox\VBoxC.dll
1220.2010: supR3HardenedMonitor_LdrLoadDll: returns rcNt=0x0 hMod=00007ffcd4540000 'C:\Program Files\Oracle\VirtualBox\VBoxC.dll'
1220.2010: supR3HardenedMonitor_LdrLoadDll: returns rcNt=0x0 hMod=00007ffd5fd10000 'C:\Windows\system32\rsaenh.dll'
1220.2010: supR3HardenedMonitor_LdrLoadDll: returns rcNt=0x0 hMod=00007ffd60e40000 'C:\Windows\System32\crypt32.dll'
1220.2010: supR3HardenedWinVerifyCacheScheduleImports: Import todo: #4 'advapi32.dll'.
1220.2010: supR3HardenedWinVerifyCacheScheduleImports: Import todo: #5 'shlwapi.dll'.
1220.2010: supR3HardenedWinVerifyCacheScheduleImports: Import todo: #6 'ole32.dll'.
1220.2010: supR3HardenedWinVerifyCacheScheduleImports: Import todo: #7 'oleaut32.dll'.
1220.2010: supR3HardenedWinVerifyCacheScheduleImports: Import todo: #8 'rpcrt4.dll'.
1220.2010: supR3HardenedWinVerifyCacheScheduleImports: Import todo: #9 'vcruntime140.dll'.
1220.2010: supR3HardenedWinVerifyCacheScheduleImports: Import todo: #10 'vboxrt.dll'.
1220.2010: supHardenedWinVerifyImageByHandle: -> 0 (\Device\HarddiskVolume2\Program Files\Oracle\VirtualBox\VBoxProxyStub.dll) WinVerifyTrust
1220.2010: supR3HardenedWinVerifyCacheInsert: \Device\HarddiskVolume2\Program Files\Oracle\VirtualBox\VBoxProxyStub.dll
1220.2010: supR3HardenedWinVerifyCacheProcessImportTodos: Processing 'vboxrt.dll'...
1220.2010: supR3HardenedWinVerifyCacheProcessImportTodos: 'vboxrt.dll' -> '\Device\HarddiskVolume2\Program Files\Oracle\VirtualBox\vboxrt.dll' [rcNtRedir=0xc0150008]
1220.2010: supR3HardenedWinVerifyCacheProcessImportTodos: Processing 'vcruntime140.dll'...
1220.2010: supR3HardenedWinVerifyCacheProcessImportTodos: 'vcruntime140.dll' -> '\Device\HarddiskVolume2\Windows\System32\vcruntime140.dll' [rcNtRedir=0xc0150008]
1220.2010: supR3HardenedWinVerifyCacheProcessImportTodos: Processing 'rpcrt4.dll'...
1220.2010: supR3HardenedWinVerifyCacheProcessImportTodos: 'rpcrt4.dll' -> '\Device\HarddiskVolume2\Windows\System32\rpcrt4.dll' [rcNtRedir=0xc0150008]
1220.2010: supR3HardenedWinVerifyCacheProcessImportTodos: Processing 'oleaut32.dll'...
1220.2010: supR3HardenedWinVerifyCacheProcessImportTodos: 'oleaut32.dll' -> '\Device\HarddiskVolume2\Windows\System32\oleaut32.dll' [rcNtRedir=0xc0150008]
1220.2010: supR3HardenedWinVerifyCacheProcessImportTodos: Processing 'ole32.dll'...
1220.2010: supR3HardenedWinVerifyCacheProcessImportTodos: 'ole32.dll' -> '\Device\HarddiskVolume2\Windows\System32\ole32.dll' [rcNtRedir=0xc0150008]
1220.2010: supR3HardenedScreenImage/Imports: cache hit (VINF_SUCCESS) on \Device\HarddiskVolume2\Windows\System32\ole32.dll
1220.2010: supR3HardenedWinVerifyCacheProcessImportTodos: Processing 'shlwapi.dll'...
1220.2010: supR3HardenedWinVerifyCacheProcessImportTodos: 'shlwapi.dll' -> '\Device\HarddiskVolume2\Windows\System32\shlwapi.dll' [rcNtRedir=0xc0150008]
1220.2010: supR3HardenedScreenImage/Imports: cache hit (VINF_SUCCESS) on \Device\HarddiskVolume2\Windows\System32\shlwapi.dll
1220.2010: supR3HardenedWinVerifyCacheProcessImportTodos: Processing 'advapi32.dll'...
1220.2010: supR3HardenedWinVerifyCacheProcessImportTodos: 'advapi32.dll' -> '\Device\HarddiskVolume2\Windows\System32\advapi32.dll' [rcNtRedir=0xc0150008]
1220.2010: supR3HardenedScreenImage/Imports: cache hit (VINF_SUCCESS) on \Device\HarddiskVolume2\Windows\System32\advapi32.dll
1220.2010: supR3HardenedMonitor_LdrLoadDll: pName=C:\Program Files\Oracle\VirtualBox\VBoxProxyStub.dll (rcNtResolve=0xc0150008) *pfFlags=0x0 pwszSearchPath=0000000000002009:<flags> [calling]
1220.2010: supR3HardenedScreenImage/NtCreateSection: cache hit (VINF_SUCCESS) on \Device\HarddiskVolume2\Program Files\Oracle\VirtualBox\VBoxProxyStub.dll
1220.2010: supR3HardenedDllNotificationCallback: load   00007ffcd8aa0000 LB 0x000eb000 C:\Program Files\Oracle\VirtualBox\VBoxProxyStub.dll [fFlags=0x0]
1220.2010: supR3HardenedScreenImage/LdrLoadDll: cache hit (VINF_SUCCESS) on \Device\HarddiskVolume2\Program Files\Oracle\VirtualBox\VBoxProxyStub.dll
1220.2010: supR3HardenedMonitor_LdrLoadDll: returns rcNt=0x0 hMod=00007ffcd8aa0000 'C:\Program Files\Oracle\VirtualBox\VBoxProxyStub.dll'
1220.2010: supR3HardenedMonitor_LdrLoadDll: returns rcNt=0x0 hMod=00007ffd62e80000 'C:\Windows\System32\oleaut32.dll'
1220.aa8: '\Device\HarddiskVolume2\Windows\System32\tzres.dll' has no imports
1220.aa8: supHardenedWinVerifyImageByHandle: -> 22900 (\Device\HarddiskVolume2\Windows\System32\tzres.dll)
1220.aa8: supR3HardenedWinVerifyCacheInsert: \Device\HarddiskVolume2\Windows\System32\tzres.dll
1220.aa8: supR3HardenedMonitor_NtCreateSection: NtMapViewOfSection failed on 0000000000000914 (hFile=000000000000090c) with 0xc0000022 -> STATUS_TRUST_FAILURE
1220.aa8: supR3HardenedScreenImage/NtCreateSection: cache hit (22900) on \Device\HarddiskVolume2\Windows\System32\tzres.dll [avoiding WinVerifyTrust]
1220.aa8: supR3HardenedMonitor_NtCreateSection: NtMapViewOfSection failed on 000000000000090c (hFile=0000000000000914) with 0xc0000022 -> STATUS_TRUST_FAILURE
1220.1938: supR3HardNtViCallWinVerifyTrustCatFile: hFile=0000000000000910 pwszName=\Device\HarddiskVolume2\Windows\System32\tzres.dll
1220.1938: supR3HardNtViCallWinVerifyTrustCatFile: Cached context 000002d66764e610
1220.1938: supR3HardNtViCallWinVerifyTrustCatFile: hCatAdmin=000002d66764e610
1220.1938: supR3HardNtViCallWinVerifyTrustCatFile: cbHash=20 wszDigest=81BC6EAAED86CFB4B3057D2BFCB133ACB51C2EFC
1220.1938: supR3HardenedMonitor_LdrLoadDll: returns rcNt=0x0 hMod=00007ffd5fd10000 'C:\Windows\system32\rsaenh.dll'
1220.1938: supR3HardenedMonitor_LdrLoadDll: returns rcNt=0x0 hMod=00007ffd60e40000 'C:\Windows\System32\crypt32.dll'
1220.1938: supR3HardNtViCallWinVerifyTrustCatFile: WinVerifyTrust => 0x0; cat='C:\Windows\system32\CatRoot\{F750E6C3-38EE-11D1-85E5-00C04FC295EE}\Microsoft-Windows-Client-Desktop-Required-Package0516~31bf3856ad364e35~amd64~~10.0.19041.6456.cat'; file='\Device\HarddiskVolume2\Windows\System32\tzres.dll'
1220.1938: supR3HardNtViCallWinVerifyTrustCatFile -> 0 (org 22900)
1220.1938: supR3HardenedWinVerifyCacheProcessWvtTodos: 0 (was 22900) fWinVerifyTrust=1 for '\Device\HarddiskVolume2\Windows\System32\tzres.dll'
1220.1938: supR3HardenedMonitor_LdrLoadDll: returns rcNt=0x0 hMod=00007ffd5fd10000 'C:\Windows\system32\rsaenh.dll'
1220.1938: supR3HardenedMonitor_LdrLoadDll: returns rcNt=0x0 hMod=00007ffd60e40000 'C:\Windows\System32\crypt32.dll'
1220.1938: supR3HardenedWinVerifyCacheScheduleImports: Import todo: #0 'vboxrt.dll'.
1220.1938: supR3HardenedWinVerifyCacheScheduleImports: Import todo: #5 'vcruntime140.dll'.
1220.1938: supR3HardenedWinVerifyCacheScheduleImports: Import todo: #6 'vcruntime140_1.dll'.
1220.1938: supHardenedWinVerifyImageByHandle: -> 0 (\Device\HarddiskVolume2\Program Files\Oracle\VirtualBox\VBoxVMM.dll) WinVerifyTrust
1220.1938: supR3HardenedWinVerifyCacheInsert: \Device\HarddiskVolume2\Program Files\Oracle\VirtualBox\VBoxVMM.dll
1220.1938: supR3HardenedWinVerifyCacheProcessImportTodos: Processing 'vcruntime140_1.dll'...
1220.1938: supR3HardenedWinVerifyCacheProcessImportTodos: 'vcruntime140_1.dll' -> '\Device\HarddiskVolume2\Windows\System32\vcruntime140_1.dll' [rcNtRedir=0xc0150008]
1220.1938: supR3HardenedWinVerifyCacheProcessImportTodos: Processing 'vcruntime140.dll'...
1220.1938: supR3HardenedWinVerifyCacheProcessImportTodos: 'vcruntime140.dll' -> '\Device\HarddiskVolume2\Windows\System32\vcruntime140.dll' [rcNtRedir=0xc0150008]
1220.1938: supR3HardenedWinVerifyCacheProcessImportTodos: Processing 'vboxrt.dll'...
1220.1938: supR3HardenedWinVerifyCacheProcessImportTodos: 'vboxrt.dll' -> '\Device\HarddiskVolume2\Program Files\Oracle\VirtualBox\vboxrt.dll' [rcNtRedir=0xc0150008]
1220.1938: supR3HardenedMonitor_LdrLoadDll: pName=C:\Program Files\Oracle\VirtualBox\VBoxVMM.DLL (rcNtResolve=0xc0150008) *pfFlags=0x0 pwszSearchPath=0000000000000001:<flags> [calling]
1220.1938: supR3HardenedScreenImage/NtCreateSection: cache hit (VINF_SUCCESS) on \Device\HarddiskVolume2\Program Files\Oracle\VirtualBox\VBoxVMM.dll
1220.1938: supR3HardenedDllNotificationCallback: load   00007ffccc4b0000 LB 0x005b7000 C:\Program Files\Oracle\VirtualBox\VBoxVMM.DLL [fFlags=0x0]
1220.1938: supR3HardenedScreenImage/LdrLoadDll: cache hit (VINF_SUCCESS) on \Device\HarddiskVolume2\Program Files\Oracle\VirtualBox\VBoxVMM.dll
1220.1938: supR3HardenedMonitor_LdrLoadDll: returns rcNt=0x0 hMod=00007ffccc4b0000 'C:\Program Files\Oracle\VirtualBox\VBoxVMM.DLL'
1220.aa8: \Device\HarddiskVolume2\Windows\System32\DriverStore\FileRepository\u0381941.inf_amd64_e1aaf87b06e2b6d9\B380668\aticfx64.dll: Signature #1/4: info status: 24202
1220.aa8: supR3HardenedMonitor_LdrLoadDll: returns rcNt=0x0 hMod=00007ffd5fd10000 'C:\Windows\system32\rsaenh.dll'
1220.aa8: supR3HardenedMonitor_LdrLoadDll: returns rcNt=0x0 hMod=00007ffd60e40000 'C:\Windows\System32\crypt32.dll'
1220.aa8: supR3HardenedMonitor_LdrLoadDll: returns rcNt=0x0 hMod=00007ffd435d0000 'C:\Windows\System32\cryptnet.dll'
1220.aa8: supR3HardenedMonitor_LdrLoadDll: returns rcNt=0x0 hMod=00007ffd60e40000 'C:\Windows\System32\crypt32.dll'
1220.aa8: supR3HardenedWinVerifyCacheScheduleImports: Import todo: #1 'user32.dll'.
1220.aa8: supR3HardenedWinVerifyCacheScheduleImports: Import todo: #2 'advapi32.dll'.
1220.aa8: supR3HardenedWinVerifyCacheScheduleImports: Import todo: #3 'version.dll'.
1220.aa8: supR3HardenedWinVerifyCacheScheduleImports: Import todo: #4 'winmm.dll'.
1220.aa8: supHardenedWinVerifyImageByHandle: -> 0 (\Device\HarddiskVolume2\Windows\System32\DriverStore\FileRepository\u0381941.inf_amd64_e1aaf87b06e2b6d9\B380668\aticfx64.dll) WinVerifyTrust
1220.aa8: supR3HardenedWinVerifyCacheInsert: \Device\HarddiskVolume2\Windows\System32\DriverStore\FileRepository\u0381941.inf_amd64_e1aaf87b06e2b6d9\B380668\aticfx64.dll
1220.aa8: supR3HardenedWinVerifyCacheProcessImportTodos: Processing 'winmm.dll'...
1220.aa8: supR3HardenedWinVerifyCacheProcessImportTodos: 'winmm.dll' -> '\Device\HarddiskVolume2\Windows\System32\winmm.dll' [rcNtRedir=0xc0150008]
1220.aa8: supR3HardenedScreenImage/Imports: cache hit (VINF_SUCCESS) on \Device\HarddiskVolume2\Windows\System32\winmm.dll
1220.aa8: supR3HardenedWinVerifyCacheProcessImportTodos: Processing 'version.dll'...
1220.aa8: supR3HardenedWinVerifyCacheProcessImportTodos: 'version.dll' -> '\Device\HarddiskVolume2\Windows\System32\version.dll' [rcNtRedir=0xc0150008]
1220.aa8: supR3HardenedScreenImage/Imports: cache hit (VINF_SUCCESS) on \Device\HarddiskVolume2\Windows\System32\version.dll
1220.aa8: supR3HardenedWinVerifyCacheProcessImportTodos: Processing 'advapi32.dll'...
1220.aa8: supR3HardenedWinVerifyCacheProcessImportTodos: 'advapi32.dll' -> '\Device\HarddiskVolume2\Windows\System32\advapi32.dll' [rcNtRedir=0xc0150008]
1220.aa8: supR3HardenedWinVerifyCacheProcessImportTodos: Processing 'user32.dll'...
1220.aa8: supR3HardenedWinVerifyCacheProcessImportTodos: 'user32.dll' -> '\Device\HarddiskVolume2\Windows\System32\user32.dll' [rcNtRedir=0xc0150008]
1220.aa8: supR3HardenedMonitor_LdrLoadDll: pName=C:\Windows\System32\DriverStore\FileRepository\u0381941.inf_amd64_e1aaf87b06e2b6d9\B380668\aticfx64.dll (rcNtResolve=0xc0150008) *pfFlags=0x0 pwszSearchPath=0000000000000001:<flags> [calling]
1220.aa8: supR3HardenedScreenImage/NtCreateSection: cache hit (VINF_SUCCESS) on \Device\HarddiskVolume2\Windows\System32\DriverStore\FileRepository\u0381941.inf_amd64_e1aaf87b06e2b6d9\B380668\aticfx64.dll
1220.aa8: supR3HardenedDllNotificationCallback: load   00007ffd57b30000 LB 0x001bb000 C:\Windows\System32\DriverStore\FileRepository\u0381941.inf_amd64_e1aaf87b06e2b6d9\B380668\aticfx64.dll [fFlags=0x0]
1220.aa8: supR3HardenedScreenImage/LdrLoadDll: cache hit (VINF_SUCCESS) on \Device\HarddiskVolume2\Windows\System32\DriverStore\FileRepository\u0381941.inf_amd64_e1aaf87b06e2b6d9\B380668\aticfx64.dll
1220.aa8: supR3HardenedIsApiSetDll: ApiSetQueryApiSetPresence(api-ms-win-core-synch-l1-2-0) -> 0x0, fPresent=1
1220.aa8: supR3HardenedMonitor_LdrLoadDll: pName=api-ms-win-core-synch-l1-2-0 (rcNtResolve=0x0) *pfFlags=0x0 pwszSearchPath=0000000000000801:<flags> [calling]
1220.aa8: supR3HardenedMonitor_LdrLoadDll: returns rcNt=0x0 hMod=00007ffd61350000 'api-ms-win-core-synch-l1-2-0'
1220.aa8: supR3HardenedIsApiSetDll: ApiSetQueryApiSetPresence(api-ms-win-core-fibers-l1-1-1) -> 0x0, fPresent=1
1220.aa8: supR3HardenedMonitor_LdrLoadDll: pName=api-ms-win-core-fibers-l1-1-1 (rcNtResolve=0x0) *pfFlags=0x0 pwszSearchPath=0000000000000801:<flags> [calling]
1220.aa8: supR3HardenedMonitor_LdrLoadDll: returns rcNt=0x0 hMod=00007ffd61350000 'api-ms-win-core-fibers-l1-1-1'
1220.aa8: supR3HardenedIsApiSetDll: ApiSetQueryApiSetPresence(api-ms-win-core-synch-l1-2-0) -> 0x0, fPresent=1
1220.aa8: supR3HardenedMonitor_LdrLoadDll: pName=api-ms-win-core-synch-l1-2-0 (rcNtResolve=0x0) *pfFlags=0x0 pwszSearchPath=0000000000000801:<flags> [calling]
1220.aa8: supR3HardenedMonitor_LdrLoadDll: returns rcNt=0x0 hMod=00007ffd61350000 'api-ms-win-core-synch-l1-2-0'
1220.aa8: supR3HardenedScreenImage/LdrLoadDll: cache hit (VINF_SUCCESS) on \Device\HarddiskVolume2\Windows\System32\kernel32.dll
1220.aa8: supR3HardenedMonitor_LdrLoadDll: pName=C:\Windows\System32\kernel32.dll (Input=kernel32, rcNtResolve=0xc0150008) *pfFlags=0x0 pwszSearchPath=0000000000000801:<flags> [calling]
1220.aa8: supR3HardenedMonitor_LdrLoadDll: returns rcNt=0x0 hMod=00007ffd61a60000 'C:\Windows\System32\kernel32.dll'
1220.aa8: supR3HardenedMonitor_LdrLoadDll: returns rcNt=0x0 hMod=00007ffd57b30000 'C:\Windows\System32\DriverStore\FileRepository\u0381941.inf_amd64_e1aaf87b06e2b6d9\B380668\aticfx64.dll'
1220.aa8: supR3HardenedScreenImage/LdrLoadDll: cache hit (VINF_SUCCESS) on \Device\HarddiskVolume2\Windows\System32\dwmapi.dll
1220.aa8: supR3HardenedMonitor_LdrLoadDll: pName=C:\Windows\System32\dwmapi.dll (Input=dwmapi.dll, rcNtResolve=0xc0150008) *pfFlags=0x0 pwszSearchPath=0000000000000801:<flags> [calling]
1220.aa8: supR3HardenedMonitor_LdrLoadDll: returns rcNt=0x0 hMod=00007ffd5e9f0000 'C:\Windows\System32\dwmapi.dll'
1220.aa8: \Device\HarddiskVolume2\Windows\System32\DriverStore\FileRepository\u0381941.inf_amd64_e1aaf87b06e2b6d9\B380668\atiu9p64.dll: Signature #1/4: info status: 24202
1220.aa8: supR3HardenedMonitor_LdrLoadDll: returns rcNt=0x0 hMod=00007ffd5fd10000 'C:\Windows\system32\rsaenh.dll'
1220.aa8: supR3HardenedMonitor_LdrLoadDll: returns rcNt=0x0 hMod=00007ffd60e40000 'C:\Windows\System32\crypt32.dll'
1220.aa8: supR3HardenedMonitor_LdrLoadDll: returns rcNt=0x0 hMod=00007ffd60e40000 'C:\Windows\System32\crypt32.dll'
1220.aa8: supR3HardenedWinVerifyCacheScheduleImports: Import todo: #1 'version.dll'.
1220.aa8: supR3HardenedWinVerifyCacheScheduleImports: Import todo: #2 'advapi32.dll'.
1220.aa8: supHardenedWinVerifyImageByHandle: -> 0 (\Device\HarddiskVolume2\Windows\System32\DriverStore\FileRepository\u0381941.inf_amd64_e1aaf87b06e2b6d9\B380668\atiu9p64.dll) WinVerifyTrust
1220.aa8: supR3HardenedWinVerifyCacheInsert: \Device\HarddiskVolume2\Windows\System32\DriverStore\FileRepository\u0381941.inf_amd64_e1aaf87b06e2b6d9\B380668\atiu9p64.dll
1220.aa8: supR3HardenedWinVerifyCacheProcessImportTodos: Processing 'advapi32.dll'...
1220.aa8: supR3HardenedWinVerifyCacheProcessImportTodos: 'advapi32.dll' -> '\Device\HarddiskVolume2\Windows\System32\advapi32.dll' [rcNtRedir=0xc0150008]
1220.aa8: supR3HardenedWinVerifyCacheProcessImportTodos: Processing 'version.dll'...
1220.aa8: supR3HardenedWinVerifyCacheProcessImportTodos: 'version.dll' -> '\Device\HarddiskVolume2\Windows\System32\version.dll' [rcNtRedir=0xc0150008]
1220.aa8: supR3HardenedScreenImage/Imports: cache hit (VINF_SUCCESS) on \Device\HarddiskVolume2\Windows\System32\version.dll
1220.aa8: supR3HardenedMonitor_LdrLoadDll: pName=C:\Windows\System32\DriverStore\FileRepository\u0381941.inf_amd64_e1aaf87b06e2b6d9\B380668\atiu9p64.dll (rcNtResolve=0xc0150008) *pfFlags=0x0 pwszSearchPath=0000000000000001:<flags> [calling]
1220.aa8: supR3HardenedScreenImage/NtCreateSection: cache hit (VINF_SUCCESS) on \Device\HarddiskVolume2\Windows\System32\DriverStore\FileRepository\u0381941.inf_amd64_e1aaf87b06e2b6d9\B380668\atiu9p64.dll
1220.aa8: supR3HardenedDllNotificationCallback: load   00007ffd43100000 LB 0x00034000 C:\Windows\System32\DriverStore\FileRepository\u0381941.inf_amd64_e1aaf87b06e2b6d9\B380668\atiu9p64.dll [fFlags=0x0]
1220.aa8: supR3HardenedScreenImage/LdrLoadDll: cache hit (VINF_SUCCESS) on \Device\HarddiskVolume2\Windows\System32\DriverStore\FileRepository\u0381941.inf_amd64_e1aaf87b06e2b6d9\B380668\atiu9p64.dll
1220.aa8: supR3HardenedIsApiSetDll: ApiSetQueryApiSetPresence(api-ms-win-core-synch-l1-2-0) -> 0x0, fPresent=1
1220.aa8: supR3HardenedMonitor_LdrLoadDll: pName=api-ms-win-core-synch-l1-2-0 (rcNtResolve=0x0) *pfFlags=0x0 pwszSearchPath=0000000000000801:<flags> [calling]
1220.aa8: supR3HardenedMonitor_LdrLoadDll: returns rcNt=0x0 hMod=00007ffd61350000 'api-ms-win-core-synch-l1-2-0'
1220.aa8: supR3HardenedIsApiSetDll: ApiSetQueryApiSetPresence(api-ms-win-core-fibers-l1-1-1) -> 0x0, fPresent=1
1220.aa8: supR3HardenedMonitor_LdrLoadDll: pName=api-ms-win-core-fibers-l1-1-1 (rcNtResolve=0x0) *pfFlags=0x0 pwszSearchPath=0000000000000801:<flags> [calling]
1220.aa8: supR3HardenedMonitor_LdrLoadDll: returns rcNt=0x0 hMod=00007ffd61350000 'api-ms-win-core-fibers-l1-1-1'
1220.aa8: supR3HardenedIsApiSetDll: ApiSetQueryApiSetPresence(api-ms-win-core-synch-l1-2-0) -> 0x0, fPresent=1
1220.aa8: supR3HardenedMonitor_LdrLoadDll: pName=api-ms-win-core-synch-l1-2-0 (rcNtResolve=0x0) *pfFlags=0x0 pwszSearchPath=0000000000000801:<flags> [calling]
1220.aa8: supR3HardenedMonitor_LdrLoadDll: returns rcNt=0x0 hMod=00007ffd61350000 'api-ms-win-core-synch-l1-2-0'
1220.aa8: supR3HardenedScreenImage/LdrLoadDll: cache hit (VINF_SUCCESS) on \Device\HarddiskVolume2\Windows\System32\kernel32.dll
1220.aa8: supR3HardenedMonitor_LdrLoadDll: pName=C:\Windows\System32\kernel32.dll (Input=kernel32, rcNtResolve=0xc0150008) *pfFlags=0x0 pwszSearchPath=0000000000000801:<flags> [calling]
1220.aa8: supR3HardenedMonitor_LdrLoadDll: returns rcNt=0x0 hMod=00007ffd61a60000 'C:\Windows\System32\kernel32.dll'
1220.aa8: supR3HardenedMonitor_LdrLoadDll: returns rcNt=0x0 hMod=00007ffd43100000 'C:\Windows\System32\DriverStore\FileRepository\u0381941.inf_amd64_e1aaf87b06e2b6d9\B380668\atiu9p64.dll'
1220.aa8: supR3HardenedScreenImage/LdrLoadDll: cache hit (VINF_SUCCESS) on \Device\HarddiskVolume2\Windows\System32\kernel32.dll
1220.aa8: supR3HardenedMonitor_LdrLoadDll: pName=C:\Windows\System32\Kernel32.dll (Input=Kernel32.dll, rcNtResolve=0xc0150008) *pfFlags=0x0 pwszSearchPath=0000000000000001:<flags> [calling]
1220.aa8: supR3HardenedMonitor_LdrLoadDll: returns rcNt=0x0 hMod=00007ffd61a60000 'C:\Windows\System32\Kernel32.dll'
1220.aa8: \Device\HarddiskVolume2\Windows\System32\DriverStore\FileRepository\u0381941.inf_amd64_e1aaf87b06e2b6d9\B380668\atiumd64.dll: Signature #1/4: info status: 24202
1220.aa8: supR3HardenedMonitor_LdrLoadDll: returns rcNt=0x0 hMod=00007ffd5fd10000 'C:\Windows\system32\rsaenh.dll'
1220.aa8: supR3HardenedMonitor_LdrLoadDll: returns rcNt=0x0 hMod=00007ffd60e40000 'C:\Windows\System32\crypt32.dll'
1220.aa8: supR3HardenedMonitor_LdrLoadDll: returns rcNt=0x0 hMod=00007ffd60e40000 'C:\Windows\System32\crypt32.dll'
1220.aa8: supR3HardenedWinVerifyCacheScheduleImports: Import todo: #0 'winmm.dll'.
1220.aa8: supR3HardenedWinVerifyCacheScheduleImports: Import todo: #2 'user32.dll'.
1220.aa8: supR3HardenedWinVerifyCacheScheduleImports: Import todo: #3 'shell32.dll'.
1220.aa8: supR3HardenedWinVerifyCacheScheduleImports: Import todo: #4 'advapi32.dll'.
1220.aa8: supR3HardenedWinVerifyCacheScheduleImports: Import todo: #5 'dbghelp.dll'.
1220.aa8: supR3HardenedWinVerifyCacheScheduleImports: Import todo: #6 'ole32.dll'.
1220.aa8: supHardenedWinVerifyImageByHandle: -> 0 (\Device\HarddiskVolume2\Windows\System32\DriverStore\FileRepository\u0381941.inf_amd64_e1aaf87b06e2b6d9\B380668\atiumd64.dll) WinVerifyTrust
1220.aa8: supR3HardenedWinVerifyCacheInsert: \Device\HarddiskVolume2\Windows\System32\DriverStore\FileRepository\u0381941.inf_amd64_e1aaf87b06e2b6d9\B380668\atiumd64.dll
1220.aa8: supR3HardenedWinVerifyCacheProcessImportTodos: Processing 'ole32.dll'...
1220.aa8: supR3HardenedWinVerifyCacheProcessImportTodos: 'ole32.dll' -> '\Device\HarddiskVolume2\Windows\System32\ole32.dll' [rcNtRedir=0xc0150008]
1220.aa8: supR3HardenedWinVerifyCacheProcessImportTodos: Processing 'dbghelp.dll'...
1220.aa8: supR3HardenedWinVerifyCacheProcessImportTodos: 'dbghelp.dll' -> '\Device\HarddiskVolume2\Windows\System32\dbghelp.dll' [rcNtRedir=0xc0150008]
1220.aa8: supR3HardNtViCallWinVerifyTrustCatFile: hFile=0000000000000bb8 pwszName=\Device\HarddiskVolume2\Windows\System32\dbghelp.dll
1220.aa8: supR3HardNtViCallWinVerifyTrustCatFile: Cached context 000002d66764e610
1220.aa8: supR3HardNtViCallWinVerifyTrustCatFile: hCatAdmin=000002d66764e610
1220.aa8: supR3HardNtViCallWinVerifyTrustCatFile: cbHash=20 wszDigest=D72D2A1A37DD152BE8B68BAA1E81B29A39DBD32D
1220.aa8: supR3HardenedMonitor_LdrLoadDll: returns rcNt=0x0 hMod=00007ffd5fd10000 'C:\Windows\system32\rsaenh.dll'
1220.aa8: supR3HardenedMonitor_LdrLoadDll: returns rcNt=0x0 hMod=00007ffd60e40000 'C:\Windows\System32\crypt32.dll'
1220.aa8: supR3HardNtViCallWinVerifyTrustCatFile: WinVerifyTrust => 0x0; cat='C:\Windows\system32\CatRoot\{F750E6C3-38EE-11D1-85E5-00C04FC295EE}\Microsoft-Windows-Client-Desktop-Required-Package0516~31bf3856ad364e35~amd64~~10.0.19041.6456.cat'; file='\Device\HarddiskVolume2\Windows\System32\dbghelp.dll'
1220.aa8: supR3HardNtViCallWinVerifyTrustCatFile -> 0 (org 22900)
1220.aa8: supHardenedWinVerifyImageByHandle: -> 0 (\Device\HarddiskVolume2\Windows\System32\dbghelp.dll) WinVerifyTrust
1220.aa8: supR3HardenedWinVerifyCacheInsert: \Device\HarddiskVolume2\Windows\System32\dbghelp.dll
1220.aa8: supR3HardenedWinVerifyCacheProcessImportTodos: Processing 'advapi32.dll'...
1220.aa8: supR3HardenedWinVerifyCacheProcessImportTodos: 'advapi32.dll' -> '\Device\HarddiskVolume2\Windows\System32\advapi32.dll' [rcNtRedir=0xc0150008]
1220.aa8: supR3HardenedWinVerifyCacheProcessImportTodos: Processing 'shell32.dll'...
1220.aa8: supR3HardenedWinVerifyCacheProcessImportTodos: 'shell32.dll' -> '\Device\HarddiskVolume2\Windows\System32\shell32.dll' [rcNtRedir=0xc0150008]
1220.aa8: supR3HardenedScreenImage/Imports: cache hit (VINF_SUCCESS) on \Device\HarddiskVolume2\Windows\System32\shell32.dll
1220.aa8: supR3HardenedWinVerifyCacheProcessImportTodos: Processing 'user32.dll'...
1220.aa8: supR3HardenedWinVerifyCacheProcessImportTodos: 'user32.dll' -> '\Device\HarddiskVolume2\Windows\System32\user32.dll' [rcNtRedir=0xc0150008]
1220.aa8: supR3HardenedWinVerifyCacheProcessImportTodos: Processing 'winmm.dll'...
1220.aa8: supR3HardenedWinVerifyCacheProcessImportTodos: 'winmm.dll' -> '\Device\HarddiskVolume2\Windows\System32\winmm.dll' [rcNtRedir=0xc0150008]
1220.aa8: supR3HardenedScreenImage/Imports: cache hit (VINF_SUCCESS) on \Device\HarddiskVolume2\Windows\System32\winmm.dll
1220.aa8: supR3HardenedMonitor_LdrLoadDll: pName=C:\Windows\System32\DriverStore\FileRepository\u0381941.inf_amd64_e1aaf87b06e2b6d9\B380668\atiumd64.dll (rcNtResolve=0xc0150008) *pfFlags=0x0 pwszSearchPath=0000000000000001:<flags> [calling]
1220.aa8: supR3HardenedScreenImage/NtCreateSection: cache hit (VINF_SUCCESS) on \Device\HarddiskVolume2\Windows\System32\DriverStore\FileRepository\u0381941.inf_amd64_e1aaf87b06e2b6d9\B380668\atiumd64.dll
1220.aa8: supR3HardenedScreenImage/NtCreateSection: cache hit (VINF_SUCCESS) on \Device\HarddiskVolume2\Windows\System32\dbghelp.dll
1220.aa8: supHardenedWinVerifyImageByHandle: -> 22900 (\Device\HarddiskVolume2\Windows\System32\dbgcore.dll)
1220.aa8: supR3HardenedWinVerifyCacheInsert: \Device\HarddiskVolume2\Windows\System32\dbgcore.dll
1220.aa8: supR3HardenedDllNotificationCallback: load   00007ffd5af80000 LB 0x00201000 C:\Windows\SYSTEM32\dbghelp.dll [fFlags=0x0]
1220.aa8: supR3HardenedScreenImage/LdrLoadDll: cache hit (VINF_SUCCESS) on \Device\HarddiskVolume2\Windows\System32\dbghelp.dll
1220.aa8: supR3HardenedDllNotificationCallback: load   00007ffd4b230000 LB 0x00034000 C:\Windows\SYSTEM32\dbgcore.DLL [fFlags=0x0]
1220.aa8: supR3HardenedScreenImage/LdrLoadDll: cache hit (22900) on \Device\HarddiskVolume2\Windows\System32\dbgcore.dll [avoiding WinVerifyTrust]
1220.aa8: supR3HardenedDllNotificationCallback: load   00007ffccb750000 LB 0x00d55000 C:\Windows\System32\DriverStore\FileRepository\u0381941.inf_amd64_e1aaf87b06e2b6d9\B380668\atiumd64.dll [fFlags=0x0]
1220.aa8: supR3HardenedScreenImage/LdrLoadDll: cache hit (VINF_SUCCESS) on \Device\HarddiskVolume2\Windows\System32\DriverStore\FileRepository\u0381941.inf_amd64_e1aaf87b06e2b6d9\B380668\atiumd64.dll
1220.aa8: Detected loader lock ownership: rc=22900 '\Device\HarddiskVolume2\Windows\System32\dbgcore.dll'.
1220.aa8: supR3HardenedWinVerifyCacheProcessWvtTodos: 22900 (was 22900) fWinVerifyTrust=0 for '\Device\HarddiskVolume2\Windows\System32\dbgcore.dll' [rescheduled]
1220.aa8: supR3HardenedIsApiSetDll: ApiSetQueryApiSetPresence(api-ms-win-core-file-l1-2-1.dll) -> 0x0, fPresent=1
1220.aa8: supR3HardenedMonitor_LdrLoadDll: pName=api-ms-win-core-file-l1-2-1.dll (rcNtResolve=0x0) *pfFlags=0x0 pwszSearchPath=0000000000000001:<flags> [calling]
1220.aa8: supR3HardenedMonitor_LdrLoadDll: returns rcNt=0x0 hMod=00007ffd61350000 'api-ms-win-core-file-l1-2-1.dll'
1220.aa8: Detected loader lock ownership: rc=22900 '\Device\HarddiskVolume2\Windows\System32\dbgcore.dll'.
1220.aa8: supR3HardenedWinVerifyCacheProcessWvtTodos: 22900 (was 22900) fWinVerifyTrust=0 for '\Device\HarddiskVolume2\Windows\System32\dbgcore.dll' [rescheduled]
1220.aa8: Detected loader lock ownership: rc=22900 '\Device\HarddiskVolume2\Windows\System32\dbgcore.dll'.
1220.aa8: supR3HardenedWinVerifyCacheProcessWvtTodos: 22900 (was 22900) fWinVerifyTrust=0 for '\Device\HarddiskVolume2\Windows\System32\dbgcore.dll' [rescheduled]
1220.aa8: supR3HardenedIsApiSetDll: ApiSetQueryApiSetPresence(api-ms-win-core-synch-l1-2-0) -> 0x0, fPresent=1
1220.aa8: supR3HardenedMonitor_LdrLoadDll: pName=api-ms-win-core-synch-l1-2-0 (rcNtResolve=0x0) *pfFlags=0x0 pwszSearchPath=0000000000000801:<flags> [calling]
1220.aa8: supR3HardenedMonitor_LdrLoadDll: returns rcNt=0x0 hMod=00007ffd61350000 'api-ms-win-core-synch-l1-2-0'
1220.aa8: Detected loader lock ownership: rc=22900 '\Device\HarddiskVolume2\Windows\System32\dbgcore.dll'.
1220.aa8: supR3HardenedWinVerifyCacheProcessWvtTodos: 22900 (was 22900) fWinVerifyTrust=0 for '\Device\HarddiskVolume2\Windows\System32\dbgcore.dll' [rescheduled]
1220.aa8: Detected loader lock ownership: rc=22900 '\Device\HarddiskVolume2\Windows\System32\dbgcore.dll'.
1220.aa8: supR3HardenedWinVerifyCacheProcessWvtTodos: 22900 (was 22900) fWinVerifyTrust=0 for '\Device\HarddiskVolume2\Windows\System32\dbgcore.dll' [rescheduled]
1220.aa8: supR3HardenedIsApiSetDll: ApiSetQueryApiSetPresence(api-ms-win-core-fibers-l1-1-1) -> 0x0, fPresent=1
1220.aa8: supR3HardenedMonitor_LdrLoadDll: pName=api-ms-win-core-fibers-l1-1-1 (rcNtResolve=0x0) *pfFlags=0x0 pwszSearchPath=0000000000000801:<flags> [calling]
1220.aa8: supR3HardenedMonitor_LdrLoadDll: returns rcNt=0x0 hMod=00007ffd61350000 'api-ms-win-core-fibers-l1-1-1'
1220.aa8: Detected loader lock ownership: rc=22900 '\Device\HarddiskVolume2\Windows\System32\dbgcore.dll'.
1220.aa8: supR3HardenedWinVerifyCacheProcessWvtTodos: 22900 (was 22900) fWinVerifyTrust=0 for '\Device\HarddiskVolume2\Windows\System32\dbgcore.dll' [rescheduled]
1220.aa8: Detected loader lock ownership: rc=22900 '\Device\HarddiskVolume2\Windows\System32\dbgcore.dll'.
1220.aa8: supR3HardenedWinVerifyCacheProcessWvtTodos: 22900 (was 22900) fWinVerifyTrust=0 for '\Device\HarddiskVolume2\Windows\System32\dbgcore.dll' [rescheduled]
1220.aa8: supR3HardenedIsApiSetDll: ApiSetQueryApiSetPresence(api-ms-win-core-synch-l1-2-0) -> 0x0, fPresent=1
1220.aa8: supR3HardenedMonitor_LdrLoadDll: pName=api-ms-win-core-synch-l1-2-0 (rcNtResolve=0x0) *pfFlags=0x0 pwszSearchPath=0000000000000801:<flags> [calling]
1220.aa8: supR3HardenedMonitor_LdrLoadDll: returns rcNt=0x0 hMod=00007ffd61350000 'api-ms-win-core-synch-l1-2-0'
1220.aa8: Detected loader lock ownership: rc=22900 '\Device\HarddiskVolume2\Windows\System32\dbgcore.dll'.
1220.aa8: supR3HardenedWinVerifyCacheProcessWvtTodos: 22900 (was 22900) fWinVerifyTrust=0 for '\Device\HarddiskVolume2\Windows\System32\dbgcore.dll' [rescheduled]
1220.aa8: Detected loader lock ownership: rc=22900 '\Device\HarddiskVolume2\Windows\System32\dbgcore.dll'.
1220.aa8: supR3HardenedWinVerifyCacheProcessWvtTodos: 22900 (was 22900) fWinVerifyTrust=0 for '\Device\HarddiskVolume2\Windows\System32\dbgcore.dll' [rescheduled]
1220.aa8: supR3HardenedScreenImage/LdrLoadDll: cache hit (VINF_SUCCESS) on \Device\HarddiskVolume2\Windows\System32\kernel32.dll
1220.aa8: supR3HardenedMonitor_LdrLoadDll: pName=C:\Windows\System32\kernel32.dll (Input=kernel32, rcNtResolve=0xc0150008) *pfFlags=0x0 pwszSearchPath=0000000000000801:<flags> [calling]
1220.aa8: supR3HardenedMonitor_LdrLoadDll: returns rcNt=0x0 hMod=00007ffd61a60000 'C:\Windows\System32\kernel32.dll'
1220.aa8: Detected loader lock ownership: rc=22900 '\Device\HarddiskVolume2\Windows\System32\dbgcore.dll'.
1220.aa8: supR3HardenedWinVerifyCacheProcessWvtTodos: 22900 (was 22900) fWinVerifyTrust=0 for '\Device\HarddiskVolume2\Windows\System32\dbgcore.dll' [rescheduled]
1220.aa8: Detected loader lock ownership: rc=22900 '\Device\HarddiskVolume2\Windows\System32\dbgcore.dll'.
1220.aa8: supR3HardenedWinVerifyCacheProcessWvtTodos: 22900 (was 22900) fWinVerifyTrust=0 for '\Device\HarddiskVolume2\Windows\System32\dbgcore.dll' [rescheduled]
1220.aa8: supR3HardenedIsApiSetDll: ApiSetQueryApiSetPresence(api-ms-win-core-string-l1-1-0) -> 0x0, fPresent=1
1220.aa8: supR3HardenedMonitor_LdrLoadDll: pName=api-ms-win-core-string-l1-1-0 (rcNtResolve=0x0) *pfFlags=0x0 pwszSearchPath=0000000000000801:<flags> [calling]
1220.aa8: supR3HardenedMonitor_LdrLoadDll: returns rcNt=0x0 hMod=00007ffd61350000 'api-ms-win-core-string-l1-1-0'
1220.aa8: Detected loader lock ownership: rc=22900 '\Device\HarddiskVolume2\Windows\System32\dbgcore.dll'.
1220.aa8: supR3HardenedWinVerifyCacheProcessWvtTodos: 22900 (was 22900) fWinVerifyTrust=0 for '\Device\HarddiskVolume2\Windows\System32\dbgcore.dll' [rescheduled]
1220.aa8: Detected loader lock ownership: rc=22900 '\Device\HarddiskVolume2\Windows\System32\dbgcore.dll'.
1220.aa8: supR3HardenedWinVerifyCacheProcessWvtTodos: 22900 (was 22900) fWinVerifyTrust=0 for '\Device\HarddiskVolume2\Windows\System32\dbgcore.dll' [rescheduled]
1220.aa8: supR3HardenedIsApiSetDll: ApiSetQueryApiSetPresence(api-ms-win-core-localization-l1-2-1) -> 0x0, fPresent=1
1220.aa8: supR3HardenedMonitor_LdrLoadDll: pName=api-ms-win-core-localization-l1-2-1 (rcNtResolve=0x0) *pfFlags=0x0 pwszSearchPath=0000000000000801:<flags> [calling]
1220.aa8: supR3HardenedMonitor_LdrLoadDll: returns rcNt=0x0 hMod=00007ffd61350000 'api-ms-win-core-localization-l1-2-1'
1220.aa8: Detected loader lock ownership: rc=22900 '\Device\HarddiskVolume2\Windows\System32\dbgcore.dll'.
1220.aa8: supR3HardenedWinVerifyCacheProcessWvtTodos: 22900 (was 22900) fWinVerifyTrust=0 for '\Device\HarddiskVolume2\Windows\System32\dbgcore.dll' [rescheduled]
1220.aa8: Detected loader lock ownership: rc=22900 '\Device\HarddiskVolume2\Windows\System32\dbgcore.dll'.
1220.aa8: supR3HardenedWinVerifyCacheProcessWvtTodos: 22900 (was 22900) fWinVerifyTrust=0 for '\Device\HarddiskVolume2\Windows\System32\dbgcore.dll' [rescheduled]
1220.aa8: supR3HardenedIsApiSetDll: ApiSetQueryApiSetPresence(api-ms-win-core-datetime-l1-1-1) -> 0x0, fPresent=1
1220.aa8: supR3HardenedMonitor_LdrLoadDll: pName=api-ms-win-core-datetime-l1-1-1 (rcNtResolve=0x0) *pfFlags=0x0 pwszSearchPath=0000000000000801:<flags> [calling]
1220.aa8: supR3HardenedMonitor_LdrLoadDll: returns rcNt=0x0 hMod=00007ffd61350000 'api-ms-win-core-datetime-l1-1-1'
1220.aa8: Detected loader lock ownership: rc=22900 '\Device\HarddiskVolume2\Windows\System32\dbgcore.dll'.
1220.aa8: supR3HardenedWinVerifyCacheProcessWvtTodos: 22900 (was 22900) fWinVerifyTrust=0 for '\Device\HarddiskVolume2\Windows\System32\dbgcore.dll' [rescheduled]
1220.aa8: Detected loader lock ownership: rc=22900 '\Device\HarddiskVolume2\Windows\System32\dbgcore.dll'.
1220.aa8: supR3HardenedWinVerifyCacheProcessWvtTodos: 22900 (was 22900) fWinVerifyTrust=0 for '\Device\HarddiskVolume2\Windows\System32\dbgcore.dll' [rescheduled]
1220.aa8: supR3HardenedIsApiSetDll: ApiSetQueryApiSetPresence(api-ms-win-core-localization-obsolete-l1-2-0) -> 0x0, fPresent=1
1220.aa8: supR3HardenedMonitor_LdrLoadDll: pName=api-ms-win-core-localization-obsolete-l1-2-0 (rcNtResolve=0x0) *pfFlags=0x0 pwszSearchPath=0000000000000801:<flags> [calling]
1220.aa8: supR3HardenedMonitor_LdrLoadDll: returns rcNt=0x0 hMod=00007ffd61350000 'api-ms-win-core-localization-obsolete-l1-2-0'
1220.aa8: Detected loader lock ownership: rc=22900 '\Device\HarddiskVolume2\Windows\System32\dbgcore.dll'.
1220.aa8: supR3HardenedWinVerifyCacheProcessWvtTodos: 22900 (was 22900) fWinVerifyTrust=0 for '\Device\HarddiskVolume2\Windows\System32\dbgcore.dll' [rescheduled]
1220.aa8: supR3HardenedMonitor_LdrLoadDll: returns rcNt=0x0 hMod=00007ffccb750000 'C:\Windows\System32\DriverStore\FileRepository\u0381941.inf_amd64_e1aaf87b06e2b6d9\B380668\atiumd64.dll'
1220.aa8: supR3HardNtViCallWinVerifyTrustCatFile: hFile=0000000000000bac pwszName=\Device\HarddiskVolume2\Windows\System32\dbgcore.dll
1220.aa8: supR3HardNtViCallWinVerifyTrustCatFile: Cached context 000002d66764e610
1220.aa8: supR3HardNtViCallWinVerifyTrustCatFile: hCatAdmin=000002d66764e610
1220.aa8: supR3HardNtViCallWinVerifyTrustCatFile: cbHash=20 wszDigest=5E3438BE9ACAA8D940C6869BD9AE32D99C4BFDD4
1220.aa8: supR3HardenedMonitor_LdrLoadDll: returns rcNt=0x0 hMod=00007ffd5fd10000 'C:\Windows\system32\rsaenh.dll'
1220.aa8: supR3HardenedMonitor_LdrLoadDll: returns rcNt=0x0 hMod=00007ffd60e40000 'C:\Windows\System32\crypt32.dll'
1220.aa8: supR3HardNtViCallWinVerifyTrustCatFile: WinVerifyTrust => 0x0; cat='C:\Windows\system32\CatRoot\{F750E6C3-38EE-11D1-85E5-00C04FC295EE}\Microsoft-Windows-Client-Desktop-Required-Package0516~31bf3856ad364e35~amd64~~10.0.19041.6456.cat'; file='\Device\HarddiskVolume2\Windows\System32\dbgcore.dll'
1220.aa8: supR3HardNtViCallWinVerifyTrustCatFile -> 0 (org 22900)
1220.aa8: supR3HardenedWinVerifyCacheProcessWvtTodos: 0 (was 22900) fWinVerifyTrust=1 for '\Device\HarddiskVolume2\Windows\System32\dbgcore.dll'
1220.aa8: \Device\HarddiskVolume2\Windows\System32\DriverStore\FileRepository\u0381941.inf_amd64_e1aaf87b06e2b6d9\B380668\atiumd6a.dll: Signature #1/4: info status: 24202
1220.aa8: supR3HardenedMonitor_LdrLoadDll: returns rcNt=0x0 hMod=00007ffd5fd10000 'C:\Windows\system32\rsaenh.dll'
1220.aa8: supR3HardenedMonitor_LdrLoadDll: returns rcNt=0x0 hMod=00007ffd60e40000 'C:\Windows\System32\crypt32.dll'
1220.aa8: supR3HardenedMonitor_LdrLoadDll: returns rcNt=0x0 hMod=00007ffd60e40000 'C:\Windows\System32\crypt32.dll'
1220.aa8: supR3HardenedWinVerifyCacheScheduleImports: Import todo: #0 'powrprof.dll'.
1220.aa8: supR3HardenedWinVerifyCacheScheduleImports: Import todo: #1 'setupapi.dll'.
1220.aa8: supR3HardenedWinVerifyCacheScheduleImports: Import todo: #3 'user32.dll'.
1220.aa8: supR3HardenedWinVerifyCacheScheduleImports: Import todo: #4 'advapi32.dll'.
1220.aa8: supHardenedWinVerifyImageByHandle: -> 0 (\Device\HarddiskVolume2\Windows\System32\DriverStore\FileRepository\u0381941.inf_amd64_e1aaf87b06e2b6d9\B380668\atiumd6a.dll) WinVerifyTrust
1220.aa8: supR3HardenedWinVerifyCacheInsert: \Device\HarddiskVolume2\Windows\System32\DriverStore\FileRepository\u0381941.inf_amd64_e1aaf87b06e2b6d9\B380668\atiumd6a.dll
1220.aa8: supR3HardenedWinVerifyCacheProcessImportTodos: Processing 'advapi32.dll'...
1220.aa8: supR3HardenedWinVerifyCacheProcessImportTodos: 'advapi32.dll' -> '\Device\HarddiskVolume2\Windows\System32\advapi32.dll' [rcNtRedir=0xc0150008]
1220.aa8: supR3HardenedWinVerifyCacheProcessImportTodos: Processing 'user32.dll'...
1220.aa8: supR3HardenedWinVerifyCacheProcessImportTodos: 'user32.dll' -> '\Device\HarddiskVolume2\Windows\System32\user32.dll' [rcNtRedir=0xc0150008]
1220.aa8: supR3HardenedWinVerifyCacheProcessImportTodos: Processing 'setupapi.dll'...
1220.aa8: supR3HardenedWinVerifyCacheProcessImportTodos: 'setupapi.dll' -> '\Device\HarddiskVolume2\Windows\System32\setupapi.dll' [rcNtRedir=0xc0150008]
1220.aa8: supR3HardenedScreenImage/Imports: cache hit (VINF_SUCCESS) on \Device\HarddiskVolume2\Windows\System32\setupapi.dll
1220.aa8: supR3HardenedWinVerifyCacheProcessImportTodos: Processing 'powrprof.dll'...
1220.aa8: supR3HardenedWinVerifyCacheProcessImportTodos: 'powrprof.dll' -> '\Device\HarddiskVolume2\Windows\System32\powrprof.dll' [rcNtRedir=0xc0150008]
1220.aa8: supR3HardenedScreenImage/Imports: cache hit (VINF_SUCCESS) on \Device\HarddiskVolume2\Windows\System32\powrprof.dll
1220.aa8: supR3HardenedMonitor_LdrLoadDll: pName=C:\Windows\System32\DriverStore\FileRepository\u0381941.inf_amd64_e1aaf87b06e2b6d9\B380668\atiumd6a.dll (rcNtResolve=0xc0150008) *pfFlags=0x0 pwszSearchPath=0000000000000001:<flags> [calling]
1220.aa8: supR3HardenedScreenImage/NtCreateSection: cache hit (VINF_SUCCESS) on \Device\HarddiskVolume2\Windows\System32\DriverStore\FileRepository\u0381941.inf_amd64_e1aaf87b06e2b6d9\B380668\atiumd6a.dll
1220.aa8: supR3HardenedDllNotificationCallback: load   0000000059450000 LB 0x00f26000 C:\Windows\System32\DriverStore\FileRepository\u0381941.inf_amd64_e1aaf87b06e2b6d9\B380668\atiumd6a.dll [fFlags=0x0]
1220.aa8: supR3HardenedScreenImage/LdrLoadDll: cache hit (VINF_SUCCESS) on \Device\HarddiskVolume2\Windows\System32\DriverStore\FileRepository\u0381941.inf_amd64_e1aaf87b06e2b6d9\B380668\atiumd6a.dll
1220.aa8: supR3HardenedIsApiSetDll: ApiSetQueryApiSetPresence(api-ms-win-core-synch-l1-2-0) -> 0x0, fPresent=1
1220.aa8: supR3HardenedMonitor_LdrLoadDll: pName=api-ms-win-core-synch-l1-2-0 (rcNtResolve=0x0) *pfFlags=0x0 pwszSearchPath=0000000000000801:<flags> [calling]
1220.aa8: supR3HardenedMonitor_LdrLoadDll: returns rcNt=0x0 hMod=00007ffd61350000 'api-ms-win-core-synch-l1-2-0'
1220.aa8: supR3HardenedIsApiSetDll: ApiSetQueryApiSetPresence(api-ms-win-core-fibers-l1-1-1) -> 0x0, fPresent=1
1220.aa8: supR3HardenedMonitor_LdrLoadDll: pName=api-ms-win-core-fibers-l1-1-1 (rcNtResolve=0x0) *pfFlags=0x0 pwszSearchPath=0000000000000801:<flags> [calling]
1220.aa8: supR3HardenedMonitor_LdrLoadDll: returns rcNt=0x0 hMod=00007ffd61350000 'api-ms-win-core-fibers-l1-1-1'
1220.aa8: supR3HardenedIsApiSetDll: ApiSetQueryApiSetPresence(api-ms-win-core-synch-l1-2-0) -> 0x0, fPresent=1
1220.aa8: supR3HardenedMonitor_LdrLoadDll: pName=api-ms-win-core-synch-l1-2-0 (rcNtResolve=0x0) *pfFlags=0x0 pwszSearchPath=0000000000000801:<flags> [calling]
1220.aa8: supR3HardenedMonitor_LdrLoadDll: returns rcNt=0x0 hMod=00007ffd61350000 'api-ms-win-core-synch-l1-2-0'
1220.aa8: supR3HardenedScreenImage/LdrLoadDll: cache hit (VINF_SUCCESS) on \Device\HarddiskVolume2\Windows\System32\kernel32.dll
1220.aa8: supR3HardenedMonitor_LdrLoadDll: pName=C:\Windows\System32\kernel32.dll (Input=kernel32, rcNtResolve=0xc0150008) *pfFlags=0x0 pwszSearchPath=0000000000000801:<flags> [calling]
1220.aa8: supR3HardenedMonitor_LdrLoadDll: returns rcNt=0x0 hMod=00007ffd61a60000 'C:\Windows\System32\kernel32.dll'
1220.aa8: supR3HardenedMonitor_LdrLoadDll: returns rcNt=0x0 hMod=0000000059450000 'C:\Windows\System32\DriverStore\FileRepository\u0381941.inf_amd64_e1aaf87b06e2b6d9\B380668\atiumd6a.dll'
1220.aa8: supR3HardenedScreenImage/LdrLoadDll: cache hit (VINF_SUCCESS) on \Device\HarddiskVolume2\Windows\System32\dwmapi.dll
1220.aa8: supR3HardenedMonitor_LdrLoadDll: pName=C:\Windows\System32\dwmapi.dll (Input=dwmapi.dll, rcNtResolve=0xc0150008) *pfFlags=0x0 pwszSearchPath=0000000000000801:<flags> [calling]
1220.aa8: supR3HardenedMonitor_LdrLoadDll: returns rcNt=0x0 hMod=00007ffd5e9f0000 'C:\Windows\System32\dwmapi.dll'
1220.aa8: \Device\HarddiskVolume2\Windows\System32\amdihk64.dll: Owner is administrators group.
1220.aa8: \Device\HarddiskVolume2\Windows\System32\amdihk64.dll: Signature #1/4: info status: 24202
1220.aa8: supR3HardenedMonitor_LdrLoadDll: returns rcNt=0x0 hMod=00007ffd5fd10000 'C:\Windows\system32\rsaenh.dll'
1220.aa8: supR3HardenedMonitor_LdrLoadDll: returns rcNt=0x0 hMod=00007ffd60e40000 'C:\Windows\System32\crypt32.dll'
1220.aa8: supR3HardenedMonitor_LdrLoadDll: returns rcNt=0x0 hMod=00007ffd60e40000 'C:\Windows\System32\crypt32.dll'
1220.aa8: supR3HardenedWinVerifyCacheScheduleImports: Import todo: #0 'shlwapi.dll'.
1220.aa8: supR3HardenedWinVerifyCacheScheduleImports: Import todo: #2 'user32.dll'.
1220.aa8: supR3HardenedWinVerifyCacheScheduleImports: Import todo: #3 'advapi32.dll'.
1220.aa8: supHardenedWinVerifyImageByHandle: -> 0 (\Device\HarddiskVolume2\Windows\System32\amdihk64.dll) WinVerifyTrust
1220.aa8: supR3HardenedWinVerifyCacheInsert: \Device\HarddiskVolume2\Windows\System32\amdihk64.dll
1220.aa8: supR3HardenedWinVerifyCacheProcessImportTodos: Processing 'advapi32.dll'...
1220.aa8: supR3HardenedWinVerifyCacheProcessImportTodos: 'advapi32.dll' -> '\Device\HarddiskVolume2\Windows\System32\advapi32.dll' [rcNtRedir=0xc0150008]
1220.aa8: supR3HardenedWinVerifyCacheProcessImportTodos: Processing 'user32.dll'...
1220.aa8: supR3HardenedWinVerifyCacheProcessImportTodos: 'user32.dll' -> '\Device\HarddiskVolume2\Windows\System32\user32.dll' [rcNtRedir=0xc0150008]
1220.aa8: supR3HardenedWinVerifyCacheProcessImportTodos: Processing 'shlwapi.dll'...
1220.aa8: supR3HardenedWinVerifyCacheProcessImportTodos: 'shlwapi.dll' -> '\Device\HarddiskVolume2\Windows\System32\shlwapi.dll' [rcNtRedir=0xc0150008]
1220.aa8: supR3HardenedScreenImage/Imports: cache hit (VINF_SUCCESS) on \Device\HarddiskVolume2\Windows\System32\shlwapi.dll
1220.aa8: supR3HardenedMonitor_LdrLoadDll: pName=C:\Windows\System32\amdihk64.dll (Input=amdihk64.dll, rcNtResolve=0xc0150008) *pfFlags=0x0 pwszSearchPath=0000000000000801:<flags> [calling]
1220.aa8: supR3HardenedScreenImage/NtCreateSection: cache hit (VINF_SUCCESS) on \Device\HarddiskVolume2\Windows\System32\amdihk64.dll
1220.aa8: supR3HardenedDllNotificationCallback: load   00007ffd54380000 LB 0x00035000 C:\Windows\System32\amdihk64.dll [fFlags=0x0]
1220.aa8: supR3HardenedScreenImage/LdrLoadDll: cache hit (VINF_SUCCESS) on \Device\HarddiskVolume2\Windows\System32\amdihk64.dll
1220.aa8: supR3HardenedIsApiSetDll: ApiSetQueryApiSetPresence(api-ms-win-core-synch-l1-2-0) -> 0x0, fPresent=1
1220.aa8: supR3HardenedMonitor_LdrLoadDll: pName=api-ms-win-core-synch-l1-2-0 (rcNtResolve=0x0) *pfFlags=0x0 pwszSearchPath=0000000000000801:<flags> [calling]
1220.aa8: supR3HardenedMonitor_LdrLoadDll: returns rcNt=0x0 hMod=00007ffd61350000 'api-ms-win-core-synch-l1-2-0'
1220.aa8: supR3HardenedIsApiSetDll: ApiSetQueryApiSetPresence(api-ms-win-core-fibers-l1-1-1) -> 0x0, fPresent=1
1220.aa8: supR3HardenedMonitor_LdrLoadDll: pName=api-ms-win-core-fibers-l1-1-1 (rcNtResolve=0x0) *pfFlags=0x0 pwszSearchPath=0000000000000801:<flags> [calling]
1220.aa8: supR3HardenedMonitor_LdrLoadDll: returns rcNt=0x0 hMod=00007ffd61350000 'api-ms-win-core-fibers-l1-1-1'
1220.aa8: supR3HardenedIsApiSetDll: ApiSetQueryApiSetPresence(api-ms-win-core-synch-l1-2-0) -> 0x0, fPresent=1
1220.aa8: supR3HardenedMonitor_LdrLoadDll: pName=api-ms-win-core-synch-l1-2-0 (rcNtResolve=0x0) *pfFlags=0x0 pwszSearchPath=0000000000000801:<flags> [calling]
1220.aa8: supR3HardenedMonitor_LdrLoadDll: returns rcNt=0x0 hMod=00007ffd61350000 'api-ms-win-core-synch-l1-2-0'
1220.aa8: supR3HardenedMonitor_LdrLoadDll: returns rcNt=0x0 hMod=00007ffd61a60000 'C:\Windows\System32\kernel32.dll'
1220.aa8: supR3HardenedMonitor_LdrLoadDll: returns rcNt=0x0 hMod=00007ffd54380000 'C:\Windows\System32\amdihk64.dll'
1220.aa8: supR3HardenedMonitor_LdrLoadDll: returns rcNt=0x0 hMod=00007ffd633c0000 'C:\Windows\System32\gdi32.dll'
1220.aa8: supR3HardenedDllNotificationCallback: Unload 00007ffd54380000 LB 0x00035000 C:\Windows\System32\amdihk64.dll [flags=0x0]
1220.aa8: supR3HardenedDllNotificationCallback: Unload 0000000059450000 LB 0x00f26000 C:\Windows\System32\DriverStore\FileRepository\u0381941.inf_amd64_e1aaf87b06e2b6d9\B380668\atiumd6a.dll [flags=0x0]
1220.aa8: supR3HardenedDllNotificationCallback: Unload 00007ffccb750000 LB 0x00d55000 C:\Windows\System32\DriverStore\FileRepository\u0381941.inf_amd64_e1aaf87b06e2b6d9\B380668\atiumd64.dll [flags=0x0]
1220.aa8: supR3HardenedDllNotificationCallback: Unload 00007ffd5af80000 LB 0x00201000 C:\Windows\SYSTEM32\dbghelp.dll [flags=0x0]
1220.aa8: supR3HardenedDllNotificationCallback: Unload 00007ffd4b230000 LB 0x00034000 C:\Windows\SYSTEM32\dbgcore.DLL [flags=0x0]
1220.aa8: supR3HardenedDllNotificationCallback: Unload 00007ffd43100000 LB 0x00034000 C:\Windows\System32\DriverStore\FileRepository\u0381941.inf_amd64_e1aaf87b06e2b6d9\B380668\atiu9p64.dll [flags=0x0]
1220.aa8: supR3HardenedDllNotificationCallback: Unload 00007ffd57b30000 LB 0x001bb000 C:\Windows\System32\DriverStore\FileRepository\u0381941.inf_amd64_e1aaf87b06e2b6d9\B380668\aticfx64.dll [flags=0x0]
1220.aa8: supR3HardNtViCallWinVerifyTrustCatFile: hFile=0000000000000bf0 pwszName=\Device\HarddiskVolume2\Windows\System32\DataExchange.dll
1220.aa8: supR3HardNtViCallWinVerifyTrustCatFile: Cached context 000002d66764e610
1220.aa8: supR3HardNtViCallWinVerifyTrustCatFile: hCatAdmin=000002d66764e610
1220.aa8: supR3HardNtViCallWinVerifyTrustCatFile: cbHash=20 wszDigest=A4DA1F962C9E63B820B3A3C3D62A801F6EF1AA0C
1220.aa8: supR3HardenedMonitor_LdrLoadDll: returns rcNt=0x0 hMod=00007ffd5fd10000 'C:\Windows\system32\rsaenh.dll'
1220.aa8: supR3HardenedMonitor_LdrLoadDll: returns rcNt=0x0 hMod=00007ffd60e40000 'C:\Windows\System32\crypt32.dll'
1220.aa8: supR3HardNtViCallWinVerifyTrustCatFile: WinVerifyTrust => 0x0; cat='C:\Windows\system32\CatRoot\{F750E6C3-38EE-11D1-85E5-00C04FC295EE}\Microsoft-Windows-Client-Desktop-Required-Package0510~31bf3856ad364e35~amd64~~10.0.19041.6456.cat'; file='\Device\HarddiskVolume2\Windows\System32\DataExchange.dll'
1220.aa8: supR3HardNtViCallWinVerifyTrustCatFile -> 0 (org 22900)
1220.aa8: supR3HardenedWinVerifyCacheScheduleImports: Import todo: #0 'msvcrt.dll'.
1220.aa8: supR3HardenedWinVerifyCacheScheduleImports: Import todo: #26 'd3d11.dll'.
1220.aa8: supR3HardenedWinVerifyCacheScheduleImports: Import todo: #27 'dcomp.dll'.
1220.aa8: supHardenedWinVerifyImageByHandle: -> 0 (\Device\HarddiskVolume2\Windows\System32\DataExchange.dll) WinVerifyTrust
1220.aa8: supR3HardenedWinVerifyCacheInsert: \Device\HarddiskVolume2\Windows\System32\DataExchange.dll
1220.aa8: supR3HardenedWinVerifyCacheProcessImportTodos: Processing 'dcomp.dll'...
1220.aa8: supR3HardenedWinVerifyCacheProcessImportTodos: 'dcomp.dll' -> '\Device\HarddiskVolume2\Windows\System32\dcomp.dll' [rcNtRedir=0xc0150008]
1220.aa8: supR3HardenedMonitor_LdrLoadDll: returns rcNt=0x0 hMod=00007ffd5fd10000 'C:\Windows\system32\rsaenh.dll'
1220.aa8: supR3HardenedMonitor_LdrLoadDll: returns rcNt=0x0 hMod=00007ffd60e40000 'C:\Windows\System32\crypt32.dll'
1220.aa8: supR3HardenedWinVerifyCacheScheduleImports: Import todo: #0 'win32u.dll'.
1220.aa8: supR3HardenedWinVerifyCacheScheduleImports: Import todo: #1 'msvcp_win.dll'.
1220.aa8: supHardenedWinVerifyImageByHandle: -> 0 (\Device\HarddiskVolume2\Windows\System32\dcomp.dll) WinVerifyTrust
1220.aa8: supR3HardenedWinVerifyCacheInsert: \Device\HarddiskVolume2\Windows\System32\dcomp.dll
1220.aa8: supR3HardenedWinVerifyCacheProcessImportTodos: Processing 'd3d11.dll'...
1220.aa8: supR3HardenedWinVerifyCacheProcessImportTodos: 'd3d11.dll' -> '\Device\HarddiskVolume2\Windows\System32\d3d11.dll' [rcNtRedir=0xc0150008]
1220.aa8: supR3HardenedScreenImage/Imports: cache hit (VINF_SUCCESS) on \Device\HarddiskVolume2\Windows\System32\d3d11.dll
1220.aa8: supR3HardenedWinVerifyCacheProcessImportTodos: Processing 'msvcrt.dll'...
1220.aa8: supR3HardenedWinVerifyCacheProcessImportTodos: 'msvcrt.dll' -> '\Device\HarddiskVolume2\Windows\System32\msvcrt.dll' [rcNtRedir=0xc0150008]
1220.aa8: supR3HardenedWinVerifyCacheProcessImportTodos: Processing 'msvcp_win.dll'...
1220.aa8: supR3HardenedWinVerifyCacheProcessImportTodos: 'msvcp_win.dll' -> '\Device\HarddiskVolume2\Windows\System32\msvcp_win.dll' [rcNtRedir=0xc0150008]
1220.aa8: supR3HardenedScreenImage/Imports: cache hit (VINF_SUCCESS) on \Device\HarddiskVolume2\Windows\System32\msvcp_win.dll
1220.aa8: supR3HardenedWinVerifyCacheProcessImportTodos: Processing 'win32u.dll'...
1220.aa8: supR3HardenedWinVerifyCacheProcessImportTodos: 'win32u.dll' -> '\Device\HarddiskVolume2\Windows\System32\win32u.dll' [rcNtRedir=0xc0150008]
1220.aa8: supR3HardenedMonitor_LdrLoadDll: pName=C:\Windows\system32\dataexchange.dll (rcNtResolve=0xc0150008) *pfFlags=0x0 pwszSearchPath=0000000000002009:<flags> [calling]
1220.aa8: supR3HardenedScreenImage/NtCreateSection: cache hit (VINF_SUCCESS) on \Device\HarddiskVolume2\Windows\System32\DataExchange.dll
1220.aa8: supR3HardenedScreenImage/NtCreateSection: cache hit (VINF_SUCCESS) on \Device\HarddiskVolume2\Windows\System32\dcomp.dll
1220.aa8: supR3HardenedDllNotificationCallback: load   00007ffd5d120000 LB 0x001e4000 C:\Windows\system32\dcomp.dll [fFlags=0x0]
1220.aa8: supR3HardenedScreenImage/LdrLoadDll: cache hit (VINF_SUCCESS) on \Device\HarddiskVolume2\Windows\System32\dcomp.dll
1220.aa8: supR3HardenedDllNotificationCallback: load   00007ffd45ae0000 LB 0x0003e000 C:\Windows\system32\dataexchange.dll [fFlags=0x0]
1220.aa8: supR3HardenedScreenImage/LdrLoadDll: cache hit (VINF_SUCCESS) on \Device\HarddiskVolume2\Windows\System32\DataExchange.dll
1220.aa8: supR3HardenedMonitor_LdrLoadDll: returns rcNt=0x0 hMod=00007ffd45ae0000 'C:\Windows\system32\dataexchange.dll'
1220.aa8: supR3HardenedWinVerifyCacheScheduleImports: Import todo: #30 'rpcrt4.dll'.
1220.aa8: supR3HardenedWinVerifyCacheScheduleImports: Import todo: #43 'combase.dll'.
1220.aa8: supR3HardenedWinVerifyCacheScheduleImports: Import todo: #45 'msvcp_win.dll'.
1220.aa8: supHardenedWinVerifyImageByHandle: -> 0 (\Device\HarddiskVolume2\Windows\System32\twinapi.appcore.dll)
1220.aa8: supR3HardenedWinVerifyCacheInsert: \Device\HarddiskVolume2\Windows\System32\twinapi.appcore.dll
1220.aa8: supR3HardenedDllNotificationCallback: load   00007ffd5a2e0000 LB 0x00203000 C:\Windows\system32\twinapi.appcore.dll [fFlags=0x0]
1220.aa8: supR3HardenedScreenImage/LdrLoadDll: cache hit (VINF_SUCCESS) on \Device\HarddiskVolume2\Windows\System32\twinapi.appcore.dll [avoiding WinVerifyTrust]
1220.aa8: supR3HardenedWinVerifyCacheScheduleImports: Import todo: #0 'msvcrt.dll'.
1220.aa8: supR3HardenedWinVerifyCacheScheduleImports: Import todo: #15 'oleaut32.dll'.
1220.aa8: supR3HardenedWinVerifyCacheScheduleImports: Import todo: #17 'rpcrt4.dll'.
1220.aa8: supR3HardenedWinVerifyCacheScheduleImports: Import todo: #20 'coreuicomponents.dll'.
1220.aa8: supR3HardenedWinVerifyCacheScheduleImports: Import todo: #21 'coremessaging.dll'.
1220.aa8: supHardenedWinVerifyImageByHandle: -> 0 (\Device\HarddiskVolume2\Windows\System32\TextInputFramework.dll)
1220.aa8: supR3HardenedWinVerifyCacheInsert: \Device\HarddiskVolume2\Windows\System32\TextInputFramework.dll
1220.aa8: supR3HardenedWinVerifyCacheScheduleImports: Import todo: #0 'msvcrt.dll'.
1220.aa8: supR3HardenedWinVerifyCacheScheduleImports: Import todo: #35 'coremessaging.dll'.
1220.aa8: supR3HardenedWinVerifyCacheScheduleImports: Import todo: #40 'rpcrt4.dll'.
1220.aa8: supR3HardenedWinVerifyCacheScheduleImports: Import todo: #48 'shcore.dll'.
1220.aa8: supHardenedWinVerifyImageByHandle: -> 0 (\Device\HarddiskVolume2\Windows\System32\CoreUIComponents.dll)
1220.aa8: supR3HardenedWinVerifyCacheInsert: \Device\HarddiskVolume2\Windows\System32\CoreUIComponents.dll
1220.aa8: supR3HardenedWinVerifyCacheScheduleImports: Import todo: #0 'msvcrt.dll'.
1220.aa8: supR3HardenedWinVerifyCacheScheduleImports: Import todo: #20 'ws2_32.dll'.
1220.aa8: supHardenedWinVerifyImageByHandle: -> 0 (\Device\HarddiskVolume2\Windows\System32\CoreMessaging.dll)
1220.aa8: supR3HardenedWinVerifyCacheInsert: \Device\HarddiskVolume2\Windows\System32\CoreMessaging.dll
1220.aa8: supHardenedWinVerifyImageByHandle: -> 0 (\Device\HarddiskVolume2\Windows\System32\ntmarta.dll)
1220.aa8: supR3HardenedWinVerifyCacheInsert: \Device\HarddiskVolume2\Windows\System32\ntmarta.dll
1220.aa8: supR3HardenedWinVerifyCacheScheduleImports: Import todo: #3 'combase.dll'.
1220.aa8: supR3HardenedWinVerifyCacheScheduleImports: Import todo: #24 'rpcrt4.dll'.
1220.aa8: supR3HardenedWinVerifyCacheScheduleImports: Import todo: #32 'bcryptprimitives.dll'.
1220.aa8: supHardenedWinVerifyImageByHandle: -> 0 (\Device\HarddiskVolume2\Windows\System32\WinTypes.dll)
1220.aa8: supR3HardenedWinVerifyCacheInsert: \Device\HarddiskVolume2\Windows\System32\WinTypes.dll
1220.aa8: supR3HardenedDllNotificationCallback: load   00007ffd5ff60000 LB 0x00033000 C:\Windows\SYSTEM32\ntmarta.dll [fFlags=0x0]
1220.aa8: supR3HardenedScreenImage/LdrLoadDll: cache hit (VINF_SUCCESS) on \Device\HarddiskVolume2\Windows\System32\ntmarta.dll [avoiding WinVerifyTrust]
1220.aa8: supR3HardenedDllNotificationCallback: load   00007ffd5daa0000 LB 0x000f2000 C:\Windows\System32\CoreMessaging.dll [fFlags=0x0]
1220.aa8: supR3HardenedScreenImage/LdrLoadDll: cache hit (VINF_SUCCESS) on \Device\HarddiskVolume2\Windows\System32\CoreMessaging.dll [avoiding WinVerifyTrust]
1220.aa8: supR3HardenedDllNotificationCallback: load   00007ffd5ce90000 LB 0x00157000 C:\Windows\SYSTEM32\wintypes.dll [fFlags=0x0]
1220.aa8: supR3HardenedScreenImage/LdrLoadDll: cache hit (VINF_SUCCESS) on \Device\HarddiskVolume2\Windows\System32\WinTypes.dll [avoiding WinVerifyTrust]
1220.aa8: supR3HardenedDllNotificationCallback: load   00007ffd5d720000 LB 0x0035b000 C:\Windows\System32\CoreUIComponents.dll [fFlags=0x0]
1220.aa8: supR3HardenedScreenImage/LdrLoadDll: cache hit (VINF_SUCCESS) on \Device\HarddiskVolume2\Windows\System32\CoreUIComponents.dll [avoiding WinVerifyTrust]
1220.aa8: supR3HardenedDllNotificationCallback: load   00007ffd57880000 LB 0x000f9000 C:\Windows\SYSTEM32\textinputframework.dll [fFlags=0x0]
1220.aa8: supR3HardenedScreenImage/LdrLoadDll: cache hit (VINF_SUCCESS) on \Device\HarddiskVolume2\Windows\System32\TextInputFramework.dll [avoiding WinVerifyTrust]
1220.aa8: supR3HardenedWinVerifyCacheProcessImportTodos: Processing 'bcryptprimitives.dll'...
1220.aa8: supR3HardenedWinVerifyCacheProcessImportTodos: 'bcryptprimitives.dll' -> '\Device\HarddiskVolume2\Windows\System32\bcryptprimitives.dll' [rcNtRedir=0xc0150008]
1220.aa8: supR3HardenedScreenImage/Imports: cache hit (VINF_SUCCESS) on \Device\HarddiskVolume2\Windows\System32\bcryptprimitives.dll
1220.aa8: supR3HardenedWinVerifyCacheProcessImportTodos: Processing 'rpcrt4.dll'...
1220.aa8: supR3HardenedWinVerifyCacheProcessImportTodos: 'rpcrt4.dll' -> '\Device\HarddiskVolume2\Windows\System32\rpcrt4.dll' [rcNtRedir=0xc0150008]
1220.aa8: supR3HardenedWinVerifyCacheProcessImportTodos: Processing 'combase.dll'...
1220.aa8: supR3HardenedWinVerifyCacheProcessImportTodos: 'combase.dll' -> '\Device\HarddiskVolume2\Windows\System32\combase.dll' [rcNtRedir=0xc0150008]
1220.aa8: supR3HardenedScreenImage/Imports: cache hit (VINF_SUCCESS) on \Device\HarddiskVolume2\Windows\System32\combase.dll
1220.aa8: supR3HardenedWinVerifyCacheProcessImportTodos: Processing 'ws2_32.dll'...
1220.aa8: supR3HardenedWinVerifyCacheProcessImportTodos: 'ws2_32.dll' -> '\Device\HarddiskVolume2\Windows\System32\ws2_32.dll' [rcNtRedir=0xc0150008]
1220.aa8: supR3HardenedScreenImage/Imports: cache hit (VINF_SUCCESS) on \Device\HarddiskVolume2\Windows\System32\ws2_32.dll
1220.aa8: supR3HardenedWinVerifyCacheProcessImportTodos: Processing 'msvcrt.dll'...
1220.aa8: supR3HardenedWinVerifyCacheProcessImportTodos: 'msvcrt.dll' -> '\Device\HarddiskVolume2\Windows\System32\msvcrt.dll' [rcNtRedir=0xc0150008]
1220.aa8: supR3HardenedWinVerifyCacheProcessImportTodos: Processing 'shcore.dll'...
1220.aa8: supR3HardenedWinVerifyCacheProcessImportTodos: 'shcore.dll' -> '\Device\HarddiskVolume2\Windows\System32\shcore.dll' [rcNtRedir=0xc0150008]
1220.aa8: supR3HardenedScreenImage/Imports: cache hit (VINF_SUCCESS) on \Device\HarddiskVolume2\Windows\System32\SHCore.dll
1220.aa8: supR3HardenedWinVerifyCacheProcessImportTodos: Processing 'rpcrt4.dll'...
1220.aa8: supR3HardenedWinVerifyCacheProcessImportTodos: 'rpcrt4.dll' -> '\Device\HarddiskVolume2\Windows\System32\rpcrt4.dll' [rcNtRedir=0xc0150008]
1220.aa8: supR3HardenedWinVerifyCacheProcessImportTodos: Processing 'coremessaging.dll'...
1220.aa8: supR3HardenedWinVerifyCacheProcessImportTodos: 'coremessaging.dll' -> '\Device\HarddiskVolume2\Windows\System32\coremessaging.dll' [rcNtRedir=0xc0150008]
1220.aa8: supR3HardenedScreenImage/Imports: cache hit (VINF_SUCCESS) on \Device\HarddiskVolume2\Windows\System32\CoreMessaging.dll [lacks WinVerifyTrust]
1220.aa8: supR3HardenedWinVerifyCacheProcessImportTodos: Processing 'msvcrt.dll'...
1220.aa8: supR3HardenedWinVerifyCacheProcessImportTodos: 'msvcrt.dll' -> '\Device\HarddiskVolume2\Windows\System32\msvcrt.dll' [rcNtRedir=0xc0150008]
1220.aa8: supR3HardenedWinVerifyCacheProcessImportTodos: Processing 'coremessaging.dll'...
1220.aa8: supR3HardenedWinVerifyCacheProcessImportTodos: 'coremessaging.dll' -> '\Device\HarddiskVolume2\Windows\System32\coremessaging.dll' [rcNtRedir=0xc0150008]
1220.aa8: supR3HardenedScreenImage/Imports: cache hit (VINF_SUCCESS) on \Device\HarddiskVolume2\Windows\System32\CoreMessaging.dll [lacks WinVerifyTrust]
1220.aa8: supR3HardenedWinVerifyCacheProcessImportTodos: Processing 'coreuicomponents.dll'...
1220.aa8: supR3HardenedWinVerifyCacheProcessImportTodos: 'coreuicomponents.dll' -> '\Device\HarddiskVolume2\Windows\System32\coreuicomponents.dll' [rcNtRedir=0xc0150008]
1220.aa8: supR3HardenedScreenImage/Imports: cache hit (VINF_SUCCESS) on \Device\HarddiskVolume2\Windows\System32\CoreUIComponents.dll [lacks WinVerifyTrust]
1220.aa8: supR3HardenedWinVerifyCacheProcessImportTodos: Processing 'rpcrt4.dll'...
1220.aa8: supR3HardenedWinVerifyCacheProcessImportTodos: 'rpcrt4.dll' -> '\Device\HarddiskVolume2\Windows\System32\rpcrt4.dll' [rcNtRedir=0xc0150008]
1220.aa8: supR3HardenedWinVerifyCacheProcessImportTodos: Processing 'oleaut32.dll'...
1220.aa8: supR3HardenedWinVerifyCacheProcessImportTodos: 'oleaut32.dll' -> '\Device\HarddiskVolume2\Windows\System32\oleaut32.dll' [rcNtRedir=0xc0150008]
1220.aa8: supR3HardenedWinVerifyCacheProcessImportTodos: Processing 'msvcrt.dll'...
1220.aa8: supR3HardenedWinVerifyCacheProcessImportTodos: 'msvcrt.dll' -> '\Device\HarddiskVolume2\Windows\System32\msvcrt.dll' [rcNtRedir=0xc0150008]
1220.aa8: supR3HardenedWinVerifyCacheProcessImportTodos: Processing 'msvcp_win.dll'...
1220.aa8: supR3HardenedWinVerifyCacheProcessImportTodos: 'msvcp_win.dll' -> '\Device\HarddiskVolume2\Windows\System32\msvcp_win.dll' [rcNtRedir=0xc0150008]
1220.aa8: supR3HardenedWinVerifyCacheProcessImportTodos: Processing 'combase.dll'...
1220.aa8: supR3HardenedWinVerifyCacheProcessImportTodos: 'combase.dll' -> '\Device\HarddiskVolume2\Windows\System32\combase.dll' [rcNtRedir=0xc0150008]
1220.aa8: supR3HardenedScreenImage/Imports: cache hit (VINF_SUCCESS) on \Device\HarddiskVolume2\Windows\System32\combase.dll
1220.aa8: supR3HardenedWinVerifyCacheProcessImportTodos: Processing 'rpcrt4.dll'...
1220.aa8: supR3HardenedWinVerifyCacheProcessImportTodos: 'rpcrt4.dll' -> '\Device\HarddiskVolume2\Windows\System32\rpcrt4.dll' [rcNtRedir=0xc0150008]
1220.aa8: supR3HardenedMonitor_LdrLoadDll: returns rcNt=0x0 hMod=00007ffd5fd10000 'C:\Windows\system32\rsaenh.dll'
1220.aa8: supR3HardenedMonitor_LdrLoadDll: returns rcNt=0x0 hMod=00007ffd60e40000 'C:\Windows\System32\crypt32.dll'
1220.aa8: supR3HardenedWinVerifyCacheProcessWvtTodos: 0 (was 0) fWinVerifyTrust=1 for '\Device\HarddiskVolume2\Windows\System32\WinTypes.dll'
1220.aa8: supR3HardenedMonitor_LdrLoadDll: returns rcNt=0x0 hMod=00007ffd5fd10000 'C:\Windows\system32\rsaenh.dll'
1220.aa8: supR3HardenedMonitor_LdrLoadDll: returns rcNt=0x0 hMod=00007ffd60e40000 'C:\Windows\System32\crypt32.dll'
1220.aa8: supR3HardenedWinVerifyCacheProcessWvtTodos: 0 (was 0) fWinVerifyTrust=1 for '\Device\HarddiskVolume2\Windows\System32\ntmarta.dll'
1220.aa8: supR3HardenedMonitor_LdrLoadDll: returns rcNt=0x0 hMod=00007ffd5fd10000 'C:\Windows\system32\rsaenh.dll'
1220.aa8: supR3HardenedMonitor_LdrLoadDll: returns rcNt=0x0 hMod=00007ffd60e40000 'C:\Windows\System32\crypt32.dll'
1220.aa8: supR3HardenedWinVerifyCacheProcessWvtTodos: 0 (was 0) fWinVerifyTrust=1 for '\Device\HarddiskVolume2\Windows\System32\CoreMessaging.dll'
1220.aa8: supR3HardenedMonitor_LdrLoadDll: returns rcNt=0x0 hMod=00007ffd5fd10000 'C:\Windows\system32\rsaenh.dll'
1220.aa8: supR3HardenedMonitor_LdrLoadDll: returns rcNt=0x0 hMod=00007ffd60e40000 'C:\Windows\System32\crypt32.dll'
1220.aa8: supR3HardenedWinVerifyCacheProcessWvtTodos: 0 (was 0) fWinVerifyTrust=1 for '\Device\HarddiskVolume2\Windows\System32\CoreUIComponents.dll'
1220.aa8: supR3HardenedMonitor_LdrLoadDll: returns rcNt=0x0 hMod=00007ffd5fd10000 'C:\Windows\system32\rsaenh.dll'
1220.aa8: supR3HardenedMonitor_LdrLoadDll: returns rcNt=0x0 hMod=00007ffd60e40000 'C:\Windows\System32\crypt32.dll'
1220.aa8: supR3HardenedWinVerifyCacheProcessWvtTodos: 0 (was 0) fWinVerifyTrust=1 for '\Device\HarddiskVolume2\Windows\System32\TextInputFramework.dll'
1220.aa8: supR3HardenedMonitor_LdrLoadDll: returns rcNt=0x0 hMod=00007ffd5fd10000 'C:\Windows\system32\rsaenh.dll'
1220.aa8: supR3HardenedMonitor_LdrLoadDll: returns rcNt=0x0 hMod=00007ffd60e40000 'C:\Windows\System32\crypt32.dll'
1220.aa8: supR3HardenedWinVerifyCacheProcessWvtTodos: 0 (was 0) fWinVerifyTrust=1 for '\Device\HarddiskVolume2\Windows\System32\twinapi.appcore.dll'
1220.aa8: supR3HardenedMonitor_LdrLoadDll: returns rcNt=0x0 hMod=00007ffd63400000 'C:\Windows\System32\ADVAPI32.dll'
1220.aa8: supR3HardenedMonitor_LdrLoadDll: returns rcNt=0x0 hMod=00007ffd61880000 'C:\Windows\System32\ole32.dll'
1220.aa8: supR3HardenedMonitor_LdrLoadDll: returns rcNt=0x0 hMod=00007ffd62e80000 'C:\Windows\System32\OLEAUT32.dll'
1220.aa8: supR3HardNtViCallWinVerifyTrustCatFile: hFile=0000000000000d38 pwszName=\Device\HarddiskVolume2\Windows\System32\wbem\wbemprox.dll
1220.aa8: supR3HardNtViCallWinVerifyTrustCatFile: Cached context 000002d66764e610
1220.aa8: supR3HardNtViCallWinVerifyTrustCatFile: hCatAdmin=000002d66764e610
1220.aa8: supR3HardNtViCallWinVerifyTrustCatFile: cbHash=20 wszDigest=3BDE779C324B1B2E91238C2A86E13264284D56B8
1220.aa8: supR3HardenedMonitor_LdrLoadDll: returns rcNt=0x0 hMod=00007ffd5fd10000 'C:\Windows\system32\rsaenh.dll'
1220.aa8: supR3HardenedMonitor_LdrLoadDll: returns rcNt=0x0 hMod=00007ffd60e40000 'C:\Windows\System32\crypt32.dll'
1220.aa8: supR3HardNtViCallWinVerifyTrustCatFile: WinVerifyTrust => 0x0; cat='C:\Windows\system32\CatRoot\{F750E6C3-38EE-11D1-85E5-00C04FC295EE}\Microsoft-Windows-Client-Desktop-Required-Package04~31bf3856ad364e35~amd64~~10.0.19041.6466.cat'; file='\Device\HarddiskVolume2\Windows\System32\wbem\wbemprox.dll'
1220.aa8: supR3HardNtViCallWinVerifyTrustCatFile -> 0 (org 22900)
1220.aa8: supR3HardenedWinVerifyCacheScheduleImports: Import todo: #0 'msvcrt.dll'.
1220.aa8: supR3HardenedWinVerifyCacheScheduleImports: Import todo: #5 'ws2_32.dll'.
1220.aa8: supR3HardenedWinVerifyCacheScheduleImports: Import todo: #18 'wbemcomn.dll'.
1220.aa8: supHardenedWinVerifyImageByHandle: -> 0 (\Device\HarddiskVolume2\Windows\System32\wbem\wbemprox.dll) WinVerifyTrust
1220.aa8: supR3HardenedWinVerifyCacheInsert: \Device\HarddiskVolume2\Windows\System32\wbem\wbemprox.dll
1220.aa8: supR3HardenedWinVerifyCacheProcessImportTodos: Processing 'wbemcomn.dll'...
1220.aa8: supR3HardenedWinVerifyCacheProcessImportTodos: 'wbemcomn.dll' -> '\Device\HarddiskVolume2\Windows\System32\wbemcomn.dll' [rcNtRedir=0xc0150008]
1220.aa8: supR3HardNtViCallWinVerifyTrustCatFile: hFile=0000000000000d30 pwszName=\Device\HarddiskVolume2\Windows\System32\wbemcomn.dll
1220.aa8: supR3HardNtViCallWinVerifyTrustCatFile: Cached context 000002d66764e610
1220.aa8: supR3HardNtViCallWinVerifyTrustCatFile: hCatAdmin=000002d66764e610
1220.aa8: supR3HardNtViCallWinVerifyTrustCatFile: cbHash=20 wszDigest=10D4848489EBE5251FC06EBA39CD8C3F27FB5394
1220.aa8: supR3HardenedMonitor_LdrLoadDll: returns rcNt=0x0 hMod=00007ffd5fd10000 'C:\Windows\system32\rsaenh.dll'
1220.aa8: supR3HardenedMonitor_LdrLoadDll: returns rcNt=0x0 hMod=00007ffd60e40000 'C:\Windows\System32\crypt32.dll'
1220.aa8: supR3HardNtViCallWinVerifyTrustCatFile: WinVerifyTrust => 0x0; cat='C:\Windows\system32\CatRoot\{F750E6C3-38EE-11D1-85E5-00C04FC295EE}\Microsoft-Windows-Client-Desktop-Required-Package04~31bf3856ad364e35~amd64~~10.0.19041.6466.cat'; file='\Device\HarddiskVolume2\Windows\System32\wbemcomn.dll'
1220.aa8: supR3HardNtViCallWinVerifyTrustCatFile -> 0 (org 22900)
1220.aa8: supR3HardenedWinVerifyCacheScheduleImports: Import todo: #0 'msvcrt.dll'.
1220.aa8: supHardenedWinVerifyImageByHandle: -> 0 (\Device\HarddiskVolume2\Windows\System32\wbemcomn.dll) WinVerifyTrust
1220.aa8: supR3HardenedWinVerifyCacheInsert: \Device\HarddiskVolume2\Windows\System32\wbemcomn.dll
1220.aa8: supR3HardenedWinVerifyCacheProcessImportTodos: Processing 'ws2_32.dll'...
1220.aa8: supR3HardenedWinVerifyCacheProcessImportTodos: 'ws2_32.dll' -> '\Device\HarddiskVolume2\Windows\System32\ws2_32.dll' [rcNtRedir=0xc0150008]
1220.aa8: supR3HardenedScreenImage/Imports: cache hit (VINF_SUCCESS) on \Device\HarddiskVolume2\Windows\System32\ws2_32.dll
1220.aa8: supR3HardenedWinVerifyCacheProcessImportTodos: Processing 'msvcrt.dll'...
1220.aa8: supR3HardenedWinVerifyCacheProcessImportTodos: 'msvcrt.dll' -> '\Device\HarddiskVolume2\Windows\System32\msvcrt.dll' [rcNtRedir=0xc0150008]
1220.aa8: supR3HardenedWinVerifyCacheProcessImportTodos: Processing 'msvcrt.dll'...
1220.aa8: supR3HardenedWinVerifyCacheProcessImportTodos: 'msvcrt.dll' -> '\Device\HarddiskVolume2\Windows\System32\msvcrt.dll' [rcNtRedir=0xc0150008]
1220.aa8: supR3HardenedMonitor_LdrLoadDll: pName=C:\Windows\system32\wbem\wbemprox.dll (rcNtResolve=0xc0150008) *pfFlags=0x0 pwszSearchPath=0000000000002009:<flags> [calling]
1220.aa8: supR3HardenedScreenImage/NtCreateSection: cache hit (VINF_SUCCESS) on \Device\HarddiskVolume2\Windows\System32\wbem\wbemprox.dll
1220.aa8: supR3HardenedScreenImage/NtCreateSection: cache hit (VINF_SUCCESS) on \Device\HarddiskVolume2\Windows\System32\wbemcomn.dll
1220.aa8: supR3HardenedDllNotificationCallback: load   00007ffd50a70000 LB 0x00090000 C:\Windows\SYSTEM32\wbemcomn.dll [fFlags=0x0]
1220.aa8: supR3HardenedScreenImage/LdrLoadDll: cache hit (VINF_SUCCESS) on \Device\HarddiskVolume2\Windows\System32\wbemcomn.dll
1220.aa8: supR3HardenedDllNotificationCallback: load   00007ffd4db70000 LB 0x00011000 C:\Windows\system32\wbem\wbemprox.dll [fFlags=0x0]
1220.aa8: supR3HardenedScreenImage/LdrLoadDll: cache hit (VINF_SUCCESS) on \Device\HarddiskVolume2\Windows\System32\wbem\wbemprox.dll
1220.aa8: supR3HardenedIsApiSetDll: ApiSetQueryApiSetPresence(API-MS-Win-Core-LocalRegistry-L1-1-0.dll) -> 0x0, fPresent=1
1220.aa8: supR3HardenedMonitor_LdrLoadDll: pName=API-MS-Win-Core-LocalRegistry-L1-1-0.dll (rcNtResolve=0x0) *pfFlags=0x0 pwszSearchPath=0000000000000009:<flags> [calling]
1220.aa8: supR3HardenedMonitor_LdrLoadDll: returns rcNt=0x0 hMod=00007ffd61350000 'API-MS-Win-Core-LocalRegistry-L1-1-0.dll'
1220.aa8: supR3HardenedMonitor_LdrLoadDll: returns rcNt=0x0 hMod=00007ffd4db70000 'C:\Windows\system32\wbem\wbemprox.dll'
1220.aa8: supR3HardNtViCallWinVerifyTrustCatFile: hFile=0000000000000c48 pwszName=\Device\HarddiskVolume2\Windows\System32\wbem\wbemsvc.dll
1220.aa8: supR3HardNtViCallWinVerifyTrustCatFile: Cached context 000002d66764e610
1220.aa8: supR3HardNtViCallWinVerifyTrustCatFile: hCatAdmin=000002d66764e610
1220.aa8: supR3HardNtViCallWinVerifyTrustCatFile: cbHash=20 wszDigest=86AB79F51B3C103952EF93FB96F82884D552BCBD
1220.aa8: supR3HardenedMonitor_LdrLoadDll: returns rcNt=0x0 hMod=00007ffd5fd10000 'C:\Windows\system32\rsaenh.dll'
1220.aa8: supR3HardenedMonitor_LdrLoadDll: returns rcNt=0x0 hMod=00007ffd60e40000 'C:\Windows\System32\crypt32.dll'
1220.aa8: supR3HardNtViCallWinVerifyTrustCatFile: WinVerifyTrust => 0x0; cat='C:\Windows\system32\CatRoot\{F750E6C3-38EE-11D1-85E5-00C04FC295EE}\Microsoft-Windows-Client-Desktop-Required-Package04~31bf3856ad364e35~amd64~~10.0.19041.6466.cat'; file='\Device\HarddiskVolume2\Windows\System32\wbem\wbemsvc.dll'
1220.aa8: supR3HardNtViCallWinVerifyTrustCatFile -> 0 (org 22900)
1220.aa8: supR3HardenedWinVerifyCacheScheduleImports: Import todo: #0 'msvcrt.dll'.
1220.aa8: supR3HardenedWinVerifyCacheScheduleImports: Import todo: #1 'rpcrt4.dll'.
1220.aa8: supHardenedWinVerifyImageByHandle: -> 0 (\Device\HarddiskVolume2\Windows\System32\wbem\wbemsvc.dll) WinVerifyTrust
1220.aa8: supR3HardenedWinVerifyCacheInsert: \Device\HarddiskVolume2\Windows\System32\wbem\wbemsvc.dll
1220.aa8: supR3HardenedWinVerifyCacheProcessImportTodos: Processing 'rpcrt4.dll'...
1220.aa8: supR3HardenedWinVerifyCacheProcessImportTodos: 'rpcrt4.dll' -> '\Device\HarddiskVolume2\Windows\System32\rpcrt4.dll' [rcNtRedir=0xc0150008]
1220.aa8: supR3HardenedWinVerifyCacheProcessImportTodos: Processing 'msvcrt.dll'...
1220.aa8: supR3HardenedWinVerifyCacheProcessImportTodos: 'msvcrt.dll' -> '\Device\HarddiskVolume2\Windows\System32\msvcrt.dll' [rcNtRedir=0xc0150008]
1220.aa8: supR3HardenedMonitor_LdrLoadDll: pName=C:\Windows\system32\wbem\wbemsvc.dll (rcNtResolve=0xc0150008) *pfFlags=0x0 pwszSearchPath=0000000000002009:<flags> [calling]
1220.aa8: supR3HardenedScreenImage/NtCreateSection: cache hit (VINF_SUCCESS) on \Device\HarddiskVolume2\Windows\System32\wbem\wbemsvc.dll
1220.aa8: supR3HardenedDllNotificationCallback: load   00007ffd4bde0000 LB 0x00014000 C:\Windows\system32\wbem\wbemsvc.dll [fFlags=0x0]
1220.aa8: supR3HardenedScreenImage/LdrLoadDll: cache hit (VINF_SUCCESS) on \Device\HarddiskVolume2\Windows\System32\wbem\wbemsvc.dll
1220.aa8: supR3HardenedMonitor_LdrLoadDll: returns rcNt=0x0 hMod=00007ffd4bde0000 'C:\Windows\system32\wbem\wbemsvc.dll'
1220.aa8: supR3HardenedIsApiSetDll: ApiSetQueryApiSetPresence(api-ms-win-core-localization-l1-2-0.dll) -> 0x0, fPresent=1
1220.aa8: supR3HardenedMonitor_LdrLoadDll: pName=api-ms-win-core-localization-l1-2-0.dll (rcNtResolve=0x0) *pfFlags=0x0 pwszSearchPath=0000000000000009:<flags> [calling]
1220.aa8: supR3HardenedMonitor_LdrLoadDll: returns rcNt=0x0 hMod=00007ffd61350000 'api-ms-win-core-localization-l1-2-0.dll'
1220.aa8: supR3HardenedIsApiSetDll: ApiSetQueryApiSetPresence(api-ms-win-core-localization-obsolete-l1-1-0.dll) -> 0x0, fPresent=1
1220.aa8: supR3HardenedMonitor_LdrLoadDll: pName=api-ms-win-core-localization-obsolete-l1-1-0.dll (rcNtResolve=0x0) *pfFlags=0x0 pwszSearchPath=0000000000000009:<flags> [calling]
1220.aa8: supR3HardenedMonitor_LdrLoadDll: returns rcNt=0x0 hMod=00007ffd61350000 'api-ms-win-core-localization-obsolete-l1-1-0.dll'
1220.aa8: supR3HardNtViCallWinVerifyTrustCatFile: hFile=0000000000000c38 pwszName=\Device\HarddiskVolume2\Windows\System32\wbem\fastprox.dll
1220.aa8: supR3HardNtViCallWinVerifyTrustCatFile: Cached context 000002d66764e610
1220.aa8: supR3HardNtViCallWinVerifyTrustCatFile: hCatAdmin=000002d66764e610
1220.aa8: supR3HardNtViCallWinVerifyTrustCatFile: cbHash=20 wszDigest=06B9B6703DCDBF4F336FCEFB67E31C67BCEC08D5
1220.aa8: supR3HardenedMonitor_LdrLoadDll: returns rcNt=0x0 hMod=00007ffd5fd10000 'C:\Windows\system32\rsaenh.dll'
1220.aa8: supR3HardenedMonitor_LdrLoadDll: returns rcNt=0x0 hMod=00007ffd60e40000 'C:\Windows\System32\crypt32.dll'
1220.aa8: supR3HardNtViCallWinVerifyTrustCatFile: WinVerifyTrust => 0x0; cat='C:\Windows\system32\CatRoot\{F750E6C3-38EE-11D1-85E5-00C04FC295EE}\Microsoft-Windows-Client-Desktop-Required-Package04~31bf3856ad364e35~amd64~~10.0.19041.6466.cat'; file='\Device\HarddiskVolume2\Windows\System32\wbem\fastprox.dll'
1220.aa8: supR3HardNtViCallWinVerifyTrustCatFile -> 0 (org 22900)
1220.aa8: supR3HardenedWinVerifyCacheScheduleImports: Import todo: #0 'msvcrt.dll'.
1220.aa8: supR3HardenedWinVerifyCacheScheduleImports: Import todo: #20 'wbemcomn.dll'.
1220.aa8: supHardenedWinVerifyImageByHandle: -> 0 (\Device\HarddiskVolume2\Windows\System32\wbem\fastprox.dll) WinVerifyTrust
1220.aa8: supR3HardenedWinVerifyCacheInsert: \Device\HarddiskVolume2\Windows\System32\wbem\fastprox.dll
1220.aa8: supR3HardenedWinVerifyCacheProcessImportTodos: Processing 'wbemcomn.dll'...
1220.aa8: supR3HardenedWinVerifyCacheProcessImportTodos: 'wbemcomn.dll' -> '\Device\HarddiskVolume2\Windows\System32\wbemcomn.dll' [rcNtRedir=0xc0150008]
1220.aa8: supR3HardenedScreenImage/Imports: cache hit (VINF_SUCCESS) on \Device\HarddiskVolume2\Windows\System32\wbemcomn.dll
1220.aa8: supR3HardenedWinVerifyCacheProcessImportTodos: Processing 'msvcrt.dll'...
1220.aa8: supR3HardenedWinVerifyCacheProcessImportTodos: 'msvcrt.dll' -> '\Device\HarddiskVolume2\Windows\System32\msvcrt.dll' [rcNtRedir=0xc0150008]
1220.aa8: supR3HardenedMonitor_LdrLoadDll: pName=C:\Windows\system32\wbem\fastprox.dll (rcNtResolve=0xc0150008) *pfFlags=0x0 pwszSearchPath=0000000000002009:<flags> [calling]
1220.aa8: supR3HardenedScreenImage/NtCreateSection: cache hit (VINF_SUCCESS) on \Device\HarddiskVolume2\Windows\System32\wbem\fastprox.dll
1220.aa8: supR3HardenedDllNotificationCallback: load   00007ffd4be00000 LB 0x0010c000 C:\Windows\system32\wbem\fastprox.dll [fFlags=0x0]
1220.aa8: supR3HardenedScreenImage/LdrLoadDll: cache hit (VINF_SUCCESS) on \Device\HarddiskVolume2\Windows\System32\wbem\fastprox.dll
1220.aa8: supR3HardenedMonitor_LdrLoadDll: returns rcNt=0x0 hMod=00007ffd4be00000 'C:\Windows\system32\wbem\fastprox.dll'
1220.aa8: supR3HardNtViCallWinVerifyTrustCatFile: hFile=0000000000000c28 pwszName=\Device\HarddiskVolume2\Windows\System32\amsi.dll
1220.aa8: supR3HardNtViCallWinVerifyTrustCatFile: Cached context 000002d66764e610
1220.aa8: supR3HardNtViCallWinVerifyTrustCatFile: hCatAdmin=000002d66764e610
1220.aa8: supR3HardNtViCallWinVerifyTrustCatFile: cbHash=20 wszDigest=759C41732AEF7C0FEF4EB5854E70672674DBA3BB
1220.aa8: supR3HardenedMonitor_LdrLoadDll: returns rcNt=0x0 hMod=00007ffd5fd10000 'C:\Windows\system32\rsaenh.dll'
1220.aa8: supR3HardenedMonitor_LdrLoadDll: returns rcNt=0x0 hMod=00007ffd60e40000 'C:\Windows\System32\crypt32.dll'
1220.aa8: supR3HardNtViCallWinVerifyTrustCatFile: WinVerifyTrust => 0x0; cat='C:\Windows\system32\CatRoot\{F750E6C3-38EE-11D1-85E5-00C04FC295EE}\Microsoft-Windows-Client-Desktop-Required-Package05~31bf3856ad364e35~amd64~~10.0.19041.6466.cat'; file='\Device\HarddiskVolume2\Windows\System32\amsi.dll'
1220.aa8: supR3HardNtViCallWinVerifyTrustCatFile -> 0 (org 22900)
1220.aa8: supR3HardenedWinVerifyCacheScheduleImports: Import todo: #0 'msvcrt.dll'.
1220.aa8: supR3HardenedWinVerifyCacheScheduleImports: Import todo: #14 'rpcrt4.dll'.
1220.aa8: supHardenedWinVerifyImageByHandle: -> 0 (\Device\HarddiskVolume2\Windows\System32\amsi.dll) WinVerifyTrust
1220.aa8: supR3HardenedWinVerifyCacheInsert: \Device\HarddiskVolume2\Windows\System32\amsi.dll
1220.aa8: supR3HardenedWinVerifyCacheProcessImportTodos: Processing 'rpcrt4.dll'...
1220.aa8: supR3HardenedWinVerifyCacheProcessImportTodos: 'rpcrt4.dll' -> '\Device\HarddiskVolume2\Windows\System32\rpcrt4.dll' [rcNtRedir=0xc0150008]
1220.aa8: supR3HardenedWinVerifyCacheProcessImportTodos: Processing 'msvcrt.dll'...
1220.aa8: supR3HardenedWinVerifyCacheProcessImportTodos: 'msvcrt.dll' -> '\Device\HarddiskVolume2\Windows\System32\msvcrt.dll' [rcNtRedir=0xc0150008]
1220.aa8: supR3HardenedScreenImage/Imports: cache hit (VINF_SUCCESS) on \Device\HarddiskVolume2\Windows\System32\msvcrt.dll
1220.aa8: supR3HardenedMonitor_LdrLoadDll: pName=C:\Windows\System32\amsi.dll (Input=amsi.dll, rcNtResolve=0xc0150008) *pfFlags=0x0 pwszSearchPath=0000000000000801:<flags> [calling]
1220.aa8: supR3HardenedScreenImage/NtCreateSection: cache hit (VINF_SUCCESS) on \Device\HarddiskVolume2\Windows\System32\amsi.dll
1220.aa8: supR3HardenedDllNotificationCallback: load   00007ffd4bce0000 LB 0x0001f000 C:\Windows\System32\amsi.dll [fFlags=0x0]
1220.aa8: supR3HardenedScreenImage/LdrLoadDll: cache hit (VINF_SUCCESS) on \Device\HarddiskVolume2\Windows\System32\amsi.dll
1220.aa8: supR3HardenedMonitor_LdrLoadDll: returns rcNt=0x0 hMod=00007ffd4bce0000 'C:\Windows\System32\amsi.dll'
1220.aa8: supR3HardenedMonitor_LdrLoadDll: returns rcNt=0x0 hMod=00007ffd5fd10000 'C:\Windows\system32\rsaenh.dll'
1220.aa8: supR3HardenedMonitor_LdrLoadDll: returns rcNt=0x0 hMod=00007ffd60e40000 'C:\Windows\System32\crypt32.dll'
1220.aa8: supR3HardenedWinVerifyCacheScheduleImports: Import todo: #2 'advapi32.dll'.
1220.aa8: supR3HardenedWinVerifyCacheScheduleImports: Import todo: #3 'oleaut32.dll'.
1220.aa8: supR3HardenedWinVerifyCacheScheduleImports: Import todo: #4 'ole32.dll'.
1220.aa8: supHardenedWinVerifyImageByHandle: -> 0 (\Device\HarddiskVolume2\ProgramData\Microsoft\Windows Defender\Platform\4.18.26070.9-0\MpOAV.dll) WinVerifyTrust
1220.aa8: supR3HardenedWinVerifyCacheInsert: \Device\HarddiskVolume2\ProgramData\Microsoft\Windows Defender\Platform\4.18.26070.9-0\MpOAV.dll
1220.aa8: supR3HardenedWinVerifyCacheProcessImportTodos: Processing 'ole32.dll'...
1220.aa8: supR3HardenedWinVerifyCacheProcessImportTodos: 'ole32.dll' -> '\Device\HarddiskVolume2\Windows\System32\ole32.dll' [rcNtRedir=0xc0150008]
1220.aa8: supR3HardenedWinVerifyCacheProcessImportTodos: Processing 'oleaut32.dll'...
1220.aa8: supR3HardenedWinVerifyCacheProcessImportTodos: 'oleaut32.dll' -> '\Device\HarddiskVolume2\Windows\System32\oleaut32.dll' [rcNtRedir=0xc0150008]
1220.aa8: supR3HardenedWinVerifyCacheProcessImportTodos: Processing 'advapi32.dll'...
1220.aa8: supR3HardenedWinVerifyCacheProcessImportTodos: 'advapi32.dll' -> '\Device\HarddiskVolume2\Windows\System32\advapi32.dll' [rcNtRedir=0xc0150008]
1220.aa8: supR3HardenedMonitor_LdrLoadDll: pName=C:\ProgramData\Microsoft\Windows Defender\Platform\4.18.26070.9-0\MpOav.dll (rcNtResolve=0xc0150008) *pfFlags=0x0 pwszSearchPath=0000000000000001:<flags> [calling]
1220.aa8: supR3HardenedScreenImage/NtCreateSection: cache hit (VINF_SUCCESS) on \Device\HarddiskVolume2\ProgramData\Microsoft\Windows Defender\Platform\4.18.26070.9-0\MpOAV.dll
1220.aa8: supR3HardenedDllNotificationCallback: load   00007ffd4bc30000 LB 0x000a3000 C:\ProgramData\Microsoft\Windows Defender\Platform\4.18.26070.9-0\MpOav.dll [fFlags=0x0]
1220.aa8: supR3HardenedScreenImage/LdrLoadDll: cache hit (VINF_SUCCESS) on \Device\HarddiskVolume2\ProgramData\Microsoft\Windows Defender\Platform\4.18.26070.9-0\MpOAV.dll
1220.aa8: supR3HardenedIsApiSetDll: ApiSetQueryApiSetPresence(api-ms-win-core-synch-l1-2-0) -> 0x0, fPresent=1
1220.aa8: supR3HardenedMonitor_LdrLoadDll: pName=api-ms-win-core-synch-l1-2-0 (rcNtResolve=0x0) *pfFlags=0x0 pwszSearchPath=0000000000000801:<flags> [calling]
1220.aa8: supR3HardenedMonitor_LdrLoadDll: returns rcNt=0x0 hMod=00007ffd61350000 'api-ms-win-core-synch-l1-2-0'
1220.aa8: supR3HardenedIsApiSetDll: ApiSetQueryApiSetPresence(api-ms-win-core-fibers-l1-1-1) -> 0x0, fPresent=1
1220.aa8: supR3HardenedMonitor_LdrLoadDll: pName=api-ms-win-core-fibers-l1-1-1 (rcNtResolve=0x0) *pfFlags=0x0 pwszSearchPath=0000000000000801:<flags> [calling]
1220.aa8: supR3HardenedMonitor_LdrLoadDll: returns rcNt=0x0 hMod=00007ffd61350000 'api-ms-win-core-fibers-l1-1-1'
1220.aa8: supR3HardenedIsApiSetDll: ApiSetQueryApiSetPresence(api-ms-win-core-fibers-l1-1-2) -> 0x0, fPresent=1
1220.aa8: supR3HardenedMonitor_LdrLoadDll: pName=api-ms-win-core-fibers-l1-1-2 (rcNtResolve=0x0) *pfFlags=0x0 pwszSearchPath=0000000000000801:<flags> [calling]
1220.aa8: supR3HardenedMonitor_LdrLoadDll: returns rcNt=0x0 hMod=00007ffd61350000 'api-ms-win-core-fibers-l1-1-2'
1220.aa8: supR3HardenedMonitor_LdrLoadDll: returns rcNt=0x0 hMod=00007ffd61a60000 'C:\Windows\System32\kernel32.dll'
1220.aa8: supR3HardenedScreenImage/LdrLoadDll: cache hit (VINF_SUCCESS) on \Device\HarddiskVolume2\Windows\System32\version.dll
1220.aa8: supR3HardenedMonitor_LdrLoadDll: pName=C:\Windows\system32\version.dll (rcNtResolve=0xc0150008) *pfFlags=0x0 pwszSearchPath=0000000000000009:<flags> [calling]
1220.aa8: supR3HardenedMonitor_LdrLoadDll: returns rcNt=0x0 hMod=00007ffd59d30000 'C:\Windows\system32\version.dll'
1220.aa8: supR3HardenedMonitor_LdrLoadDll: returns rcNt=0x0 hMod=00007ffd4bc30000 'C:\ProgramData\Microsoft\Windows Defender\Platform\4.18.26070.9-0\MpOav.dll'
1220.654: supR3HardenedMonitor_LdrLoadDll: returns rcNt=0x0 hMod=00007ffd61880000 'C:\Windows\system32\ole32.dll'
1220.fc: supR3HardenedMonitor_LdrLoadDll: returns rcNt=0x0 hMod=00007ffd61880000 'C:\Windows\system32\ole32.dll'
1220.654: supR3HardenedMonitor_LdrLoadDll: returns rcNt=0x0 hMod=00007ffd5fd10000 'C:\Windows\system32\rsaenh.dll'
1220.654: supR3HardenedScreenImage/LdrLoadDll: cache hit (VINF_SUCCESS) on \Device\HarddiskVolume2\Windows\System32\crypt32.dll
1220.654: supR3HardenedMonitor_LdrLoadDll: pName=C:\Windows\System32\crypt32.dll (Input=crypt32.dll, rcNtResolve=0xc0150008) *pfFlags=0x0 pwszSearchPath=0000000000000001:<flags> [calling]
1220.654: supR3HardenedMonitor_LdrLoadDll: returns rcNt=0x0 hMod=00007ffd60e40000 'C:\Windows\System32\crypt32.dll'
1220.ef0: supR3HardenedMonitor_LdrLoadDll: returns rcNt=0x0 hMod=00007ffd5fd10000 'C:\Windows\system32\rsaenh.dll'
1220.ef0: supR3HardenedMonitor_LdrLoadDll: returns rcNt=0x0 hMod=00007ffd60e40000 'C:\Windows\System32\crypt32.dll'
1220.ef0: supR3HardenedWinVerifyCacheScheduleImports: Import todo: #0 'vboxrt.dll'.
1220.ef0: supR3HardenedWinVerifyCacheScheduleImports: Import todo: #3 'user32.dll'.
1220.ef0: supR3HardenedWinVerifyCacheScheduleImports: Import todo: #4 'shell32.dll'.
1220.ef0: supR3HardenedWinVerifyCacheScheduleImports: Import todo: #5 'ole32.dll'.
1220.ef0: supR3HardenedWinVerifyCacheScheduleImports: Import todo: #6 'vcruntime140.dll'.
1220.ef0: supR3HardenedWinVerifyCacheScheduleImports: Import todo: #7 'vcruntime140_1.dll'.
1220.ef0: supR3HardenedWinVerifyCacheScheduleImports: Import todo: #8 'msvcp140.dll'.
1220.ef0: supHardenedWinVerifyImageByHandle: -> 0 (\Device\HarddiskVolume2\Program Files\Oracle\VirtualBox\VBoxSharedClipboard.dll) WinVerifyTrust
1220.ef0: supR3HardenedWinVerifyCacheInsert: \Device\HarddiskVolume2\Program Files\Oracle\VirtualBox\VBoxSharedClipboard.dll
1220.ef0: supR3HardenedWinVerifyCacheProcessImportTodos: Processing 'msvcp140.dll'...
1220.ef0: supR3HardenedWinVerifyCacheProcessImportTodos: 'msvcp140.dll' -> '\Device\HarddiskVolume2\Windows\System32\msvcp140.dll' [rcNtRedir=0xc0150008]
1220.ef0: supR3HardenedScreenImage/Imports: cache hit (VINF_SUCCESS) on \Device\HarddiskVolume2\Windows\System32\msvcp140.dll
1220.ef0: supR3HardenedWinVerifyCacheProcessImportTodos: Processing 'vcruntime140_1.dll'...
1220.ef0: supR3HardenedWinVerifyCacheProcessImportTodos: 'vcruntime140_1.dll' -> '\Device\HarddiskVolume2\Windows\System32\vcruntime140_1.dll' [rcNtRedir=0xc0150008]
1220.ef0: supR3HardenedWinVerifyCacheProcessImportTodos: Processing 'vcruntime140.dll'...
1220.ef0: supR3HardenedWinVerifyCacheProcessImportTodos: 'vcruntime140.dll' -> '\Device\HarddiskVolume2\Windows\System32\vcruntime140.dll' [rcNtRedir=0xc0150008]
1220.ef0: supR3HardenedWinVerifyCacheProcessImportTodos: Processing 'ole32.dll'...
1220.ef0: supR3HardenedWinVerifyCacheProcessImportTodos: 'ole32.dll' -> '\Device\HarddiskVolume2\Windows\System32\ole32.dll' [rcNtRedir=0xc0150008]
1220.ef0: supR3HardenedWinVerifyCacheProcessImportTodos: Processing 'shell32.dll'...
1220.ef0: supR3HardenedWinVerifyCacheProcessImportTodos: 'shell32.dll' -> '\Device\HarddiskVolume2\Windows\System32\shell32.dll' [rcNtRedir=0xc0150008]
1220.ef0: supR3HardenedScreenImage/Imports: cache hit (VINF_SUCCESS) on \Device\HarddiskVolume2\Windows\System32\shell32.dll
1220.ef0: supR3HardenedWinVerifyCacheProcessImportTodos: Processing 'user32.dll'...
1220.ef0: supR3HardenedWinVerifyCacheProcessImportTodos: 'user32.dll' -> '\Device\HarddiskVolume2\Windows\System32\user32.dll' [rcNtRedir=0xc0150008]
1220.ef0: supR3HardenedWinVerifyCacheProcessImportTodos: Processing 'vboxrt.dll'...
1220.ef0: supR3HardenedWinVerifyCacheProcessImportTodos: 'vboxrt.dll' -> '\Device\HarddiskVolume2\Program Files\Oracle\VirtualBox\vboxrt.dll' [rcNtRedir=0xc0150008]
1220.ef0: supR3HardenedMonitor_LdrLoadDll: pName=C:\Program Files\Oracle\VirtualBox\VBoxSharedClipboard.DLL (rcNtResolve=0xc0150008) *pfFlags=0x0 pwszSearchPath=0000000000000001:<flags> [calling]
1220.ef0: supR3HardenedScreenImage/NtCreateSection: cache hit (VINF_SUCCESS) on \Device\HarddiskVolume2\Program Files\Oracle\VirtualBox\VBoxSharedClipboard.dll
1220.ef0: supR3HardenedDllNotificationCallback: load   00007ffd43110000 LB 0x00022000 C:\Program Files\Oracle\VirtualBox\VBoxSharedClipboard.DLL [fFlags=0x0]
1220.ef0: supR3HardenedScreenImage/LdrLoadDll: cache hit (VINF_SUCCESS) on \Device\HarddiskVolume2\Program Files\Oracle\VirtualBox\VBoxSharedClipboard.dll
1220.ef0: supR3HardenedMonitor_LdrLoadDll: returns rcNt=0x0 hMod=00007ffd43110000 'C:\Program Files\Oracle\VirtualBox\VBoxSharedClipboard.DLL'
1220.1600: supR3HardenedMonitor_LdrLoadDll: returns rcNt=0x0 hMod=00007ffd5fd10000 'C:\Windows\system32\rsaenh.dll'
1220.1600: supR3HardenedMonitor_LdrLoadDll: returns rcNt=0x0 hMod=00007ffd60e40000 'C:\Windows\System32\crypt32.dll'
1220.1600: supR3HardenedWinVerifyCacheScheduleImports: Import todo: #0 'vboxrt.dll'.
1220.1600: supR3HardenedWinVerifyCacheScheduleImports: Import todo: #2 'vcruntime140.dll'.
1220.1600: supR3HardenedWinVerifyCacheScheduleImports: Import todo: #3 'vcruntime140_1.dll'.
1220.1600: supR3HardenedWinVerifyCacheScheduleImports: Import todo: #4 'msvcp140.dll'.
1220.1600: supHardenedWinVerifyImageByHandle: -> 0 (\Device\HarddiskVolume2\Program Files\Oracle\VirtualBox\VBoxDragAndDropSvc.dll) WinVerifyTrust
1220.1600: supR3HardenedWinVerifyCacheInsert: \Device\HarddiskVolume2\Program Files\Oracle\VirtualBox\VBoxDragAndDropSvc.dll
1220.1600: supR3HardenedWinVerifyCacheProcessImportTodos: Processing 'msvcp140.dll'...
1220.1600: supR3HardenedWinVerifyCacheProcessImportTodos: 'msvcp140.dll' -> '\Device\HarddiskVolume2\Windows\System32\msvcp140.dll' [rcNtRedir=0xc0150008]
1220.1600: supR3HardenedWinVerifyCacheProcessImportTodos: Processing 'vcruntime140_1.dll'...
1220.1600: supR3HardenedWinVerifyCacheProcessImportTodos: 'vcruntime140_1.dll' -> '\Device\HarddiskVolume2\Windows\System32\vcruntime140_1.dll' [rcNtRedir=0xc0150008]
1220.1600: supR3HardenedScreenImage/Imports: cache hit (VINF_SUCCESS) on \Device\HarddiskVolume2\Windows\System32\vcruntime140_1.dll
1220.1600: supR3HardenedWinVerifyCacheProcessImportTodos: Processing 'vcruntime140.dll'...
1220.1600: supR3HardenedWinVerifyCacheProcessImportTodos: 'vcruntime140.dll' -> '\Device\HarddiskVolume2\Windows\System32\vcruntime140.dll' [rcNtRedir=0xc0150008]
1220.1600: supR3HardenedWinVerifyCacheProcessImportTodos: Processing 'vboxrt.dll'...
1220.1600: supR3HardenedWinVerifyCacheProcessImportTodos: 'vboxrt.dll' -> '\Device\HarddiskVolume2\Program Files\Oracle\VirtualBox\vboxrt.dll' [rcNtRedir=0xc0150008]
1220.1600: supR3HardenedMonitor_LdrLoadDll: pName=C:\Program Files\Oracle\VirtualBox\VBoxDragAndDropSvc.DLL (rcNtResolve=0xc0150008) *pfFlags=0x0 pwszSearchPath=0000000000000001:<flags> [calling]
1220.1600: supR3HardenedScreenImage/NtCreateSection: cache hit (VINF_SUCCESS) on \Device\HarddiskVolume2\Program Files\Oracle\VirtualBox\VBoxDragAndDropSvc.dll
1220.1600: supR3HardenedDllNotificationCallback: load   00007ffd5ac30000 LB 0x0000d000 C:\Program Files\Oracle\VirtualBox\VBoxDragAndDropSvc.DLL [fFlags=0x0]
1220.1600: supR3HardenedScreenImage/LdrLoadDll: cache hit (VINF_SUCCESS) on \Device\HarddiskVolume2\Program Files\Oracle\VirtualBox\VBoxDragAndDropSvc.dll
1220.1600: supR3HardenedMonitor_LdrLoadDll: returns rcNt=0x0 hMod=00007ffd5ac30000 'C:\Program Files\Oracle\VirtualBox\VBoxDragAndDropSvc.DLL'
1220.654: supR3HardenedScreenImage/LdrLoadDll: cache hit (VINF_SUCCESS) on \Device\HarddiskVolume2\Windows\System32\shell32.dll
1220.654: supR3HardenedMonitor_LdrLoadDll: pName=C:\Windows\system32\Shell32.dll (rcNtResolve=0xc0150008) *pfFlags=0x0 pwszSearchPath=0000000000000001:<flags> [calling]
1220.654: supR3HardenedMonitor_LdrLoadDll: returns rcNt=0x0 hMod=00007ffd62330000 'C:\Windows\system32\Shell32.dll'
1220.654: supR3HardenedMonitor_LdrLoadDll: returns rcNt=0x0 hMod=00007ffd5fd10000 'C:\Windows\system32\rsaenh.dll'
1220.654: supR3HardenedMonitor_LdrLoadDll: returns rcNt=0x0 hMod=00007ffd60e40000 'C:\Windows\System32\crypt32.dll'
1220.654: supR3HardenedMonitor_LdrLoadDll: returns rcNt=0x0 hMod=00007ffd5fd10000 'C:\Windows\system32\rsaenh.dll'
1220.654: supR3HardenedMonitor_LdrLoadDll: returns rcNt=0x0 hMod=00007ffd60e40000 'C:\Windows\System32\crypt32.dll'
1220.654: supR3HardenedWinVerifyCacheScheduleImports: Import todo: #0 'vboxrt.dll'.
1220.654: supR3HardenedWinVerifyCacheScheduleImports: Import todo: #1 'vboxddu.dll'.
1220.654: supR3HardenedWinVerifyCacheScheduleImports: Import todo: #2 'vboxdd2.dll'.
1220.654: supR3HardenedWinVerifyCacheScheduleImports: Import todo: #4 'user32.dll'.
1220.654: supR3HardenedWinVerifyCacheScheduleImports: Import todo: #5 'setupapi.dll'.
1220.654: supR3HardenedWinVerifyCacheScheduleImports: Import todo: #6 'ws2_32.dll'.
1220.654: supR3HardenedWinVerifyCacheScheduleImports: Import todo: #7 'ole32.dll'.
1220.654: supR3HardenedWinVerifyCacheScheduleImports: Import todo: #8 'oleaut32.dll'.
1220.654: supR3HardenedWinVerifyCacheScheduleImports: Import todo: #9 'iphlpapi.dll'.
1220.654: supR3HardenedWinVerifyCacheScheduleImports: Import todo: #21 'vcruntime140.dll'.
1220.654: supR3HardenedWinVerifyCacheScheduleImports: Import todo: #22 'vcruntime140_1.dll'.
1220.654: supHardenedWinVerifyImageByHandle: -> 0 (\Device\HarddiskVolume2\Program Files\Oracle\VirtualBox\VBoxDD.dll) WinVerifyTrust
1220.654: supR3HardenedWinVerifyCacheInsert: \Device\HarddiskVolume2\Program Files\Oracle\VirtualBox\VBoxDD.dll
1220.654: supR3HardenedWinVerifyCacheProcessImportTodos: Processing 'vcruntime140_1.dll'...
1220.654: supR3HardenedWinVerifyCacheProcessImportTodos: 'vcruntime140_1.dll' -> '\Device\HarddiskVolume2\Windows\System32\vcruntime140_1.dll' [rcNtRedir=0xc0150008]
1220.654: supR3HardenedWinVerifyCacheProcessImportTodos: Processing 'vcruntime140.dll'...
1220.654: supR3HardenedWinVerifyCacheProcessImportTodos: 'vcruntime140.dll' -> '\Device\HarddiskVolume2\Windows\System32\vcruntime140.dll' [rcNtRedir=0xc0150008]
1220.654: supR3HardenedWinVerifyCacheProcessImportTodos: Processing 'iphlpapi.dll'...
1220.654: supR3HardenedWinVerifyCacheProcessImportTodos: 'iphlpapi.dll' -> '\Device\HarddiskVolume2\Windows\System32\iphlpapi.dll' [rcNtRedir=0xc0150008]
1220.654: supR3HardenedMonitor_LdrLoadDll: returns rcNt=0x0 hMod=00007ffd5fd10000 'C:\Windows\system32\rsaenh.dll'
1220.654: supR3HardenedMonitor_LdrLoadDll: returns rcNt=0x0 hMod=00007ffd60e40000 'C:\Windows\System32\crypt32.dll'
1220.654: supHardenedWinVerifyImageByHandle: -> 0 (\Device\HarddiskVolume2\Windows\System32\IPHLPAPI.DLL) WinVerifyTrust
1220.654: supR3HardenedWinVerifyCacheInsert: \Device\HarddiskVolume2\Windows\System32\IPHLPAPI.DLL
1220.654: supR3HardenedWinVerifyCacheProcessImportTodos: Processing 'oleaut32.dll'...
1220.654: supR3HardenedWinVerifyCacheProcessImportTodos: 'oleaut32.dll' -> '\Device\HarddiskVolume2\Windows\System32\oleaut32.dll' [rcNtRedir=0xc0150008]
1220.654: supR3HardenedWinVerifyCacheProcessImportTodos: Processing 'ole32.dll'...
1220.654: supR3HardenedWinVerifyCacheProcessImportTodos: 'ole32.dll' -> '\Device\HarddiskVolume2\Windows\System32\ole32.dll' [rcNtRedir=0xc0150008]
1220.654: supR3HardenedWinVerifyCacheProcessImportTodos: Processing 'ws2_32.dll'...
1220.654: supR3HardenedWinVerifyCacheProcessImportTodos: 'ws2_32.dll' -> '\Device\HarddiskVolume2\Windows\System32\ws2_32.dll' [rcNtRedir=0xc0150008]
1220.654: supR3HardenedScreenImage/Imports: cache hit (VINF_SUCCESS) on \Device\HarddiskVolume2\Windows\System32\ws2_32.dll
1220.654: supR3HardenedWinVerifyCacheProcessImportTodos: Processing 'setupapi.dll'...
1220.654: supR3HardenedWinVerifyCacheProcessImportTodos: 'setupapi.dll' -> '\Device\HarddiskVolume2\Windows\System32\setupapi.dll' [rcNtRedir=0xc0150008]
1220.654: supR3HardenedScreenImage/Imports: cache hit (VINF_SUCCESS) on \Device\HarddiskVolume2\Windows\System32\setupapi.dll
1220.654: supR3HardenedWinVerifyCacheProcessImportTodos: Processing 'user32.dll'...
1220.654: supR3HardenedWinVerifyCacheProcessImportTodos: 'user32.dll' -> '\Device\HarddiskVolume2\Windows\System32\user32.dll' [rcNtRedir=0xc0150008]
1220.654: supR3HardenedWinVerifyCacheProcessImportTodos: Processing 'vboxdd2.dll'...
1220.654: supR3HardenedWinVerifyCacheProcessImportTodos: 'vboxdd2.dll' -> '\Device\HarddiskVolume2\Program Files\Oracle\VirtualBox\vboxdd2.dll' [rcNtRedir=0xc0150008]
1220.654: supR3HardenedMonitor_LdrLoadDll: returns rcNt=0x0 hMod=00007ffd5fd10000 'C:\Windows\system32\rsaenh.dll'
1220.654: supR3HardenedMonitor_LdrLoadDll: returns rcNt=0x0 hMod=00007ffd60e40000 'C:\Windows\System32\crypt32.dll'
1220.654: supR3HardenedWinVerifyCacheScheduleImports: Import todo: #0 'vboxrt.dll'.
1220.654: supR3HardenedWinVerifyCacheScheduleImports: Import todo: #3 'vcruntime140.dll'.
1220.654: supHardenedWinVerifyImageByHandle: -> 0 (\Device\HarddiskVolume2\Program Files\Oracle\VirtualBox\VBoxDD2.dll) WinVerifyTrust
1220.654: supR3HardenedWinVerifyCacheInsert: \Device\HarddiskVolume2\Program Files\Oracle\VirtualBox\VBoxDD2.dll
1220.654: supR3HardenedWinVerifyCacheProcessImportTodos: Processing 'vboxddu.dll'...
1220.654: supR3HardenedWinVerifyCacheProcessImportTodos: 'vboxddu.dll' -> '\Device\HarddiskVolume2\Program Files\Oracle\VirtualBox\vboxddu.dll' [rcNtRedir=0xc0150008]
1220.654: supR3HardenedWinVerifyCacheProcessImportTodos: Processing 'vcruntime140.dll'...
1220.654: supR3HardenedWinVerifyCacheProcessImportTodos: 'vcruntime140.dll' -> '\Device\HarddiskVolume2\Windows\System32\vcruntime140.dll' [rcNtRedir=0xc0150008]
1220.654: supR3HardenedWinVerifyCacheProcessImportTodos: Processing 'vboxrt.dll'...
1220.654: supR3HardenedWinVerifyCacheProcessImportTodos: 'vboxrt.dll' -> '\Device\HarddiskVolume2\Program Files\Oracle\VirtualBox\vboxrt.dll' [rcNtRedir=0xc0150008]
1220.654: supR3HardenedMonitor_LdrLoadDll: returns rcNt=0x0 hMod=00007ffd5fd10000 'C:\Windows\system32\rsaenh.dll'
1220.654: supR3HardenedMonitor_LdrLoadDll: returns rcNt=0x0 hMod=00007ffd60e40000 'C:\Windows\System32\crypt32.dll'
1220.654: supR3HardenedWinVerifyCacheScheduleImports: Import todo: #0 'vboxrt.dll'.
1220.654: supR3HardenedWinVerifyCacheScheduleImports: Import todo: #2 'user32.dll'.
1220.654: supR3HardenedWinVerifyCacheScheduleImports: Import todo: #3 'setupapi.dll'.
1220.654: supR3HardenedWinVerifyCacheScheduleImports: Import todo: #5 'vcruntime140.dll'.
1220.654: supR3HardenedWinVerifyCacheScheduleImports: Import todo: #6 'advapi32.dll'.
1220.654: supHardenedWinVerifyImageByHandle: -> 0 (\Device\HarddiskVolume2\Program Files\Oracle\VirtualBox\VBoxDDU.dll) WinVerifyTrust
1220.654: supR3HardenedWinVerifyCacheInsert: \Device\HarddiskVolume2\Program Files\Oracle\VirtualBox\VBoxDDU.dll
1220.654: supR3HardenedWinVerifyCacheProcessImportTodos: Processing 'vboxrt.dll'...
1220.654: supR3HardenedWinVerifyCacheProcessImportTodos: 'vboxrt.dll' -> '\Device\HarddiskVolume2\Program Files\Oracle\VirtualBox\vboxrt.dll' [rcNtRedir=0xc0150008]
1220.654: supR3HardenedWinVerifyCacheProcessImportTodos: Processing 'advapi32.dll'...
1220.654: supR3HardenedWinVerifyCacheProcessImportTodos: 'advapi32.dll' -> '\Device\HarddiskVolume2\Windows\System32\advapi32.dll' [rcNtRedir=0xc0150008]
1220.654: supR3HardenedScreenImage/Imports: cache hit (VINF_SUCCESS) on \Device\HarddiskVolume2\Windows\System32\advapi32.dll
1220.654: supR3HardenedWinVerifyCacheProcessImportTodos: Processing 'vcruntime140.dll'...
1220.654: supR3HardenedWinVerifyCacheProcessImportTodos: 'vcruntime140.dll' -> '\Device\HarddiskVolume2\Windows\System32\vcruntime140.dll' [rcNtRedir=0xc0150008]
1220.654: supR3HardenedWinVerifyCacheProcessImportTodos: Processing 'setupapi.dll'...
1220.654: supR3HardenedWinVerifyCacheProcessImportTodos: 'setupapi.dll' -> '\Device\HarddiskVolume2\Windows\System32\setupapi.dll' [rcNtRedir=0xc0150008]
1220.654: supR3HardenedScreenImage/Imports: cache hit (VINF_SUCCESS) on \Device\HarddiskVolume2\Windows\System32\setupapi.dll
1220.654: supR3HardenedWinVerifyCacheProcessImportTodos: Processing 'user32.dll'...
1220.654: supR3HardenedWinVerifyCacheProcessImportTodos: 'user32.dll' -> '\Device\HarddiskVolume2\Windows\System32\user32.dll' [rcNtRedir=0xc0150008]
1220.654: supR3HardenedWinVerifyCacheProcessImportTodos: Processing 'vboxrt.dll'...
1220.654: supR3HardenedWinVerifyCacheProcessImportTodos: 'vboxrt.dll' -> '\Device\HarddiskVolume2\Program Files\Oracle\VirtualBox\vboxrt.dll' [rcNtRedir=0xc0150008]
1220.654: supR3HardenedMonitor_LdrLoadDll: pName=C:\Program Files\Oracle\VirtualBox\VBoxDD.DLL (rcNtResolve=0xc0150008) *pfFlags=0x0 pwszSearchPath=0000000000000001:<flags> [calling]
1220.654: supR3HardenedScreenImage/NtCreateSection: cache hit (VINF_SUCCESS) on \Device\HarddiskVolume2\Program Files\Oracle\VirtualBox\VBoxDD.dll
1220.654: supR3HardenedScreenImage/NtCreateSection: cache hit (VINF_SUCCESS) on \Device\HarddiskVolume2\Program Files\Oracle\VirtualBox\VBoxDDU.dll
1220.654: supR3HardenedScreenImage/NtCreateSection: cache hit (VINF_SUCCESS) on \Device\HarddiskVolume2\Program Files\Oracle\VirtualBox\VBoxDD2.dll
1220.654: supR3HardenedScreenImage/NtCreateSection: cache hit (VINF_SUCCESS) on \Device\HarddiskVolume2\Windows\System32\IPHLPAPI.DLL
1220.654: supR3HardenedDllNotificationCallback: load   00007ffd39ec0000 LB 0x00075000 C:\Program Files\Oracle\VirtualBox\VBoxDDU.dll [fFlags=0x0]
1220.654: supR3HardenedScreenImage/LdrLoadDll: cache hit (VINF_SUCCESS) on \Device\HarddiskVolume2\Program Files\Oracle\VirtualBox\VBoxDDU.dll
1220.654: supR3HardenedDllNotificationCallback: load   00007ffccab50000 LB 0x00e5e000 C:\Program Files\Oracle\VirtualBox\VBoxDD2.dll [fFlags=0x0]
1220.654: supR3HardenedScreenImage/LdrLoadDll: cache hit (VINF_SUCCESS) on \Device\HarddiskVolume2\Program Files\Oracle\VirtualBox\VBoxDD2.dll
1220.654: supR3HardenedDllNotificationCallback: load   00007ffd600d0000 LB 0x0003b000 C:\Windows\SYSTEM32\IPHLPAPI.DLL [fFlags=0x0]
1220.654: supR3HardenedScreenImage/LdrLoadDll: cache hit (VINF_SUCCESS) on \Device\HarddiskVolume2\Windows\System32\IPHLPAPI.DLL
1220.654: supR3HardenedDllNotificationCallback: load   00007ffccb9b0000 LB 0x00afd000 C:\Program Files\Oracle\VirtualBox\VBoxDD.DLL [fFlags=0x0]
1220.654: supR3HardenedScreenImage/LdrLoadDll: cache hit (VINF_SUCCESS) on \Device\HarddiskVolume2\Program Files\Oracle\VirtualBox\VBoxDD.dll
1220.654: supR3HardenedMonitor_LdrLoadDll: returns rcNt=0x0 hMod=00007ffccb9b0000 'C:\Program Files\Oracle\VirtualBox\VBoxDD.DLL'
1220.654: supR3HardenedScreenImage/LdrLoadDll: cache hit (VINF_SUCCESS) on \Device\HarddiskVolume2\Windows\System32\rsaenh.dll
1220.654: supR3HardenedMonitor_LdrLoadDll: pName=C:\Windows\system32\rsaenh.dll (rcNtResolve=0xc0150008) *pfFlags=0x0 pwszSearchPath=0000000000000001:<flags> [calling]
1220.654: supR3HardenedMonitor_LdrLoadDll: returns rcNt=0x0 hMod=00007ffd5fd10000 'C:\Windows\system32\rsaenh.dll'
1220.654: supR3HardenedMonitor_LdrLoadDll: returns rcNt=0x0 hMod=00007ffd60e40000 'C:\Windows\System32\crypt32.dll'
1220.654: supR3HardenedScreenImage/LdrLoadDll: cache hit (VINF_SUCCESS) on \Device\HarddiskVolume2\Program Files\Oracle\VirtualBox\VBoxC.dll
1220.654: supR3HardenedMonitor_LdrLoadDll: pName=C:\Program Files\Oracle\VirtualBox\VBoxC.DLL (rcNtResolve=0xc0150008) *pfFlags=0x0 pwszSearchPath=0000000000000001:<flags> [calling]
1220.654: supR3HardenedMonitor_LdrLoadDll: returns rcNt=0x0 hMod=00007ffcd4540000 'C:\Program Files\Oracle\VirtualBox\VBoxC.DLL'
1220.654: supR3HardenedMonitor_LdrLoadDll: returns rcNt=0x0 hMod=00007ffd5fd10000 'C:\Windows\system32\rsaenh.dll'
1220.654: supR3HardenedMonitor_LdrLoadDll: returns rcNt=0x0 hMod=00007ffd60e40000 'C:\Windows\System32\crypt32.dll'
1220.654: supR3HardenedScreenImage/LdrLoadDll: cache hit (VINF_SUCCESS) on \Device\HarddiskVolume2\Program Files\Oracle\VirtualBox\VBoxDD2.dll
1220.654: supR3HardenedMonitor_LdrLoadDll: pName=C:\Program Files\Oracle\VirtualBox\VBoxDD2.DLL (rcNtResolve=0xc0150008) *pfFlags=0x0 pwszSearchPath=0000000000000001:<flags> [calling]
1220.654: supR3HardenedMonitor_LdrLoadDll: returns rcNt=0x0 hMod=00007ffccab50000 'C:\Program Files\Oracle\VirtualBox\VBoxDD2.DLL'
1220.654: supR3HardenedMonitor_LdrLoadDll: returns rcNt=0x0 hMod=00007ffd5fd10000 'C:\Windows\system32\rsaenh.dll'
1220.654: supR3HardenedMonitor_LdrLoadDll: returns rcNt=0x0 hMod=00007ffd60e40000 'C:\Windows\System32\crypt32.dll'
1220.17f4: supR3HardenedMonitor_LdrLoadDll: returns rcNt=0x0 hMod=00007ffd5fd10000 'C:\Windows\system32\rsaenh.dll'
1220.17f4: supR3HardenedMonitor_LdrLoadDll: returns rcNt=0x0 hMod=00007ffd60e40000 'C:\Windows\System32\crypt32.dll'
1220.17f4: supR3HardenedWinVerifyCacheScheduleImports: Import todo: #0 'vboxrt.dll'.
1220.17f4: supR3HardenedWinVerifyCacheScheduleImports: Import todo: #1 'vcruntime140.dll'.
1220.17f4: supHardenedWinVerifyImageByHandle: -> 0 (\Device\HarddiskVolume2\Program Files\Oracle\VirtualBox\VBoxSharedFolders.dll) WinVerifyTrust
1220.17f4: supR3HardenedWinVerifyCacheInsert: \Device\HarddiskVolume2\Program Files\Oracle\VirtualBox\VBoxSharedFolders.dll
1220.17f4: supR3HardenedWinVerifyCacheProcessImportTodos: Processing 'vcruntime140.dll'...
1220.17f4: supR3HardenedWinVerifyCacheProcessImportTodos: 'vcruntime140.dll' -> '\Device\HarddiskVolume2\Windows\System32\vcruntime140.dll' [rcNtRedir=0xc0150008]
1220.17f4: supR3HardenedWinVerifyCacheProcessImportTodos: Processing 'vboxrt.dll'...
1220.17f4: supR3HardenedWinVerifyCacheProcessImportTodos: 'vboxrt.dll' -> '\Device\HarddiskVolume2\Program Files\Oracle\VirtualBox\vboxrt.dll' [rcNtRedir=0xc0150008]
1220.17f4: supR3HardenedMonitor_LdrLoadDll: pName=C:\Program Files\Oracle\VirtualBox\VBoxSharedFolders.DLL (rcNtResolve=0xc0150008) *pfFlags=0x0 pwszSearchPath=0000000000000001:<flags> [calling]
1220.17f4: supR3HardenedScreenImage/NtCreateSection: cache hit (VINF_SUCCESS) on \Device\HarddiskVolume2\Program Files\Oracle\VirtualBox\VBoxSharedFolders.dll
1220.17f4: supR3HardenedDllNotificationCallback: load   00007ffd41530000 LB 0x00016000 C:\Program Files\Oracle\VirtualBox\VBoxSharedFolders.DLL [fFlags=0x0]
1220.17f4: supR3HardenedScreenImage/LdrLoadDll: cache hit (VINF_SUCCESS) on \Device\HarddiskVolume2\Program Files\Oracle\VirtualBox\VBoxSharedFolders.dll
1220.17f4: supR3HardenedMonitor_LdrLoadDll: returns rcNt=0x0 hMod=00007ffd41530000 'C:\Program Files\Oracle\VirtualBox\VBoxSharedFolders.DLL'
1220.68: supR3HardenedMonitor_LdrLoadDll: returns rcNt=0x0 hMod=00007ffd5fd10000 'C:\Windows\system32\rsaenh.dll'
1220.68: supR3HardenedMonitor_LdrLoadDll: returns rcNt=0x0 hMod=00007ffd60e40000 'C:\Windows\System32\crypt32.dll'
1220.68: supR3HardenedWinVerifyCacheScheduleImports: Import todo: #0 'vboxrt.dll'.
1220.68: supR3HardenedWinVerifyCacheScheduleImports: Import todo: #2 'vcruntime140.dll'.
1220.68: supR3HardenedWinVerifyCacheScheduleImports: Import todo: #3 'vcruntime140_1.dll'.
1220.68: supR3HardenedWinVerifyCacheScheduleImports: Import todo: #4 'msvcp140.dll'.
1220.68: supHardenedWinVerifyImageByHandle: -> 0 (\Device\HarddiskVolume2\Program Files\Oracle\VirtualBox\VBoxGuestControlSvc.dll) WinVerifyTrust
1220.68: supR3HardenedWinVerifyCacheInsert: \Device\HarddiskVolume2\Program Files\Oracle\VirtualBox\VBoxGuestControlSvc.dll
1220.68: supR3HardenedWinVerifyCacheProcessImportTodos: Processing 'msvcp140.dll'...
1220.68: supR3HardenedWinVerifyCacheProcessImportTodos: 'msvcp140.dll' -> '\Device\HarddiskVolume2\Windows\System32\msvcp140.dll' [rcNtRedir=0xc0150008]
1220.68: supR3HardenedWinVerifyCacheProcessImportTodos: Processing 'vcruntime140_1.dll'...
1220.68: supR3HardenedWinVerifyCacheProcessImportTodos: 'vcruntime140_1.dll' -> '\Device\HarddiskVolume2\Windows\System32\vcruntime140_1.dll' [rcNtRedir=0xc0150008]
1220.68: supR3HardenedWinVerifyCacheProcessImportTodos: Processing 'vcruntime140.dll'...
1220.68: supR3HardenedWinVerifyCacheProcessImportTodos: 'vcruntime140.dll' -> '\Device\HarddiskVolume2\Windows\System32\vcruntime140.dll' [rcNtRedir=0xc0150008]
1220.68: supR3HardenedWinVerifyCacheProcessImportTodos: Processing 'vboxrt.dll'...
1220.68: supR3HardenedWinVerifyCacheProcessImportTodos: 'vboxrt.dll' -> '\Device\HarddiskVolume2\Program Files\Oracle\VirtualBox\vboxrt.dll' [rcNtRedir=0xc0150008]
1220.68: supR3HardenedMonitor_LdrLoadDll: pName=C:\Program Files\Oracle\VirtualBox\VBoxGuestControlSvc.DLL (rcNtResolve=0xc0150008) *pfFlags=0x0 pwszSearchPath=0000000000000001:<flags> [calling]
1220.68: supR3HardenedScreenImage/NtCreateSection: cache hit (VINF_SUCCESS) on \Device\HarddiskVolume2\Program Files\Oracle\VirtualBox\VBoxGuestControlSvc.dll
1220.68: supR3HardenedDllNotificationCallback: load   00007ffd4d740000 LB 0x0000c000 C:\Program Files\Oracle\VirtualBox\VBoxGuestControlSvc.DLL [fFlags=0x0]
1220.68: supR3HardenedScreenImage/LdrLoadDll: cache hit (VINF_SUCCESS) on \Device\HarddiskVolume2\Program Files\Oracle\VirtualBox\VBoxGuestControlSvc.dll
1220.68: supR3HardenedMonitor_LdrLoadDll: returns rcNt=0x0 hMod=00007ffd4d740000 'C:\Program Files\Oracle\VirtualBox\VBoxGuestControlSvc.DLL'
1220.4e0: supR3HardenedMonitor_LdrLoadDll: returns rcNt=0x0 hMod=00007ffd5fd10000 'C:\Windows\system32\rsaenh.dll'
1220.4e0: supR3HardenedMonitor_LdrLoadDll: returns rcNt=0x0 hMod=00007ffd60e40000 'C:\Windows\System32\crypt32.dll'
1220.4e0: supR3HardenedWinVerifyCacheScheduleImports: Import todo: #0 'vboxrt.dll'.
1220.4e0: supR3HardenedWinVerifyCacheScheduleImports: Import todo: #2 'vcruntime140.dll'.
1220.4e0: supR3HardenedWinVerifyCacheScheduleImports: Import todo: #3 'vcruntime140_1.dll'.
1220.4e0: supR3HardenedWinVerifyCacheScheduleImports: Import todo: #4 'msvcp140.dll'.
1220.4e0: supHardenedWinVerifyImageByHandle: -> 0 (\Device\HarddiskVolume2\Program Files\Oracle\VirtualBox\VBoxGuestPropSvc.dll) WinVerifyTrust
1220.4e0: supR3HardenedWinVerifyCacheInsert: \Device\HarddiskVolume2\Program Files\Oracle\VirtualBox\VBoxGuestPropSvc.dll
1220.4e0: supR3HardenedWinVerifyCacheProcessImportTodos: Processing 'msvcp140.dll'...
1220.4e0: supR3HardenedWinVerifyCacheProcessImportTodos: 'msvcp140.dll' -> '\Device\HarddiskVolume2\Windows\System32\msvcp140.dll' [rcNtRedir=0xc0150008]
1220.4e0: supR3HardenedWinVerifyCacheProcessImportTodos: Processing 'vcruntime140_1.dll'...
1220.4e0: supR3HardenedWinVerifyCacheProcessImportTodos: 'vcruntime140_1.dll' -> '\Device\HarddiskVolume2\Windows\System32\vcruntime140_1.dll' [rcNtRedir=0xc0150008]
1220.4e0: supR3HardenedWinVerifyCacheProcessImportTodos: Processing 'vcruntime140.dll'...
1220.4e0: supR3HardenedWinVerifyCacheProcessImportTodos: 'vcruntime140.dll' -> '\Device\HarddiskVolume2\Windows\System32\vcruntime140.dll' [rcNtRedir=0xc0150008]
1220.4e0: supR3HardenedWinVerifyCacheProcessImportTodos: Processing 'vboxrt.dll'...
1220.4e0: supR3HardenedWinVerifyCacheProcessImportTodos: 'vboxrt.dll' -> '\Device\HarddiskVolume2\Program Files\Oracle\VirtualBox\vboxrt.dll' [rcNtRedir=0xc0150008]
1220.4e0: supR3HardenedMonitor_LdrLoadDll: pName=C:\Program Files\Oracle\VirtualBox\VBoxGuestPropSvc.DLL (rcNtResolve=0xc0150008) *pfFlags=0x0 pwszSearchPath=0000000000000001:<flags> [calling]
1220.4e0: supR3HardenedScreenImage/NtCreateSection: cache hit (VINF_SUCCESS) on \Device\HarddiskVolume2\Program Files\Oracle\VirtualBox\VBoxGuestPropSvc.dll
1220.4e0: supR3HardenedDllNotificationCallback: load   00007ffd4d550000 LB 0x0000d000 C:\Program Files\Oracle\VirtualBox\VBoxGuestPropSvc.DLL [fFlags=0x0]
1220.4e0: supR3HardenedScreenImage/LdrLoadDll: cache hit (VINF_SUCCESS) on \Device\HarddiskVolume2\Program Files\Oracle\VirtualBox\VBoxGuestPropSvc.dll
1220.4e0: supR3HardenedMonitor_LdrLoadDll: returns rcNt=0x0 hMod=00007ffd4d550000 'C:\Program Files\Oracle\VirtualBox\VBoxGuestPropSvc.DLL'
1220.654: supR3HardenedMonitor_LdrLoadDll: returns rcNt=0x0 hMod=00007ffd5fd10000 'C:\Windows\system32\rsaenh.dll'
1220.654: supR3HardenedMonitor_LdrLoadDll: returns rcNt=0x0 hMod=00007ffd60e40000 'C:\Windows\System32\crypt32.dll'
1220.654: supR3HardenedWinVerifyCacheScheduleImports: Import todo: #12 'ws2_32.dll'.
1220.654: supR3HardenedWinVerifyCacheScheduleImports: Import todo: #21 'rpcrt4.dll'.
1220.654: supHardenedWinVerifyImageByHandle: -> 0 (\Device\HarddiskVolume2\Windows\System32\mswsock.dll) WinVerifyTrust
1220.654: supR3HardenedWinVerifyCacheInsert: \Device\HarddiskVolume2\Windows\System32\mswsock.dll
1220.654: supR3HardenedWinVerifyCacheProcessImportTodos: Processing 'rpcrt4.dll'...
1220.654: supR3HardenedWinVerifyCacheProcessImportTodos: 'rpcrt4.dll' -> '\Device\HarddiskVolume2\Windows\System32\rpcrt4.dll' [rcNtRedir=0xc0150008]
1220.654: supR3HardenedWinVerifyCacheProcessImportTodos: Processing 'ws2_32.dll'...
1220.654: supR3HardenedWinVerifyCacheProcessImportTodos: 'ws2_32.dll' -> '\Device\HarddiskVolume2\Windows\System32\ws2_32.dll' [rcNtRedir=0xc0150008]
1220.654: supR3HardenedScreenImage/Imports: cache hit (VINF_SUCCESS) on \Device\HarddiskVolume2\Windows\System32\ws2_32.dll
1220.654: supR3HardenedMonitor_LdrLoadDll: pName=C:\Windows\system32\mswsock.dll (rcNtResolve=0xc0150008) *pfFlags=0x0 pwszSearchPath=0000000000000001:<flags> [calling]
1220.654: supR3HardenedScreenImage/NtCreateSection: cache hit (VINF_SUCCESS) on \Device\HarddiskVolume2\Windows\System32\mswsock.dll
1220.654: supR3HardenedDllNotificationCallback: load   00007ffd603f0000 LB 0x0006a000 C:\Windows\system32\mswsock.dll [fFlags=0x0]
1220.654: supR3HardenedScreenImage/LdrLoadDll: cache hit (VINF_SUCCESS) on \Device\HarddiskVolume2\Windows\System32\mswsock.dll
1220.654: supR3HardenedMonitor_LdrLoadDll: returns rcNt=0x0 hMod=00007ffd603f0000 'C:\Windows\system32\mswsock.dll'
1220.654: supR3HardenedMonitor_LdrLoadDll: returns rcNt=0x0 hMod=00007ffd5fd10000 'C:\Windows\system32\rsaenh.dll'
1220.654: supR3HardenedMonitor_LdrLoadDll: returns rcNt=0x0 hMod=00007ffd60e40000 'C:\Windows\System32\crypt32.dll'
1220.654: supR3HardenedWinVerifyCacheScheduleImports: Import todo: #0 'msvcp_win.dll'.
1220.654: supR3HardenedWinVerifyCacheScheduleImports: Import todo: #16 'rpcrt4.dll'.
1220.654: supR3HardenedWinVerifyCacheScheduleImports: Import todo: #28 'devobj.dll'.
1220.654: supHardenedWinVerifyImageByHandle: -> 0 (\Device\HarddiskVolume2\Windows\System32\MMDevAPI.dll) WinVerifyTrust
1220.654: supR3HardenedWinVerifyCacheInsert: \Device\HarddiskVolume2\Windows\System32\MMDevAPI.dll
1220.654: supR3HardenedWinVerifyCacheProcessImportTodos: Processing 'devobj.dll'...
1220.654: supR3HardenedWinVerifyCacheProcessImportTodos: 'devobj.dll' -> '\Device\HarddiskVolume2\Windows\System32\devobj.dll' [rcNtRedir=0xc0150008]
1220.654: supR3HardenedScreenImage/Imports: cache hit (VINF_SUCCESS) on \Device\HarddiskVolume2\Windows\System32\devobj.dll
1220.654: supR3HardenedWinVerifyCacheProcessImportTodos: Processing 'rpcrt4.dll'...
1220.654: supR3HardenedWinVerifyCacheProcessImportTodos: 'rpcrt4.dll' -> '\Device\HarddiskVolume2\Windows\System32\rpcrt4.dll' [rcNtRedir=0xc0150008]
1220.654: supR3HardenedWinVerifyCacheProcessImportTodos: Processing 'msvcp_win.dll'...
1220.654: supR3HardenedWinVerifyCacheProcessImportTodos: 'msvcp_win.dll' -> '\Device\HarddiskVolume2\Windows\System32\msvcp_win.dll' [rcNtRedir=0xc0150008]
1220.654: supR3HardenedMonitor_LdrLoadDll: pName=C:\Windows\System32\MMDevApi.dll (rcNtResolve=0xc0150008) *pfFlags=0x0 pwszSearchPath=0000000000002009:<flags> [calling]
1220.654: supR3HardenedScreenImage/NtCreateSection: cache hit (VINF_SUCCESS) on \Device\HarddiskVolume2\Windows\System32\MMDevAPI.dll
1220.654: supR3HardenedDllNotificationCallback: load   00007ffd5ac90000 LB 0x00085000 C:\Windows\System32\MMDevApi.dll [fFlags=0x0]
1220.654: supR3HardenedScreenImage/LdrLoadDll: cache hit (VINF_SUCCESS) on \Device\HarddiskVolume2\Windows\System32\MMDevAPI.dll
1220.654: supR3HardenedMonitor_LdrLoadDll: returns rcNt=0x0 hMod=00007ffd5ac90000 'C:\Windows\System32\MMDevApi.dll'
1220.654: supR3HardenedScreenImage/LdrLoadDll: cache hit (VINF_SUCCESS) on \Device\HarddiskVolume2\Windows\System32\MMDevAPI.dll
1220.654: supR3HardenedMonitor_LdrLoadDll: pName=C:\Windows\System32\MMDEVAPI.DLL (Input=MMDEVAPI.DLL, rcNtResolve=0xc0150008) *pfFlags=0x0 pwszSearchPath=0000000000000001:<flags> [calling]
1220.654: supR3HardenedMonitor_LdrLoadDll: returns rcNt=0x0 hMod=00007ffd5ac90000 'C:\Windows\System32\MMDEVAPI.DLL'
1220.7ec: supR3HardenedMonitor_LdrLoadDll: returns rcNt=0x0 hMod=00007ffd5fd10000 'C:\Windows\system32\rsaenh.dll'
1220.7ec: supR3HardenedScreenImage/LdrLoadDll: cache hit (VINF_SUCCESS) on \Device\HarddiskVolume2\Windows\System32\wintrust.dll
1220.7ec: supR3HardenedMonitor_LdrLoadDll: pName=C:\Windows\System32\WINTRUST.DLL (Input=WINTRUST.DLL, rcNtResolve=0xc0150008) *pfFlags=0x0 pwszSearchPath=0000000000000001:<flags> [calling]
1220.7ec: supR3HardenedMonitor_LdrLoadDll: returns rcNt=0x0 hMod=00007ffd61650000 'C:\Windows\System32\WINTRUST.DLL'
1220.7ec: supR3HardenedMonitor_LdrLoadDll: returns rcNt=0x0 hMod=00007ffd60e40000 'C:\Windows\System32\CRYPT32.dll'
1220.7ec: supR3HardenedMonitor_LdrLoadDll: returns rcNt=0x0 hMod=00007ffd60e40000 'C:\Windows\System32\crypt32.dll'
1220.7ec: supR3HardenedWinVerifyCacheScheduleImports: Import todo: #0 'msvcp_win.dll'.
1220.7ec: supR3HardenedWinVerifyCacheScheduleImports: Import todo: #5 'rpcrt4.dll'.
1220.7ec: supR3HardenedWinVerifyCacheScheduleImports: Import todo: #7 'oleaut32.dll'.
1220.7ec: supR3HardenedWinVerifyCacheScheduleImports: Import todo: #29 'mmdevapi.dll'.
1220.7ec: supHardenedWinVerifyImageByHandle: -> 0 (\Device\HarddiskVolume2\Windows\System32\AudioSes.dll) WinVerifyTrust
1220.7ec: supR3HardenedWinVerifyCacheInsert: \Device\HarddiskVolume2\Windows\System32\AudioSes.dll
1220.7ec: supR3HardenedWinVerifyCacheProcessImportTodos: Processing 'mmdevapi.dll'...
1220.7ec: supR3HardenedWinVerifyCacheProcessImportTodos: 'mmdevapi.dll' -> '\Device\HarddiskVolume2\Windows\System32\mmdevapi.dll' [rcNtRedir=0xc0150008]
1220.7ec: supR3HardenedScreenImage/Imports: cache hit (VINF_SUCCESS) on \Device\HarddiskVolume2\Windows\System32\MMDevAPI.dll
1220.7ec: supR3HardenedWinVerifyCacheProcessImportTodos: Processing 'oleaut32.dll'...
1220.7ec: supR3HardenedWinVerifyCacheProcessImportTodos: 'oleaut32.dll' -> '\Device\HarddiskVolume2\Windows\System32\oleaut32.dll' [rcNtRedir=0xc0150008]
1220.7ec: supR3HardenedWinVerifyCacheProcessImportTodos: Processing 'rpcrt4.dll'...
1220.7ec: supR3HardenedWinVerifyCacheProcessImportTodos: 'rpcrt4.dll' -> '\Device\HarddiskVolume2\Windows\System32\rpcrt4.dll' [rcNtRedir=0xc0150008]
1220.7ec: supR3HardenedScreenImage/Imports: cache hit (VINF_SUCCESS) on \Device\HarddiskVolume2\Windows\System32\rpcrt4.dll
1220.7ec: supR3HardenedWinVerifyCacheProcessImportTodos: Processing 'msvcp_win.dll'...
1220.7ec: supR3HardenedWinVerifyCacheProcessImportTodos: 'msvcp_win.dll' -> '\Device\HarddiskVolume2\Windows\System32\msvcp_win.dll' [rcNtRedir=0xc0150008]
1220.7ec: supR3HardenedMonitor_LdrLoadDll: pName=C:\Windows\System32\AUDIOSES.DLL (Input=AUDIOSES.DLL, rcNtResolve=0xc0150008) *pfFlags=0x0 pwszSearchPath=0000000000000001:<flags> [calling]
1220.7ec: supR3HardenedScreenImage/NtCreateSection: cache hit (VINF_SUCCESS) on \Device\HarddiskVolume2\Windows\System32\AudioSes.dll
1220.7ec: supR3HardenedDllNotificationCallback: load   00007ffd5ad90000 LB 0x00181000 C:\Windows\System32\AUDIOSES.DLL [fFlags=0x0]
1220.7ec: supR3HardenedScreenImage/LdrLoadDll: cache hit (VINF_SUCCESS) on \Device\HarddiskVolume2\Windows\System32\AudioSes.dll
1220.7ec: supR3HardenedMonitor_LdrLoadDll: returns rcNt=0x0 hMod=00007ffd5ad90000 'C:\Windows\System32\AUDIOSES.DLL'
1220.aa8: supR3HardenedScreenImage/LdrLoadDll: cache hit (VINF_SUCCESS) on \Device\HarddiskVolume2\Windows\System32\msctf.dll
1220.aa8: supR3HardenedMonitor_LdrLoadDll: pName=C:\Windows\System32\MSCTF.dll (rcNtResolve=0xc0150008) *pfFlags=0x0 pwszSearchPath=0000000000000009:<flags> [calling]
1220.aa8: supR3HardenedMonitor_LdrLoadDll: returns rcNt=0x0 hMod=00007ffd61c70000 'C:\Windows\System32\MSCTF.dll'
1220.aa8: supR3HardenedIsApiSetDll: ApiSetQueryApiSetPresence(ext-ms-win-rtcore-ntuser-window-ext-l1-1-0.dll) -> 0x0, fPresent=1
1220.aa8: supR3HardenedMonitor_LdrLoadDll: pName=ext-ms-win-rtcore-ntuser-window-ext-l1-1-0.dll (rcNtResolve=0x0) *pfFlags=0x0 pwszSearchPath=0000000000000001:<flags> [calling]
1220.aa8: supR3HardenedMonitor_LdrLoadDll: returns rcNt=0x0 hMod=00007ffd634c0000 'ext-ms-win-rtcore-ntuser-window-ext-l1-1-0.dll'
1220.aa8: supR3HardenedIsApiSetDll: ApiSetQueryApiSetPresence(ext-ms-win-rtcore-ntuser-integration-l1-1-0.dll) -> 0x0, fPresent=1
1220.aa8: supR3HardenedMonitor_LdrLoadDll: pName=ext-ms-win-rtcore-ntuser-integration-l1-1-0.dll (rcNtResolve=0x0) *pfFlags=0x0 pwszSearchPath=0000000000000001:<flags> [calling]
1220.aa8: supR3HardenedMonitor_LdrLoadDll: returns rcNt=0x0 hMod=00007ffd634c0000 'ext-ms-win-rtcore-ntuser-integration-l1-1-0.dll'
1220.aa8: supR3HardenedIsApiSetDll: ApiSetQueryApiSetPresence(api-ms-win-core-com-l1-1-0.dll) -> 0x0, fPresent=1
1220.aa8: supR3HardenedMonitor_LdrLoadDll: pName=api-ms-win-core-com-l1-1-0.dll (rcNtResolve=0x0) *pfFlags=0x0 pwszSearchPath=0000000000000001:<flags> [calling]
1220.aa8: supR3HardenedMonitor_LdrLoadDll: returns rcNt=0x0 hMod=00007ffd61eb0000 'api-ms-win-core-com-l1-1-0.dll'
1220.9cc: supHardenedWinVerifyImageByHandle: -> 0 (\Device\HarddiskVolume2\Windows\System32\dnsapi.dll)
1220.9cc: supR3HardenedWinVerifyCacheInsert: \Device\HarddiskVolume2\Windows\System32\dnsapi.dll
1220.9cc: supR3HardenedDllNotificationCallback: load   00007ffd60110000 LB 0x000ca000 C:\Windows\SYSTEM32\DNSAPI.dll [fFlags=0x0]
1220.9cc: supR3HardenedScreenImage/LdrLoadDll: cache hit (VINF_SUCCESS) on \Device\HarddiskVolume2\Windows\System32\dnsapi.dll [avoiding WinVerifyTrust]
1220.9cc: supR3HardenedDllNotificationCallback: load   00007ffd633f0000 LB 0x00008000 C:\Windows\System32\NSI.dll [fFlags=0x0]
1220.9cc: supHardenedWinVerifyImageByHandle: -> 0 (\Device\HarddiskVolume2\Windows\System32\nsi.dll)
1220.9cc: supR3HardenedWinVerifyCacheInsert: \Device\HarddiskVolume2\Windows\System32\nsi.dll
1220.9cc: supR3HardenedWinVerifyCacheScheduleImports: Import todo: #3 'rpcrt4.dll'.
1220.9cc: supHardenedWinVerifyImageByHandle: -> 22900 (\Device\HarddiskVolume2\Windows\System32\dhcpcsvc6.dll)
1220.9cc: supR3HardenedWinVerifyCacheInsert: \Device\HarddiskVolume2\Windows\System32\dhcpcsvc6.dll
1220.9cc: supR3HardenedDllNotificationCallback: load   00007ffd5ac70000 LB 0x00017000 C:\Windows\SYSTEM32\dhcpcsvc6.DLL [fFlags=0x0]
1220.9cc: supR3HardenedScreenImage/LdrLoadDll: cache hit (22900) on \Device\HarddiskVolume2\Windows\System32\dhcpcsvc6.dll [avoiding WinVerifyTrust]
1220.9cc: supR3HardenedWinVerifyCacheScheduleImports: Import todo: #3 'rpcrt4.dll'.
1220.9cc: supHardenedWinVerifyImageByHandle: -> 22900 (\Device\HarddiskVolume2\Windows\System32\dhcpcsvc.dll)
1220.9cc: supR3HardenedWinVerifyCacheInsert: \Device\HarddiskVolume2\Windows\System32\dhcpcsvc.dll
1220.9cc: supR3HardenedDllNotificationCallback: load   00007ffd5ac50000 LB 0x0001d000 C:\Windows\SYSTEM32\dhcpcsvc.DLL [fFlags=0x0]
1220.9cc: supR3HardenedScreenImage/LdrLoadDll: cache hit (22900) on \Device\HarddiskVolume2\Windows\System32\dhcpcsvc.dll [avoiding WinVerifyTrust]
1220.9cc: supR3HardenedWinVerifyCacheScheduleImports: Import todo: #3 'rpcrt4.dll'.
1220.9cc: supR3HardenedWinVerifyCacheScheduleImports: Import todo: #4 'nsi.dll'.
1220.9cc: supHardenedWinVerifyImageByHandle: -> 0 (\Device\HarddiskVolume2\Windows\System32\winnsi.dll)
1220.9cc: supR3HardenedWinVerifyCacheInsert: \Device\HarddiskVolume2\Windows\System32\winnsi.dll
1220.9cc: supR3HardenedDllNotificationCallback: load   00007ffd5b1e0000 LB 0x0000b000 C:\Windows\SYSTEM32\WINNSI.DLL [fFlags=0x0]
1220.9cc: supR3HardenedScreenImage/LdrLoadDll: cache hit (VINF_SUCCESS) on \Device\HarddiskVolume2\Windows\System32\winnsi.dll [avoiding WinVerifyTrust]
1220.4e0: supR3HardenedDllNotificationCallback: Unload 00007ffd4d550000 LB 0x0000d000 C:\Program Files\Oracle\VirtualBox\VBoxGuestPropSvc.DLL [flags=0x0]
1220.68: supR3HardenedDllNotificationCallback: Unload 00007ffd4d740000 LB 0x0000c000 C:\Program Files\Oracle\VirtualBox\VBoxGuestControlSvc.DLL [flags=0x0]
1220.17f4: supR3HardenedDllNotificationCallback: Unload 00007ffd41530000 LB 0x00016000 C:\Program Files\Oracle\VirtualBox\VBoxSharedFolders.DLL [flags=0x0]
1220.1600: supR3HardenedDllNotificationCallback: Unload 00007ffd5ac30000 LB 0x0000d000 C:\Program Files\Oracle\VirtualBox\VBoxDragAndDropSvc.DLL [flags=0x0]
1220.ef0: supR3HardenedWinVerifyCacheScheduleImports: Import todo: #0 'msvcrt.dll'.
1220.ef0: supR3HardenedWinVerifyCacheScheduleImports: Import todo: #23 'rpcrt4.dll'.
1220.ef0: supR3HardenedWinVerifyCacheScheduleImports: Import todo: #24 'oleaut32.dll'.
1220.ef0: supHardenedWinVerifyImageByHandle: -> 22900 (\Device\HarddiskVolume2\Windows\System32\edputil.dll)
1220.ef0: supR3HardenedWinVerifyCacheInsert: \Device\HarddiskVolume2\Windows\System32\edputil.dll
1220.ef0: supR3HardenedDllNotificationCallback: load   00007ffd4ba70000 LB 0x00024000 C:\Windows\SYSTEM32\edputil.dll [fFlags=0x0]
1220.ef0: supR3HardenedScreenImage/LdrLoadDll: cache hit (22900) on \Device\HarddiskVolume2\Windows\System32\edputil.dll [avoiding WinVerifyTrust]
1220.ef0: supR3HardenedDllNotificationCallback: Unload 00007ffd43110000 LB 0x00022000 C:\Program Files\Oracle\VirtualBox\VBoxSharedClipboard.DLL [flags=0x0]
1220.654: supR3HardenedDllNotificationCallback: Unload 00007ffccb9b0000 LB 0x00afd000 C:\Program Files\Oracle\VirtualBox\VBoxDD.DLL [flags=0x0]
1220.654: supR3HardenedDllNotificationCallback: Unload 00007ffd39ec0000 LB 0x00075000 C:\Program Files\Oracle\VirtualBox\VBoxDDU.dll [flags=0x0]
1220.654: supR3HardenedDllNotificationCallback: Unload 00007ffccab50000 LB 0x00e5e000 C:\Program Files\Oracle\VirtualBox\VBoxDD2.dll [flags=0x0]
1220.aa8: supR3HardenedDllNotificationCallback: Unload 00007ffccc4b0000 LB 0x005b7000 C:\Program Files\Oracle\VirtualBox\VBoxVMM.DLL [flags=0x0]
1220.aa8: supR3HardenedDllNotificationCallback: Unload 00007ffd4bde0000 LB 0x00014000 C:\Windows\system32\wbem\wbemsvc.dll [flags=0x0]
1220.aa8: supR3HardenedDllNotificationCallback: Unload 00007ffd4db70000 LB 0x00011000 C:\Windows\system32\wbem\wbemprox.dll [flags=0x0]
1220.aa8: supR3HardenedDllNotificationCallback: Unload 00007ffd4be00000 LB 0x0010c000 C:\Windows\system32\wbem\fastprox.dll [flags=0x0]
1220.aa8: supR3HardenedDllNotificationCallback: Unload 00007ffd50a70000 LB 0x00090000 C:\Windows\SYSTEM32\wbemcomn.dll [flags=0x0]
1220.aa8: supR3HardenedDllNotificationCallback: Unload 00007ffcd8aa0000 LB 0x000eb000 C:\Program Files\Oracle\VirtualBox\VBoxProxyStub.dll [flags=0x0]
1220.aa8: supR3HardenedDllNotificationCallback: Unload 00007ffd45ae0000 LB 0x0003e000 C:\Windows\system32\dataexchange.dll [flags=0x0]
1220.aa8: supR3HardenedDllNotificationCallback: Unload 00007ffd5d120000 LB 0x001e4000 C:\Windows\system32\dcomp.dll [flags=0x0]
1220.aa8: supR3HardenedDllNotificationCallback: Unload 00007ffd5a2e0000 LB 0x00203000 C:\Windows\system32\twinapi.appcore.dll [flags=0x0]
1220.aa8: supR3HardenedDllNotificationCallback: Unload 00007ffcd4540000 LB 0x00435000 C:\Program Files\Oracle\VirtualBox\VBoxC.dll [flags=0x0]
1220.aa8: Terminating the normal way: rcExit=0
2f4.2134: supR3HardNtChildWaitFor[2]: Quitting: ExitCode=0x0 (rcNtWait=0x0, rcNt1=0x0, rcNt2=0x103, rcNt3=0x103, 1417668 ms, the end);
1ca0.c40: supR3HardNtChildWaitFor[1]: Quitting: ExitCode=0x0 (rcNtWait=0x0, rcNt1=0x0, rcNt2=0x103, rcNt3=0x103, 1418602 ms, the end);
