00:00:04.896130 VirtualBox VM 7.2.14 r174565 win.amd64 (Jul 17 2026 17:55:03) release log
00:00:04.896132 Log opened 2026-08-14T18:44:15.866954000Z
00:00:04.896132 Build Type: release
00:00:04.896134 OS Product: Windows 10
00:00:04.920149 OS Release: 10.0.19045.6466
00:00:04.920152 OS Service Pack: 
00:00:04.986990 DMI Product Name: B550M AORUS ELITE
00:00:04.989169 DMI Product Version: Default string
00:00:04.989174 Firmware type: BIOS
00:00:04.989179 Host RAM: 7528MB (7.3GB) total, 1210MB available
00:00:04.989191 Executable: C:\Program Files\Oracle\VirtualBox\VirtualBoxVM.exe
00:00:04.989192 Process ID: 4640
00:00:04.989192 Package type: WINDOWS_64BITS_GENERIC
00:00:04.989192 Windows Features:
00:00:04.989192   Core Isolation (Memory Integrity): Not supported
00:00:04.989821 Installed Extension Packs:
00:00:04.989833   None installed!
00:00:04.990237 Console: Machine state changed to 'Starting'
00:00:04.990346 GUI: Qt version: 6.8.0
00:00:04.990354 GUI: HID LEDs sync is enabled
00:00:04.994951 GUI: UIMediumEnumerator: Medium-enumeration finished!
00:00:05.015693 GUI: Cannot notify guest about VM window out-of-focus event
00:00:05.054549 SUP: seg #0: R   0x00000000 LB 0x00001000
00:00:05.054563 SUP: seg #1: R X 0x00001000 LB 0x00205000
00:00:05.054567 SUP: seg #2: R   0x00206000 LB 0x00053000
00:00:05.054570 SUP: seg #3: RW  0x00259000 LB 0x00013000
00:00:05.054573 SUP: seg #4: R   0x0026c000 LB 0x00013000
00:00:05.054576 SUP: seg #5: RW  0x0027f000 LB 0x00004000
00:00:05.054578 SUP: seg #6: R   0x00283000 LB 0x00007000
00:00:05.054581 SUP: seg #7: R X 0x0028a000 LB 0x00002000
00:00:05.054584 SUP: seg #8: R   0x0028c000 LB 0x00007000
00:00:05.056428 SUP: Loaded VMMR0.r0 (C:\Program Files\Oracle\VirtualBox/VMMR0.r0) at 0xXXXXXXXXXXXXXXXX - ModuleInit at XXXXXXXXXXXXXXXX and ModuleTerm at XXXXXXXXXXXXXXXX using the native ring-0 loader
00:00:05.056455 SUP: VMMR0EntryEx located at XXXXXXXXXXXXXXXX and VMMR0EntryFast at XXXXXXXXXXXXXXXX
00:00:05.056458 SUP: windbg> .reload /f C:\Program Files\Oracle\VirtualBox/VMMR0.r0=0xXXXXXXXXXXXXXXXX
00:00:05.058600 Guest architecture: x86
00:00:05.058632 Guest OS type: 'Debian_64'
00:00:05.059077 fHMForced=true - No raw-mode support in this build!
00:00:05.059088 Using execution engine 1
00:00:05.060998 File system of 'C:\Users\Rafael\Downloads\debian-12.2.0-amd64-netinst.iso' (DVD) is ntfs
00:00:05.062063 File system of 'C:\Users\Rafael\VirtualBox VMs\Debian\Debian.vdi' is ntfs
00:00:05.073902 Shared Clipboard: Initialized OLE
00:00:05.073926 Shared Clipboard: Service loaded
00:00:05.073934 Shared Clipboard: Mode: Off
00:00:05.073965 Shared Clipboard: Service running in normal mode
00:00:05.082429 Drag and drop service loaded
00:00:05.082442 Drag and drop mode: Off
00:00:05.083033 Audio: Detected default audio driver type is 'HostAudioWas'
00:00:05.085063 ************************* CFGM dump *************************
00:00:05.085076 [/] (level 0)
00:00:05.085078   CpuExecutionCap   <integer> = 0x0000000000000064 (100)
00:00:05.085080   EnablePAE         <integer> = 0x0000000000000001 (1)
00:00:05.085081   HMEnabled         <integer> = 0x0000000000000001 (1)
00:00:05.085081   MemBalloonSize    <integer> = 0x0000000000000000 (0, 0 B)
00:00:05.085086   Name              <string>  = "Debian" (cb=7)
00:00:05.085087   NumCPUs           <integer> = 0x0000000000000002 (2)
00:00:05.085088   PageFusionAllowed <integer> = 0x0000000000000000 (0)
00:00:05.085088   RamHoleSize       <integer> = 0x0000000020000000 (536 870 912, 512.0 MiB)
00:00:05.085089   RamSize           <integer> = 0x0000000080000000 (2 147 483 648, 2.0 GiB)
00:00:05.085090   TimerMillies      <integer> = 0x000000000000000a (10)
00:00:05.085090   UUID              <bytes>   = "98 42 39 6f 70 18 00 49 b6 f4 24 96 58 2b 4d 78" (cb=16)
00:00:05.085092 
00:00:05.085092 [/CPUM/] (level 1)
00:00:05.085094   Enable64bit        <integer> = 0x0000000000000001 (1)
00:00:05.085094   GuestCpuName       <string>  = "host" (cb=5)
00:00:05.085095   NestedHWVirt       <integer> = 0x0000000000000000 (0)
00:00:05.085095   PortableCpuIdLevel <integer> = 0x0000000000000000 (0)
00:00:05.085095   SpecCtrl           <integer> = 0x0000000000000000 (0)
00:00:05.085096 
00:00:05.085096 [/CPUM/IsaExts/] (level 2)
00:00:05.085097 
00:00:05.085097 [/DBGC/] (level 1)
00:00:05.085097   GlobalInitScript <string>  = "C:\Users\Rafael\.VirtualBox/dbgc-init" (cb=38)
00:00:05.085098   HistoryFile      <string>  = "C:\Users\Rafael\.VirtualBox/dbgc-history" (cb=41)
00:00:05.085098   LocalInitScript  <string>  = "C:\Users\Rafael\VirtualBox VMs\Debian/dbgc-init" (cb=48)
00:00:05.085099 
00:00:05.085099 [/DBGF/] (level 1)
00:00:05.085099   Path <string>  = "C:\Users\Rafael\VirtualBox VMs\Debian/debug/;C:\Users\Rafael\VirtualBox VMs\Debian/;cache*C:\Users\Rafael\VirtualBox VMs\Debian/dbgcache/;C:\Users\Rafael\" (cb=155)
00:00:05.085100 
00:00:05.085100 [/Devices/] (level 1)
00:00:05.085100 
00:00:05.085101 [/Devices/3c501/] (level 2)
00:00:05.085101 
00:00:05.085101 [/Devices/8237A/] (level 2)
00:00:05.085102 
00:00:05.085102 [/Devices/8237A/0/] (level 3)
00:00:05.085103   Trusted <integer> = 0x0000000000000001 (1)
00:00:05.085103 
00:00:05.085103 [/Devices/GIMDev/] (level 2)
00:00:05.085104 
00:00:05.085104 [/Devices/GIMDev/0/] (level 3)
00:00:05.085105   Trusted <integer> = 0x0000000000000001 (1)
00:00:05.085105 
00:00:05.085105 [/Devices/VMMDev/] (level 2)
00:00:05.085106 
00:00:05.085106 [/Devices/VMMDev/0/] (level 3)
00:00:05.085106   PCIBusNo      <integer> = 0x0000000000000000 (0)
00:00:05.085107   PCIDeviceNo   <integer> = 0x0000000000000004 (4)
00:00:05.085107   PCIFunctionNo <integer> = 0x0000000000000000 (0)
00:00:05.085108   Trusted       <integer> = 0x0000000000000001 (1)
00:00:05.085108 
00:00:05.085108 [/Devices/VMMDev/0/Config/] (level 4)
00:00:05.085109   GuestCoreDumpDir <string>  = "C:\Users\Rafael\VirtualBox VMs\Debian\Snapshots" (cb=48)
00:00:05.085109 
00:00:05.085109 [/Devices/VMMDev/0/LUN#0/] (level 4)
00:00:05.085110   Driver <string>  = "HGCM" (cb=5)
00:00:05.085110 
00:00:05.085111 [/Devices/VMMDev/0/LUN#0/Config/] (level 5)
00:00:05.085111 
00:00:05.085111 [/Devices/VMMDev/0/LUN#999/] (level 4)
00:00:05.085112   Driver <string>  = "MainStatus" (cb=11)
00:00:05.085112 
00:00:05.085112 [/Devices/VMMDev/0/LUN#999/Config/] (level 5)
00:00:05.085113   First                <integer> = 0x0000000000000000 (0)
00:00:05.085114   HasMediumAttachments <integer> = 0x0000000000000000 (0)
00:00:05.085114   Last                 <integer> = 0x0000000000000000 (0)
00:00:05.085115   iLedSet              <integer> = 0x0000000000000006 (6)
00:00:05.085115 
00:00:05.085115 [/Devices/acpi/] (level 2)
00:00:05.085116 
00:00:05.085116 [/Devices/acpi/0/] (level 3)
00:00:05.085116   PCIBusNo      <integer> = 0x0000000000000000 (0)
00:00:05.085117   PCIDeviceNo   <integer> = 0x0000000000000007 (7)
00:00:05.085117   PCIFunctionNo <integer> = 0x0000000000000000 (0)
00:00:05.085117   Trusted       <integer> = 0x0000000000000001 (1)
00:00:05.085118 
00:00:05.085118 [/Devices/acpi/0/Config/] (level 4)
00:00:05.085119   CpuHotPlug          <integer> = 0x0000000000000000 (0)
00:00:05.085121   FdcEnabled          <integer> = 0x0000000000000000 (0)
00:00:05.085122   HostBusPciAddress   <integer> = 0x0000000000000000 (0)
00:00:05.085122   HpetEnabled         <integer> = 0x0000000000000000 (0)
00:00:05.085122   IOAPIC              <integer> = 0x0000000000000001 (1)
00:00:05.085123   IocPciAddress       <integer> = 0x0000000000010000 (65 536)
00:00:05.085123   NumCPUs             <integer> = 0x0000000000000002 (2)
00:00:05.085124   Parallel0IoPortBase <integer> = 0x0000000000000000 (0)
00:00:05.085124   Parallel0Irq        <integer> = 0x0000000000000000 (0)
00:00:05.085125   Parallel1IoPortBase <integer> = 0x0000000000000000 (0)
00:00:05.085125   Parallel1Irq        <integer> = 0x0000000000000000 (0)
00:00:05.085125   Serial0IoPortBase   <integer> = 0x0000000000000000 (0)
00:00:05.085126   Serial0Irq          <integer> = 0x0000000000000000 (0)
00:00:05.085126   Serial1IoPortBase   <integer> = 0x0000000000000000 (0)
00:00:05.085127   Serial1Irq          <integer> = 0x0000000000000000 (0)
00:00:05.085127   ShowCpu             <integer> = 0x0000000000000001 (1)
00:00:05.085127   ShowRtc             <integer> = 0x0000000000000000 (0)
00:00:05.085128   SmcEnabled          <integer> = 0x0000000000000000 (0)
00:00:05.085128 
00:00:05.085128 [/Devices/acpi/0/LUN#0/] (level 4)
00:00:05.085129   Driver <string>  = "ACPIHost" (cb=9)
00:00:05.085130 
00:00:05.085130 [/Devices/acpi/0/LUN#0/Config/] (level 5)
00:00:05.085130 
00:00:05.085130 [/Devices/acpi/0/LUN#1/] (level 4)
00:00:05.085131   Driver <string>  = "ACPICpu" (cb=8)
00:00:05.085131 
00:00:05.085131 [/Devices/acpi/0/LUN#1/Config/] (level 5)
00:00:05.085132 
00:00:05.085132 [/Devices/ahci/] (level 2)
00:00:05.085133 
00:00:05.085133 [/Devices/ahci/0/] (level 3)
00:00:05.085134   PCIBusNo      <integer> = 0x0000000000000000 (0)
00:00:05.085134   PCIDeviceNo   <integer> = 0x000000000000000d (13)
00:00:05.085134   PCIFunctionNo <integer> = 0x0000000000000000 (0)
00:00:05.085135   Trusted       <integer> = 0x0000000000000001 (1)
00:00:05.085135 
00:00:05.085135 [/Devices/ahci/0/Config/] (level 4)
00:00:05.085137   Bootable  <integer> = 0x0000000000000001 (1)
00:00:05.085137   PortCount <integer> = 0x0000000000000001 (1)
00:00:05.085137 
00:00:05.085137 [/Devices/ahci/0/Config/Port0/] (level 5)
00:00:05.085138   Hotpluggable <integer> = 0x0000000000000000 (0)
00:00:05.085139 
00:00:05.085139 [/Devices/ahci/0/LUN#0/] (level 4)
00:00:05.085139   Driver <string>  = "VD" (cb=3)
00:00:05.085140 
00:00:05.085140 [/Devices/ahci/0/LUN#0/Config/] (level 5)
00:00:05.085141   BlockCache <integer> = 0x0000000000000001 (1)
00:00:05.085142   Format     <string>  = "VDI" (cb=4)
00:00:05.085142   Mountable  <integer> = 0x0000000000000000 (0)
00:00:05.085143   Path       <string>  = "C:\Users\Rafael\VirtualBox VMs\Debian\Debian.vdi" (cb=49)
00:00:05.085143   Type       <string>  = "HardDisk" (cb=9)
00:00:05.085143   UseNewIo   <integer> = 0x0000000000000001 (1)
00:00:05.085144 
00:00:05.085144 [/Devices/ahci/0/LUN#0/Config/VDConfig/] (level 6)
00:00:05.085145   AllocationBlockSize <string>  = "1048576" (cb=8)
00:00:05.085145 
00:00:05.085145 [/Devices/ahci/0/LUN#999/] (level 4)
00:00:05.085146   Driver <string>  = "MainStatus" (cb=11)
00:00:05.085147 
00:00:05.085147 [/Devices/ahci/0/LUN#999/Config/] (level 5)
00:00:05.085148   DeviceInstance       <string>  = "ahci/0" (cb=7)
00:00:05.085148   First                <integer> = 0x0000000000000000 (0)
00:00:05.085149   HasMediumAttachments <integer> = 0x0000000000000001 (1)
00:00:05.085149   Last                 <integer> = 0x0000000000000000 (0)
00:00:05.085149   iLedSet              <integer> = 0x0000000000000004 (4)
00:00:05.085150 
00:00:05.085150 [/Devices/apic/] (level 2)
00:00:05.085150 
00:00:05.085151 [/Devices/apic/0/] (level 3)
00:00:05.085152   Trusted <integer> = 0x0000000000000001 (1)
00:00:05.085152 
00:00:05.085152 [/Devices/apic/0/Config/] (level 4)
00:00:05.085153   IOAPIC  <integer> = 0x0000000000000001 (1)
00:00:05.085154   Mode    <integer> = 0x0000000000000003 (3)
00:00:05.085155   NumCPUs <integer> = 0x0000000000000002 (2)
00:00:05.085155 
00:00:05.085155 [/Devices/dp8390/] (level 2)
00:00:05.085156 
00:00:05.085156 [/Devices/e1000/] (level 2)
00:00:05.085156 
00:00:05.085157 [/Devices/e1000/0/] (level 3)
00:00:05.085157   PCIBusNo      <integer> = 0x0000000000000000 (0)
00:00:05.085158   PCIDeviceNo   <integer> = 0x0000000000000003 (3)
00:00:05.085158   PCIFunctionNo <integer> = 0x0000000000000000 (0)
00:00:05.085159   Trusted       <integer> = 0x0000000000000001 (1)
00:00:05.085159 
00:00:05.085159 [/Devices/e1000/0/Config/] (level 4)
00:00:05.085160   AdapterType    <integer> = 0x0000000000000000 (0)
00:00:05.085160   CableConnected <integer> = 0x0000000000000001 (1)
00:00:05.085161   LineSpeed      <integer> = 0x0000000000000000 (0)
00:00:05.085161   MAC            <bytes>   = "08 00 27 e7 48 5a" (cb=6)
00:00:05.085162 
00:00:05.085162 [/Devices/e1000/0/LUN#0/] (level 4)
00:00:05.085163   Driver <string>  = "NAT" (cb=4)
00:00:05.085163 
00:00:05.085164 [/Devices/e1000/0/LUN#0/Config/] (level 5)
00:00:05.085165   AliasMode          <integer> = 0x0000000000000000 (0)
00:00:05.085165   DNSProxy           <integer> = 0x0000000000000000 (0)
00:00:05.085166   EnableTFTP         <integer> = 0x0000000000000000 (0)
00:00:05.085166   ForwardBroadcast   <integer> = 0x0000000000000000 (0)
00:00:05.085166   LocalhostReachable <integer> = 0x0000000000000001 (1)
00:00:05.085167   Network            <string>  = "10.0.2.0/24" (cb=12)
00:00:05.085167   PassDomain         <integer> = 0x0000000000000001 (1)
00:00:05.085168   UseHostResolver    <integer> = 0x0000000000000000 (0)
00:00:05.085168 
00:00:05.085168 [/Devices/e1000/0/LUN#999/] (level 4)
00:00:05.085169   Driver <string>  = "MainStatus" (cb=11)
00:00:05.085169 
00:00:05.085169 [/Devices/e1000/0/LUN#999/Config/] (level 5)
00:00:05.085170   First                <integer> = 0x0000000000000000 (0)
00:00:05.085171   HasMediumAttachments <integer> = 0x0000000000000000 (0)
00:00:05.085171   Last                 <integer> = 0x0000000000000000 (0)
00:00:05.085172   iLedSet              <integer> = 0x0000000000000005 (5)
00:00:05.085172 
00:00:05.085172 [/Devices/i8254/] (level 2)
00:00:05.085173 
00:00:05.085173 [/Devices/i8254/0/] (level 3)
00:00:05.085173 
00:00:05.085174 [/Devices/i8254/0/Config/] (level 4)
00:00:05.085174 
00:00:05.085174 [/Devices/i8259/] (level 2)
00:00:05.085175 
00:00:05.085175 [/Devices/i8259/0/] (level 3)
00:00:05.085175   Trusted <integer> = 0x0000000000000001 (1)
00:00:05.085176 
00:00:05.085176 [/Devices/i8259/0/Config/] (level 4)
00:00:05.085177 
00:00:05.085177 [/Devices/ichac97/] (level 2)
00:00:05.085177 
00:00:05.085177 [/Devices/ichac97/0/] (level 3)
00:00:05.085178   PCIBusNo      <integer> = 0x0000000000000000 (0)
00:00:05.085178   PCIDeviceNo   <integer> = 0x0000000000000005 (5)
00:00:05.085179   PCIFunctionNo <integer> = 0x0000000000000000 (0)
00:00:05.085179   Trusted       <integer> = 0x0000000000000001 (1)
00:00:05.085179 
00:00:05.085180 [/Devices/ichac97/0/AudioConfig/] (level 4)
00:00:05.085180 
00:00:05.085180 [/Devices/ichac97/0/Config/] (level 4)
00:00:05.085181   Codec        <string>  = "AD1980" (cb=7)
00:00:05.085181   DebugEnabled <integer> = 0x0000000000000000 (0)
00:00:05.085182 
00:00:05.085182 [/Devices/ichac97/0/LUN#0/] (level 4)
00:00:05.085182   Driver <string>  = "AUDIO" (cb=6)
00:00:05.085183 
00:00:05.085183 [/Devices/ichac97/0/LUN#0/AttachedDriver/] (level 5)
00:00:05.085184   Driver <string>  = "HostAudioWas" (cb=13)
00:00:05.085184 
00:00:05.085184 [/Devices/ichac97/0/LUN#0/AttachedDriver/Config/] (level 6)
00:00:05.085185   VmName <string>  = "Debian" (cb=7)
00:00:05.085185   VmUuid <string>  = "6f394298-1870-4900-b6f4-2496582b4d78" (cb=37)
00:00:05.085186 
00:00:05.085186 [/Devices/ichac97/0/LUN#0/Config/] (level 5)
00:00:05.085186   DriverName    <string>  = "HostAudioWas" (cb=13)
00:00:05.085187   InputEnabled  <integer> = 0x0000000000000000 (0)
00:00:05.085188   OutputEnabled <integer> = 0x0000000000000001 (1)
00:00:05.085188 
00:00:05.085189 [/Devices/ichac97/0/LUN#1/] (level 4)
00:00:05.085189   Driver <string>  = "AUDIO" (cb=6)
00:00:05.085189 
00:00:05.085190 [/Devices/ichac97/0/LUN#2/] (level 4)
00:00:05.085190   Driver <string>  = "AUDIO" (cb=6)
00:00:05.085190 
00:00:05.085191 [/Devices/ioapic/] (level 2)
00:00:05.085191 
00:00:05.085191 [/Devices/ioapic/0/] (level 3)
00:00:05.085192   Trusted <integer> = 0x0000000000000001 (1)
00:00:05.085192 
00:00:05.085192 [/Devices/ioapic/0/Config/] (level 4)
00:00:05.085193   NumCPUs <integer> = 0x0000000000000002 (2)
00:00:05.085193 
00:00:05.085193 [/Devices/mc146818/] (level 2)
00:00:05.085194 
00:00:05.085194 [/Devices/mc146818/0/] (level 3)
00:00:05.085195 
00:00:05.085195 [/Devices/mc146818/0/Config/] (level 4)
00:00:05.085195   UseUTC <integer> = 0x0000000000000001 (1)
00:00:05.085196 
00:00:05.085196 [/Devices/parallel/] (level 2)
00:00:05.085196 
00:00:05.085196 [/Devices/pcarch/] (level 2)
00:00:05.085197 
00:00:05.085197 [/Devices/pcarch/0/] (level 3)
00:00:05.085198   Trusted <integer> = 0x0000000000000001 (1)
00:00:05.085198 
00:00:05.085198 [/Devices/pcarch/0/Config/] (level 4)
00:00:05.085199 
00:00:05.085199 [/Devices/pcbios/] (level 2)
00:00:05.085200 
00:00:05.085200 [/Devices/pcbios/0/] (level 3)
00:00:05.085200   Trusted <integer> = 0x0000000000000001 (1)
00:00:05.085201 
00:00:05.085201 [/Devices/pcbios/0/Config/] (level 4)
00:00:05.085202   APIC               <integer> = 0x0000000000000001 (1)
00:00:05.085203   BootDevice0        <string>  = "FLOPPY" (cb=7)
00:00:05.085203   BootDevice1        <string>  = "DVD" (cb=4)
00:00:05.085203   BootDevice2        <string>  = "IDE" (cb=4)
00:00:05.085204   BootDevice3        <string>  = "NONE" (cb=5)
00:00:05.085204   DmiSystemSerial    <string>  = "VirtualBox-<DmiSystemUuid>" (cb=27)
00:00:05.085205   FloppyDevice       <string>  = "i82078" (cb=7)
00:00:05.085205   HardDiskDevice     <string>  = "piix3ide" (cb=9)
00:00:05.085205   IOAPIC             <integer> = 0x0000000000000001 (1)
00:00:05.085206   McfgBase           <integer> = 0x0000000000000000 (0)
00:00:05.085206   McfgLength         <integer> = 0x0000000000000000 (0)
00:00:05.085207   NumCPUs            <integer> = 0x0000000000000002 (2)
00:00:05.085207   PXEDebug           <integer> = 0x0000000000000000 (0)
00:00:05.085208   SataHardDiskDevice <string>  = "ahci" (cb=5)
00:00:05.085208   SataLUN1           <integer> = 0x0000000000000000 (0)
00:00:05.085209   UUID               <bytes>   = "98 42 39 6f 70 18 00 49 b6 f4 24 96 58 2b 4d 78" (cb=16)
00:00:05.085210   UuidLe             <integer> = 0x0000000000000001 (1)
00:00:05.085210 
00:00:05.085210 [/Devices/pcbios/0/Config/NetBoot/] (level 5)
00:00:05.085211 
00:00:05.085211 [/Devices/pcbios/0/Config/NetBoot/0/] (level 6)
00:00:05.085212   NIC           <integer> = 0x0000000000000000 (0)
00:00:05.085213   PCIBusNo      <integer> = 0x0000000000000000 (0)
00:00:05.085213   PCIDeviceNo   <integer> = 0x0000000000000003 (3)
00:00:05.085213   PCIFunctionNo <integer> = 0x0000000000000000 (0)
00:00:05.085214 
00:00:05.085214 [/Devices/pci/] (level 2)
00:00:05.085214 
00:00:05.085214 [/Devices/pci/0/] (level 3)
00:00:05.085215   Trusted <integer> = 0x0000000000000001 (1)
00:00:05.085215 
00:00:05.085215 [/Devices/pci/0/Config/] (level 4)
00:00:05.085216   IOAPIC <integer> = 0x0000000000000001 (1)
00:00:05.085216 
00:00:05.085216 [/Devices/pcibridge/] (level 2)
00:00:05.085217 
00:00:05.085217 [/Devices/pckbd/] (level 2)
00:00:05.085217 
00:00:05.085217 [/Devices/pckbd/0/] (level 3)
00:00:05.085218   Trusted <integer> = 0x0000000000000001 (1)
00:00:05.085218 
00:00:05.085218 [/Devices/pckbd/0/Config/] (level 4)
00:00:05.085219 
00:00:05.085219 [/Devices/pckbd/0/LUN#0/] (level 4)
00:00:05.085220   Driver <string>  = "KeyboardQueue" (cb=14)
00:00:05.085220 
00:00:05.085220 [/Devices/pckbd/0/LUN#0/AttachedDriver/] (level 5)
00:00:05.085221   Driver <string>  = "MainKeyboard" (cb=13)
00:00:05.085222 
00:00:05.085222 [/Devices/pckbd/0/LUN#0/Config/] (level 5)
00:00:05.085223   QueueSize <integer> = 0x0000000000000040 (64, 64 B)
00:00:05.085223 
00:00:05.085223 [/Devices/pckbd/0/LUN#1/] (level 4)
00:00:05.085224   Driver <string>  = "MouseQueue" (cb=11)
00:00:05.085224 
00:00:05.085224 [/Devices/pckbd/0/LUN#1/AttachedDriver/] (level 5)
00:00:05.085225   Driver <string>  = "MainMouse" (cb=10)
00:00:05.085225 
00:00:05.085225 [/Devices/pckbd/0/LUN#1/Config/] (level 5)
00:00:05.085226   QueueSize <integer> = 0x0000000000000080 (128, 128 B)
00:00:05.085226 
00:00:05.085226 [/Devices/pcnet/] (level 2)
00:00:05.085227 
00:00:05.085227 [/Devices/piix3ide/] (level 2)
00:00:05.085227 
00:00:05.085227 [/Devices/piix3ide/0/] (level 3)
00:00:05.085228   PCIBusNo      <integer> = 0x0000000000000000 (0)
00:00:05.085228   PCIDeviceNo   <integer> = 0x0000000000000001 (1)
00:00:05.085229   PCIFunctionNo <integer> = 0x0000000000000001 (1)
00:00:05.085229   Trusted       <integer> = 0x0000000000000001 (1)
00:00:05.085229 
00:00:05.085229 [/Devices/piix3ide/0/Config/] (level 4)
00:00:05.085230   Type <string>  = "PIIX4" (cb=6)
00:00:05.085230 
00:00:05.085230 [/Devices/piix3ide/0/LUN#0/] (level 4)
00:00:05.085231   Driver <string>  = "VD" (cb=3)
00:00:05.085231 
00:00:05.085231 [/Devices/piix3ide/0/LUN#0/Config/] (level 5)
00:00:05.085232   Format    <string>  = "RAW" (cb=4)
00:00:05.085232   Mountable <integer> = 0x0000000000000001 (1)
00:00:05.085232   Path      <string>  = "C:\Users\Rafael\Downloads\debian-12.2.0-amd64-netinst.iso" (cb=58)
00:00:05.085233   ReadOnly  <integer> = 0x0000000000000001 (1)
00:00:05.085233   Type      <string>  = "DVD" (cb=4)
00:00:05.085233 
00:00:05.085234 [/Devices/piix3ide/0/LUN#999/] (level 4)
00:00:05.085234   Driver <string>  = "MainStatus" (cb=11)
00:00:05.085235 
00:00:05.085235 [/Devices/piix3ide/0/LUN#999/Config/] (level 5)
00:00:05.085236   DeviceInstance       <string>  = "piix3ide/0" (cb=11)
00:00:05.085236   First                <integer> = 0x0000000000000000 (0)
00:00:05.085236   HasMediumAttachments <integer> = 0x0000000000000001 (1)
00:00:05.085237   Last                 <integer> = 0x0000000000000003 (3)
00:00:05.085237   iLedSet              <integer> = 0x0000000000000003 (3)
00:00:05.085237 
00:00:05.085238 [/Devices/serial/] (level 2)
00:00:05.085238 
00:00:05.085238 [/Devices/usb-ehci/] (level 2)
00:00:05.085238 
00:00:05.085239 [/Devices/usb-ehci/0/] (level 3)
00:00:05.085239   PCIBusNo      <integer> = 0x0000000000000000 (0)
00:00:05.085239   PCIDeviceNo   <integer> = 0x000000000000000b (11)
00:00:05.085240   PCIFunctionNo <integer> = 0x0000000000000000 (0)
00:00:05.085240   Trusted       <integer> = 0x0000000000000001 (1)
00:00:05.085240 
00:00:05.085240 [/Devices/usb-ehci/0/Config/] (level 4)
00:00:05.085241 
00:00:05.085241 [/Devices/usb-ehci/0/LUN#0/] (level 4)
00:00:05.085242   Driver <string>  = "VUSBRootHub" (cb=12)
00:00:05.085242 
00:00:05.085242 [/Devices/usb-ehci/0/LUN#0/Config/] (level 5)
00:00:05.085243 
00:00:05.085243 [/Devices/usb-ehci/0/LUN#999/] (level 4)
00:00:05.085243   Driver <string>  = "MainStatus" (cb=11)
00:00:05.085244 
00:00:05.085244 [/Devices/usb-ehci/0/LUN#999/Config/] (level 5)
00:00:05.085244   First                <integer> = 0x0000000000000000 (0)
00:00:05.085245   HasMediumAttachments <integer> = 0x0000000000000000 (0)
00:00:05.085245   Last                 <integer> = 0x0000000000000000 (0)
00:00:05.085245   iLedSet              <integer> = 0x0000000000000002 (2)
00:00:05.085246 
00:00:05.085246 [/Devices/usb-ohci/] (level 2)
00:00:05.085246 
00:00:05.085246 [/Devices/usb-ohci/0/] (level 3)
00:00:05.085247   PCIBusNo      <integer> = 0x0000000000000000 (0)
00:00:05.085247   PCIDeviceNo   <integer> = 0x0000000000000006 (6)
00:00:05.085247   PCIFunctionNo <integer> = 0x0000000000000000 (0)
00:00:05.085248   Trusted       <integer> = 0x0000000000000001 (1)
00:00:05.085248 
00:00:05.085248 [/Devices/usb-ohci/0/Config/] (level 4)
00:00:05.085249 
00:00:05.085250 [/Devices/usb-ohci/0/LUN#0/] (level 4)
00:00:05.085250   Driver <string>  = "VUSBRootHub" (cb=12)
00:00:05.085250 
00:00:05.085251 [/Devices/usb-ohci/0/LUN#0/Config/] (level 5)
00:00:05.085251 
00:00:05.085251 [/Devices/usb-ohci/0/LUN#999/] (level 4)
00:00:05.085252   Driver <string>  = "MainStatus" (cb=11)
00:00:05.085252 
00:00:05.085252 [/Devices/usb-ohci/0/LUN#999/Config/] (level 5)
00:00:05.085253   First                <integer> = 0x0000000000000000 (0)
00:00:05.085253   HasMediumAttachments <integer> = 0x0000000000000000 (0)
00:00:05.085253   Last                 <integer> = 0x0000000000000000 (0)
00:00:05.085254   iLedSet              <integer> = 0x0000000000000001 (1)
00:00:05.085254 
00:00:05.085254 [/Devices/vga/] (level 2)
00:00:05.085255 
00:00:05.085255 [/Devices/vga/0/] (level 3)
00:00:05.085255   PCIBusNo      <integer> = 0x0000000000000000 (0)
00:00:05.085256   PCIDeviceNo   <integer> = 0x0000000000000002 (2)
00:00:05.085256   PCIFunctionNo <integer> = 0x0000000000000000 (0)
00:00:05.085256   Trusted       <integer> = 0x0000000000000001 (1)
00:00:05.085257 
00:00:05.085257 [/Devices/vga/0/Config/] (level 4)
00:00:05.085258   3DEnabled             <integer> = 0x0000000000000000 (0)
00:00:05.085258   CustomVideoModes      <integer> = 0x0000000000000000 (0)
00:00:05.085258   FadeIn                <integer> = 0x0000000000000001 (1)
00:00:05.085259   FadeOut               <integer> = 0x0000000000000001 (1)
00:00:05.085259   HeightReduction       <integer> = 0x0000000000000000 (0)
00:00:05.085259   LogoFile              <string>  = "" (cb=1)
00:00:05.085260   LogoTime              <integer> = 0x0000000000000000 (0)
00:00:05.085260   MonitorCount          <integer> = 0x0000000000000001 (1)
00:00:05.085260   ShowBootMenu          <integer> = 0x0000000000000002 (2)
00:00:05.085261   VMSVGA3dEnabled       <integer> = 0x0000000000000000 (0)
00:00:05.085261   VMSVGAEnabled         <integer> = 0x0000000000000001 (1)
00:00:05.085261   VMSVGAPciBarLayout    <integer> = 0x0000000000000001 (1)
00:00:05.085262   VMSVGAPciId           <integer> = 0x0000000000000001 (1)
00:00:05.085262   VRamSize              <integer> = 0x0000000001000000 (16 777 216, 16.0 MiB)
00:00:05.085263   VmSvga3               <integer> = 0x0000000000000000 (0)
00:00:05.085263   VmSvgaExposeLegacyVga <integer> = 0x0000000000000001 (1)
00:00:05.085263 
00:00:05.085264 [/Devices/vga/0/LUN#0/] (level 4)
00:00:05.085264   Driver <string>  = "MainDisplay" (cb=12)
00:00:05.085264 
00:00:05.085264 [/Devices/vga/0/LUN#0/Config/] (level 5)
00:00:05.085265 
00:00:05.085265 [/Devices/vga/0/LUN#999/] (level 4)
00:00:05.085265   Driver <string>  = "MainStatus" (cb=11)
00:00:05.085266 
00:00:05.085266 [/Devices/vga/0/LUN#999/Config/] (level 5)
00:00:05.085266   First                <integer> = 0x0000000000000000 (0)
00:00:05.085267   HasMediumAttachments <integer> = 0x0000000000000000 (0)
00:00:05.085267   Last                 <integer> = 0x0000000000000000 (0)
00:00:05.085267   iLedSet              <integer> = 0x0000000000000000 (0)
00:00:05.085268 
00:00:05.085268 [/Devices/virtio-net/] (level 2)
00:00:05.085268 
00:00:05.085269 [/EM/] (level 1)
00:00:05.085269   TripleFaultReset <integer> = 0x0000000000000000 (0)
00:00:05.085269 
00:00:05.085269 [/GCM/] (level 1)
00:00:05.085270   MesaVmsvgaDrv <integer> = 0x0000000000000001 (1)
00:00:05.085270 
00:00:05.085270 [/GIM/] (level 1)
00:00:05.085271   Provider <string>  = "KVM" (cb=4)
00:00:05.085271 
00:00:05.085271 [/HM/] (level 1)
00:00:05.085272   64bitEnabled            <integer> = 0x0000000000000001 (1)
00:00:05.085272   EnableLargePages        <integer> = 0x0000000000000001 (1)
00:00:05.085273   EnableNestedPaging      <integer> = 0x0000000000000001 (1)
00:00:05.085273   EnableUX                <integer> = 0x0000000000000001 (1)
00:00:05.085273   EnableVPID              <integer> = 0x0000000000000001 (1)
00:00:05.085274   Exclusive               <integer> = 0x0000000000000000 (0)
00:00:05.085275   HMForced                <integer> = 0x0000000000000001 (1)
00:00:05.085275   IBPBOnVMEntry           <integer> = 0x0000000000000000 (0)
00:00:05.085276   IBPBOnVMExit            <integer> = 0x0000000000000000 (0)
00:00:05.085276   L1DFlushOnSched         <integer> = 0x0000000000000001 (1)
00:00:05.085276   L1DFlushOnVMEntry       <integer> = 0x0000000000000000 (0)
00:00:05.085277   LovelyMesaDrvWorkaround <integer> = 0x0000000000000001 (1)
00:00:05.085277   MDSClearOnSched         <integer> = 0x0000000000000001 (1)
00:00:05.085277   MDSClearOnVMEntry       <integer> = 0x0000000000000000 (0)
00:00:05.085278   SpecCtrlByHost          <integer> = 0x0000000000000000 (0)
00:00:05.085278   SvmVirtVmsaveVmload     <integer> = 0x0000000000000001 (1)
00:00:05.085278   UseNEMInstead           <integer> = 0x0000000000000000 (0)
00:00:05.085279 
00:00:05.085279 [/MM/] (level 1)
00:00:05.085279   CanUseLargerHeap <integer> = 0x0000000000000000 (0)
00:00:05.085280 
00:00:05.085280 [/NEM/] (level 1)
00:00:05.085280   Allow64BitGuests        <integer> = 0x0000000000000001 (1)
00:00:05.085281   IBPBOnVMEntry           <integer> = 0x0000000000000000 (0)
00:00:05.085281   IBPBOnVMExit            <integer> = 0x0000000000000000 (0)
00:00:05.085281   L1DFlushOnSched         <integer> = 0x0000000000000001 (1)
00:00:05.085282   L1DFlushOnVMEntry       <integer> = 0x0000000000000000 (0)
00:00:05.085282   LovelyMesaDrvWorkaround <integer> = 0x0000000000000001 (1)
00:00:05.085282   MDSClearOnSched         <integer> = 0x0000000000000001 (1)
00:00:05.085283   MDSClearOnVMEntry       <integer> = 0x0000000000000000 (0)
00:00:05.085283 
00:00:05.085283 [/PDM/] (level 1)
00:00:05.085283 
00:00:05.085283 [/PDM/AsyncCompletion/] (level 2)
00:00:05.085284 
00:00:05.085284 [/PDM/AsyncCompletion/File/] (level 3)
00:00:05.085284 
00:00:05.085284 [/PDM/AsyncCompletion/File/BwGroups/] (level 4)
00:00:05.085285 
00:00:05.085285 [/PDM/BlkCache/] (level 2)
00:00:05.085286   CacheSize <integer> = 0x0000000000500000 (5 242 880, 5.0 MiB)
00:00:05.085286 
00:00:05.085286 [/PDM/Devices/] (level 2)
00:00:05.085287 
00:00:05.085287 [/PDM/Drivers/] (level 2)
00:00:05.085287 
00:00:05.085287 [/PDM/Drivers/VBoxC/] (level 3)
00:00:05.085288   Path <string>  = "VBoxC" (cb=6)
00:00:05.085288 
00:00:05.085288 [/PDM/NetworkShaper/] (level 2)
00:00:05.085289 
00:00:05.085289 [/PDM/NetworkShaper/BwGroups/] (level 3)
00:00:05.085289 
00:00:05.085289 [/TM/] (level 1)
00:00:05.085290   UTCOffset <integer> = 0x0000000000000000 (0)
00:00:05.085290 
00:00:05.085290 [/USB/] (level 1)
00:00:05.085290 
00:00:05.085291 [/USB/HidMouse/] (level 2)
00:00:05.085291 
00:00:05.085291 [/USB/HidMouse/0/] (level 3)
00:00:05.085291 
00:00:05.085292 [/USB/HidMouse/0/Config/] (level 4)
00:00:05.085292   Mode <string>  = "absolute" (cb=9)
00:00:05.085292 
00:00:05.085293 [/USB/HidMouse/0/LUN#0/] (level 4)
00:00:05.085293   Driver <string>  = "MouseQueue" (cb=11)
00:00:05.085293 
00:00:05.085293 [/USB/HidMouse/0/LUN#0/AttachedDriver/] (level 5)
00:00:05.085294   Driver <string>  = "MainMouse" (cb=10)
00:00:05.085294 
00:00:05.085294 [/USB/HidMouse/0/LUN#0/Config/] (level 5)
00:00:05.085295   QueueSize <integer> = 0x0000000000000080 (128, 128 B)
00:00:05.085295 
00:00:05.085295 [/USB/USBProxy/] (level 2)
00:00:05.085296 
00:00:05.085296 [/USB/USBProxy/GlobalConfig/] (level 3)
00:00:05.085296 
00:00:05.085297 ********************* End of CFGM dump **********************
00:00:05.085414 HM: HMR3Init: AMD-V w/ nested paging
00:00:05.085506 CPUM: fXStateHostMask=0x7; host XCR0=0x7
00:00:05.085826 CPUM: Matched host CPU AMD 0x19/0x50/0x0 AMD_Unknown with CPU DB entry 'AMD Ryzen 7 1800X Eight-Core' (AMD 0x17/0x1/0x1 AMD_Zen_Ryzen)
00:00:05.094120 CPUM: MXCSR_MASK=0x2ffff (host: 0x2ffff)
00:00:05.094142 CPUM: Microcode revision 0x0A50000D
00:00:05.094150 CPUM: Changing leaf 13[0]: EBX=0x340 -> 0x340, ECX=0x988 -> 0x340
00:00:05.094165 CPUM:
00:00:05.094166 CPUM: Unexpected CPUID sub-leaves for leaf 0x80000020; fSubLeafMask=0xffffffff
00:00:05.094169 CPUM: 80000020/00000000: 00000000 00000002 00000000 00000000; flags=0x0 mask=0xffffffff
00:00:05.094172 CPUM: 80000020/00000001: 0000000b 00000000 00000000 0000000f; flags=0x0 mask=0xffffffff
00:00:05.094175 CPUM: 80000020/00000002: 00000000 00000000 00000000 00000000; flags=0x0 mask=0xffffffff
00:00:05.094178 CPUM:
00:00:05.094197 CPUM: MSR fudge: 0x00000017 IA32_PLATFORM_ID
00:00:05.094257 CPUM: MSR fudge: 0x000001a0 IA32_MISC_ENABLE
00:00:05.094273 CPUM: MSR fudge: 0x000002ff IA32_MTRR_DEF_TYPE
00:00:05.094287 CPUM: MSR fudge: 0x0000002c P4_EBC_FREQUENCY_ID
00:00:05.094422 CPUM: SetGuestCpuIdFeature: Enabled SYSENTER/EXIT
00:00:05.094427 CPUM: SetGuestCpuIdFeature: Enabled SYSCALL/RET
00:00:05.094430 CPUM: SetGuestCpuIdFeature: Enabled PAE
00:00:05.094436 CPUM: SetGuestCpuIdFeature: Enabled LAHF/SAHF
00:00:05.094439 CPUM: SetGuestCpuIdFeature: Enabled NX
00:00:05.094442 CPUM: SetGuestCpuIdFeature: Enabled LONG MODE
00:00:05.094448 CPUM: Set SSBD not required flag for AMD to work around some buggy Linux kernels!
00:00:05.094452 CPUM: Enabled MTRR read-write support
00:00:05.094455 CPUM: Enabled fixed-range MTRRs and 16 (virtualized) variable-range MTRRs
00:00:05.095261 PGM: Host paging mode: AMD64+PGE+NX
00:00:05.095277 PGM: PGMPool: cMaxPages=1280 (u64MaxPages=1058)
00:00:05.095280 PGM: pgmR3PoolInit: cMaxPages=0x500 cMaxUsers=0xa00 cMaxPhysExts=0xa00 fCacheEnable=true
00:00:05.103006 TM: GIP - u32Mode=3 (Invariant) u32UpdateHz=93 u32UpdateIntervalNS=10734900 enmUseTscDelta=2 (Practically Zero) fGetGipCpu=0x3b cCpus=12
00:00:05.103031 TM: GIP - u64CpuHz=3 892 687 752 (0xe805b388)  SUPGetCpuHzFromGip => 3 892 687 752
00:00:05.103036 TM: GIP - CPU: iCpuSet=0x0 idCpu=0x0 idApic=0x0 iGipCpu=0x3 i64TSCDelta=0 enmState=3 u64CpuHz=3892685599(*) cErrors=0
00:00:05.103041 TM: GIP - CPU: iCpuSet=0x1 idCpu=0x1 idApic=0x1 iGipCpu=0x2 i64TSCDelta=0 enmState=3 u64CpuHz=3892680820(*) cErrors=0
00:00:05.103044 TM: GIP - CPU: iCpuSet=0x2 idCpu=0x2 idApic=0x2 iGipCpu=0xb i64TSCDelta=0 enmState=3 u64CpuHz=3892687701(*) cErrors=0
00:00:05.103047 TM: GIP - CPU: iCpuSet=0x3 idCpu=0x3 idApic=0x3 iGipCpu=0x6 i64TSCDelta=0 enmState=3 u64CpuHz=3892687499(*) cErrors=0
00:00:05.103050 TM: GIP - CPU: iCpuSet=0x4 idCpu=0x4 idApic=0x4 iGipCpu=0x5 i64TSCDelta=0 enmState=3 u64CpuHz=3892687568(*) cErrors=0
00:00:05.103053 TM: GIP - CPU: iCpuSet=0x5 idCpu=0x5 idApic=0x5 iGipCpu=0x8 i64TSCDelta=0 enmState=3 u64CpuHz=3892687720(*) cErrors=0
00:00:05.103056 TM: GIP - CPU: iCpuSet=0x6 idCpu=0x6 idApic=0x6 iGipCpu=0x9 i64TSCDelta=0 enmState=3 u64CpuHz=3892687718(*) cErrors=0
00:00:05.103059 TM: GIP - CPU: iCpuSet=0x7 idCpu=0x7 idApic=0x7 iGipCpu=0xa i64TSCDelta=0 enmState=3 u64CpuHz=3892687727(*) cErrors=0
00:00:05.103062 TM: GIP - CPU: iCpuSet=0x8 idCpu=0x8 idApic=0x8 iGipCpu=0x4 i64TSCDelta=0 enmState=3 u64CpuHz=3892687449(*) cErrors=0
00:00:05.103065 TM: GIP - CPU: iCpuSet=0x9 idCpu=0x9 idApic=0x9 iGipCpu=0x0 i64TSCDelta=0 enmState=3 u64CpuHz=3892687752(*) cErrors=0
00:00:05.103068 TM: GIP - CPU: iCpuSet=0xa idCpu=0xa idApic=0xa iGipCpu=0x1 i64TSCDelta=0 enmState=3 u64CpuHz=3892700377(*) cErrors=0
00:00:05.103071 TM: GIP - CPU: iCpuSet=0xb idCpu=0xb idApic=0xb iGipCpu=0x7 i64TSCDelta=0 enmState=3 u64CpuHz=3892687511(*) cErrors=0
00:00:05.103094 TM:     cTSCTicksPerSecond=3 892 687 752 (0xe805b388) enmTSCMode=1 (VirtTSCEmulated) TSCMultiplier=1
00:00:05.103095 TM: cTSCTicksPerSecondHost=3 892 687 752 (0xe805b388)
00:00:05.103095 TM: TSCTiedToExecution=false TSCNotTiedToHalt=false
00:00:05.103811 EMR3Init: fIemExecutesAll=false fGuruOnTripleFault=true
00:00:05.104078 IEM: TargetCpu=CURRENT, Microarch=AMD_Unknown aidxTargetCpuEflFlavour={2,0}
00:00:05.104818 GIM: Using provider 'KVM' (Implementation version: 0)
00:00:05.104827 CPUM: SetGuestCpuIdFeature: Enabled Hypervisor Present bit
00:00:05.104923 GCM: Initialized - Fixer bits: 0x8 (MesaVmsvgaDrv)
00:00:05.104986 AIOMgr: Default manager type is 'Async'
00:00:05.104990 AIOMgr: Default file backend is 'NonBuffered'
00:00:05.105038 BlkCache: Cache successfully initialized. Cache size is 5242880 bytes
00:00:05.105041 BlkCache: Cache commit interval is 10000 ms
00:00:05.105044 BlkCache: Cache commit threshold is 2621440 bytes
00:00:05.369699 PcBios: [SMP] BIOS with 2 CPUs
00:00:05.369731 PcBios: Using the 386+ BIOS image.
00:00:05.369809 PcBios: MPS table at 000e1300
00:00:05.370467 PcBios: fCheckShutdownStatusForSoftReset=true  fClearShutdownStatusOnHardReset=true
00:00:05.392919 SUP: seg #0: R   0x00000000 LB 0x00001000
00:00:05.392931 SUP: seg #1: R X 0x00001000 LB 0x0002f000
00:00:05.392935 SUP: seg #2: R   0x00030000 LB 0x00010000
00:00:05.392938 SUP: seg #3: RW  0x00040000 LB 0x00002000
00:00:05.392941 SUP: seg #4: R   0x00042000 LB 0x00003000
00:00:05.392944 SUP: seg #5: RW  0x00045000 LB 0x00001000
00:00:05.392946 SUP: seg #6: R   0x00046000 LB 0x00001000
00:00:05.392949 SUP: seg #7: R X 0x00047000 LB 0x00001000
00:00:05.392952 SUP: seg #8: R   0x00048000 LB 0x00002000
00:00:05.393081 SUP: Loaded VBoxDDR0.r0 (C:\Program Files\Oracle\VirtualBox/VBoxDDR0.r0) at 0xXXXXXXXXXXXXXXXX - ModuleInit at XXXXXXXXXXXXXXXX and ModuleTerm at XXXXXXXXXXXXXXXX using the native ring-0 loader
00:00:05.393090 SUP: windbg> .reload /f C:\Program Files\Oracle\VirtualBox/VBoxDDR0.r0=0xXXXXXXXXXXXXXXXX
00:00:05.393358 PDM: VirtualBox APIC backend registered
00:00:05.393408 CPUM: SetGuestCpuIdFeature: Enabled xAPIC
00:00:05.393413 CPUM: SetGuestCpuIdFeature: Enabled x2APIC
00:00:05.394549 IOAPIC: Version=2.0 ChipType=ICH9
00:00:05.394649 PIT: mode=3 count=0x10000 (65536) - 18.20 Hz (ch=0)
00:00:05.394846 VMMDev: cbDefaultBudget: 328 930 304 (139b1400)
00:00:05.405428 Shared Folders service loaded
00:00:05.412364 Guest Control service loaded
00:00:05.425549 VGA: Using the 386+ BIOS image.
00:00:05.426503 DrvVD: Flushes will be ignored
00:00:05.426511 DrvVD: Async flushes will be passed to the disk
00:00:05.427426 VD: VDInit finished with VINF_SUCCESS
00:00:05.427731 AIOMgr: Endpoint for file 'C:\Users\Rafael\VirtualBox VMs\Debian\Debian.vdi' (flags 000c0723) created successfully
00:00:05.429559 VD: Opening the disk took 2352926 ns
00:00:05.429646 AHCI: LUN#0: disk, PCHS=16383/16/63, total number of sectors 41943040
00:00:05.429778 AHCI#0: Reset the HBA
00:00:05.429785 VD#0: Cancelling all active requests
00:00:05.430679 DrvVD: Flushes will be ignored
00:00:05.430687 DrvVD: Async flushes will be passed to the disk
00:00:05.430747 VD: Opening the disk took 53372 ns
00:00:05.430781 PIIX3 ATA: LUN#0: CD/DVD, total number of sectors 321536, passthrough disabled
00:00:05.430829 PIIX3 ATA: LUN#1: no unit
00:00:05.430863 PIIX3 ATA: LUN#2: no unit
00:00:05.430868 PIIX3 ATA: LUN#3: no unit
00:00:05.430890 PIIX3 ATA: Ctl#0: finished processing RESET
00:00:05.430922 PIIX3 ATA: Ctl#1: finished processing RESET
00:00:05.430996 E1000#0: Chip=82540EM LinkUpDelay=5000ms EthernetCRC=on GSO=enabled Itr=disabled ItrRx=enabled TID=disabled R0=enabled RC=disabled
00:00:05.443076 AC97: Using codec 'AD1980'
00:00:05.457762 WasAPI: Failed to get audio input device '{Default}': ERROR_NOT_FOUND/0x80070490
00:00:05.458443 WasAPI: Output device is: {Default} (iface 000002d66e8c77f0)
00:00:05.461212 Audio: Found 3 devices for driver 'WasAPI'
00:00:05.461233 Audio: Device 'Alto-falantes (High Definition Audio Device)':
00:00:05.461234 Audio:   ID              = {0.0.0.00000000}.{ced8a2e0-5928-4f7b-86ac-3661a8d9282e}
00:00:05.461234 Audio:   Usage           = output
00:00:05.461234 Audio:   Flags           = DEFAULT_OUT
00:00:05.461235 Audio:   Input channels  = 0
00:00:05.461235 Audio:   Output channels = 2
00:00:05.461240 Audio: Device '2 - MACROSILICON (AMD High Definition Audio Device)':
00:00:05.461240 Audio:   ID              = {0.0.0.00000000}.{150ac3e9-1061-446f-84b0-cd51ef208a49}
00:00:05.461240 Audio:   Usage           = output
00:00:05.461240 Audio:   Flags           = NONE
00:00:05.461241 Audio:   Input channels  = 0
00:00:05.461241 Audio:   Output channels = 2
00:00:05.461244 Audio: Device 'Alto-falantes (High Definition Audio Device)':
00:00:05.461245 Audio:   ID              = {0.0.0.00000000}.{ced8a2e0-5928-4f7b-86ac-3661a8d9282e}
00:00:05.461245 Audio:   Usage           = output
00:00:05.461245 Audio:   Flags           = NONE
00:00:05.461245 Audio:   Input channels  = 0
00:00:05.461245 Audio:   Output channels = 2
00:00:05.461576 AC97: Reset
00:00:05.461587 AC97: Mixer reset (EAID=0x809, EACS=0x9)
00:00:05.461590 AC97: Record select to left=mic, right=mic
00:00:05.461593 Audio Mixer: MUTING master volume of 'AC'97 Mixer' -- channel volumes: ff ff ff ff ff ff ff ff ff ff ff ff
00:00:05.461603 Audio Mixer: MUTING sink 'AC'97 Mixer/Line In' -- channel volumes: 00 00 00 00 00 00 00 00 00 00 00 00
00:00:05.461612 Audio Mixer: MUTING sink 'AC'97 Mixer/Microphone In' -- channel volumes: 00 00 00 00 00 00 00 00 00 00 00 00
00:00:05.461616 Audio Mixer: MUTING sink 'AC'97 Mixer/PCM Output' -- channel volumes: 00 00 00 00 00 00 00 00 00 00 00 00
00:00:05.461622 Audio Mixer: MUTING sink 'AC'97 Mixer/PCM Output' -- channel volumes: 00 00 00 00 00 00 00 00 00 00 00 00
00:00:05.461628 Audio Mixer: MUTING sink 'AC'97 Mixer/Line In' -- channel volumes: 00 00 00 00 00 00 00 00 00 00 00 00
00:00:05.461633 Audio Mixer: MUTING sink 'AC'97 Mixer/Line In' -- channel volumes: 00 00 00 00 00 00 00 00 00 00 00 00
00:00:05.461636 Audio Mixer: MUTING sink 'AC'97 Mixer/Microphone In' -- channel volumes: 00 00 00 00 00 00 00 00 00 00 00 00
00:00:05.462441 VUSB: Attached 'HidMouse' to port 1 on RootHub#1 (FullSpeed)
00:00:05.462455 PGM: The CPU physical address width is 48 bits
00:00:05.462460 PGM: PGMR3InitFinalize: 4 MB PSE mask 0000ffffffffffff -> VINF_SUCCESS
00:00:05.462467 TM: TMR3InitFinalize: fTSCModeSwitchAllowed=true
00:00:05.462579 CPUM: Mapped 1.0MiB (1048576 bytes) of RAM using fixed-range MTRRs
00:00:05.462585 CPUM: Mapped 2.0GiB (2147483648 bytes) of RAM using 1 variable-range MTRRs
00:00:05.463838 VMM: Thread-context hooks unavailable
00:00:05.463849 VMM: RTThreadPreemptIsPending() can be trusted
00:00:05.463852 VMM: Kernel preemption is possible
00:00:05.468388 HM: fWorldSwitcher=0x0 (fIbpbOnVmExit=false fIbpbOnVmEntry=false fL1dFlushOnVmEntry=false); fL1dFlushOnSched=false fMdsClearOnVmEntry=false
00:00:05.468403 HM: Using AMD-V implementation 2.0
00:00:05.468407 HM: Max resume loops                  = 8192
00:00:05.468407 HM: AMD HWCR MSR                      = 0x189000011
00:00:05.468408 HM: AMD-V revision                    = 0x1
00:00:05.468408 HM: AMD-V max ASID                    = 32768
00:00:05.468409 HM: AMD-V features                    = 0x101bbcff
00:00:05.468409 HM:   NESTED_PAGING
00:00:05.468409 HM:   LBR_VIRT
00:00:05.468409 HM:   SVM_LOCK
00:00:05.468409 HM:   NRIP_SAVE
00:00:05.468410 HM:   TSC_RATE_MSR
00:00:05.468410 HM:   VMCB_CLEAN
00:00:05.468410 HM:   FLUSH_BY_ASID
00:00:05.468410 HM:   DECODE_ASSISTS
00:00:05.468410 HM:   PAUSE_FILTER
00:00:05.468410 HM:   PAUSE_FILTER_THRESHOLD
00:00:05.468411 HM:   AVIC
00:00:05.468411 HM:   VIRT_VMSAVE_VMLOAD
00:00:05.468411 HM:   VGIF
00:00:05.468411 HM:   GMET
00:00:05.468411 HM:   SSSCHECK
00:00:05.468411 HM:   SPEC_CTRL
00:00:05.468411 HM:   NST_VIRT_VMCB_ADDR_CHK
00:00:05.468412 HM:   Reserved bit 11
00:00:05.468420 HM: Enabled SVM
00:00:05.468420 HM:   Enabled nested paging
00:00:05.468420 HM:   Enabled large page support
00:00:05.468422 HM: Disabled TPR patching
00:00:05.468422 HM: Guest support: 32-bit and 64-bit
00:00:05.468422 HM: VT-x/AMD-V init method: Local
00:00:05.468423 HM: VT-x/AMD-V enable method: VirtualBox
00:00:05.468423 EM: Exit history optimizations: enabled=true enabled-r0=true enabled-r0-no-preemption=false
00:00:05.469920 AIOMgr: Async flushes not supported
00:00:05.469931 PcBios: SATA LUN#0 LCHS=1024/255/63
00:00:05.469944 APIC: fPostedIntrsEnabled=false fVirtApicRegsEnabled=false fSupportsTscDeadline=false
00:00:05.469950 TMR3UtcNow: nsNow=1 786 733 056 441 193 800 nsPrev=0 -> cNsDelta=1 786 733 056 441 193 800 (offLag=0 offVirtualSync=0 offVirtualSyncGivenUp=0, NowAgain=1 786 733 056 441 193 800)
00:00:05.469963 VMM: fUsePeriodicPreemptionTimers=true
00:00:05.469975 CPUM: Logical host processors: 12 present, 12 max, 12 online, online mask: 0000000000000fff
00:00:05.469977 CPUM: Physical host cores: 6
00:00:05.469977 ************************ CPUID dump *************************
00:00:05.470147          Raw Standard CPUID Leaves
00:00:05.470147      Leaf/sub-leaf  eax      ebx      ecx      edx
00:00:05.470150 Gst: 00000000/0000  00000010 68747541 444d4163 69746e65
00:00:05.470151 Hst:                00000010 68747541 444d4163 69746e65
00:00:05.470152 Gst: 00000001/0000  00a50f00 00020800 f6f83203 178bfbff
00:00:05.470152 Hst:                00a50f00 0b0c0800 7ef8320b 178bfbff
00:00:05.470153 Gst: 00000002/0000  00000000 00000000 00000000 00000000
00:00:05.470153 Hst:                00000000 00000000 00000000 00000000
00:00:05.470154 Gst: 00000003/0000  00000000 00000000 00000000 00000000
00:00:05.470154 Hst:                00000000 00000000 00000000 00000000
00:00:05.470154 Gst: 00000004/0000  00000000 00000000 00000000 00000000
00:00:05.470155 Hst:                00000000 00000000 00000000 00000000
00:00:05.470155 Gst: 00000005/0000  00000000 00000000 00000000 00000000
00:00:05.470155 Hst:                00000040 00000040 00000003 00000011
00:00:05.470156 Gst: 00000006/0000  00000004 00000000 00000000 00000000
00:00:05.470156 Hst:                00000004 00000000 00000001 00000000
00:00:05.470157 Gst: 00000007/0000  00000000 208c0529 00000000 00000000
00:00:05.470157 Hst:                00000000 219c97a9 0040068c 00000010
00:00:05.470157 Gst: 00000007/0001  00000000 00000000 00000000 00000000
00:00:05.470158 Hst:                00000000 00000000 00000000 00000000
00:00:05.470158 Gst: 00000007/0002  00000000 00000000 00000000 00000000
00:00:05.470159 Hst:                00000000 00000000 00000000 00000000
00:00:05.470159 Gst: 00000008/0000  00000000 00000000 00000000 00000000
00:00:05.470159 Hst:                00000000 00000000 00000000 00000000
00:00:05.470160 Gst: 00000009/0000  00000000 00000000 00000000 00000000
00:00:05.470160 Hst:                00000000 00000000 00000000 00000000
00:00:05.470160 Gst: 0000000a/0000  00000000 00000000 00000000 00000000
00:00:05.470161 Hst:                00000000 00000000 00000000 00000000
00:00:05.470161 Gst: 0000000b/0000  00000000 00000001 00000100 00000000
00:00:05.470162 Hst:                00000001 00000002 00000100 0000000b
00:00:05.470162 Gst: 0000000b/0001  00000001 00000002 00000201 00000000
00:00:05.470162 Hst:                00000004 0000000c 00000201 0000000b
00:00:05.470163 Gst: 0000000b/0002  00000000 00000000 00000002 00000000
00:00:05.470163 Hst:                00000000 00000000 00000002 0000000b
00:00:05.470163 Gst: 0000000c/0000  00000000 00000000 00000000 00000000
00:00:05.470164 Hst:                00000000 00000000 00000000 00000000
00:00:05.470164 Gst: 0000000d/0000  00000007 00000340 00000340 00000000
00:00:05.470165 Hst:                00000207 00000340 00000988 00000000
00:00:05.470165 Gst: 0000000d/0001  00000000 00000350 00000000 00000000
00:00:05.470165 Hst:                0000000f 00000350 00001800 00000000
00:00:05.470166 Gst: 0000000d/0002  00000100 00000240 00000000 00000000
00:00:05.470166 Hst:                00000100 00000240 00000000 00000000
00:00:05.470167 Gst: 0000000d/0003  00000000 00000000 00000000 00000000
00:00:05.470167 Hst:                00000000 00000000 00000000 00000000
00:00:05.470167 Gst: 0000000d/0004  00000000 00000000 00000000 00000000
00:00:05.470168 Hst:                00000000 00000000 00000000 00000000
00:00:05.470168 Gst: 0000000d/0005  00000000 00000000 00000000 00000000
00:00:05.470168 Hst:                00000000 00000000 00000000 00000000
00:00:05.470169 Gst: 0000000d/0006  00000000 00000000 00000000 00000000
00:00:05.470169 Hst:                00000000 00000000 00000000 00000000
00:00:05.470169 Gst: 0000000d/0007  00000000 00000000 00000000 00000000
00:00:05.470170 Hst:                00000000 00000000 00000000 00000000
00:00:05.470170 Gst: 0000000d/0008  00000000 00000000 00000000 00000000
00:00:05.470171 Hst:                00000000 00000000 00000000 00000000
00:00:05.470171 Gst: 0000000d/0009  00000000 00000000 00000000 00000000
00:00:05.470171 Hst:                00000008 00000980 00000000 00000000
00:00:05.470172 Gst: 0000000d/000a  00000000 00000000 00000000 00000000
00:00:05.470172 Hst:                00000000 00000000 00000000 00000000
00:00:05.470172 Gst: 0000000d/000b  00000000 00000000 00000000 00000000
00:00:05.470173 Hst:                00000010 00000000 00000001 00000000
00:00:05.470173 Gst: 0000000d/000c  00000000 00000000 00000000 00000000
00:00:05.470174 Hst:                00000018 00000000 00000001 00000000
00:00:05.470174 Gst: 0000000d/000d  00000000 00000000 00000000 00000000
00:00:05.470174 Hst:                00000000 00000000 00000000 00000000
00:00:05.470175 Gst: 0000000e/0000  00000000 00000000 00000000 00000000
00:00:05.470175 Hst:                00000000 00000000 00000000 00000000
00:00:05.470175 Gst: 0000000f/0000  00000000 00000000 00000000 00000000
00:00:05.470176 Hst:                00000000 000000ff 00000000 00000002
00:00:05.470176 Hst: 00000010/0000  00000000 00000002 00000000 00000000
00:00:05.470177                                Name: AuthenticAMD
00:00:05.470178                            Supports: 0x00000000-0x00000010
00:00:05.470178                              Family: 15 	Extended: 10 	Effective: 25
00:00:05.470179                               Model:  0 	Extended: 5 	Effective: 80
00:00:05.470180                            Stepping: 0
00:00:05.470180                                Type: 0 (primary)
00:00:05.470181                             APIC ID: 0x00
00:00:05.470181                        Logical CPUs: 2
00:00:05.470182                        CLFLUSH Size: 8
00:00:05.470182                            Brand ID: 0x00
00:00:05.470183 Features
00:00:05.470183   Mnemonic - Description                                  = Guest (Host)
00:00:05.470188   FPU - x87 FPU on Chip                                   = 1 (1)
00:00:05.470189   VME - Virtual 8086 Mode Enhancements                    = 1 (1)
00:00:05.470190   DE - Debugging extensions                               = 1 (1)
00:00:05.470191   PSE - Page Size Extension                               = 1 (1)
00:00:05.470191   TSC - Time Stamp Counter                                = 1 (1)
00:00:05.470192   MSR - Model Specific Registers                          = 1 (1)
00:00:05.470192   PAE - Physical Address Extension                        = 1 (1)
00:00:05.470193   MCE - Machine Check Exception                           = 1 (1)
00:00:05.470194   CX8 - CMPXCHG8B instruction                             = 1 (1)
00:00:05.470194   APIC - APIC On-Chip                                     = 1 (1)
00:00:05.470195   SEP - SYSENTER and SYSEXIT Present                      = 1 (1)
00:00:05.470195   MTRR - Memory Type Range Registers                      = 1 (1)
00:00:05.470196   PGE - PTE Global Bit                                    = 1 (1)
00:00:05.470197   MCA - Machine Check Architecture                        = 1 (1)
00:00:05.470197   CMOV - Conditional Move instructions                    = 1 (1)
00:00:05.470198   PAT - Page Attribute Table                              = 1 (1)
00:00:05.470198   PSE-36 - 36-bit Page Size Extension                     = 1 (1)
00:00:05.470199   PSN - Processor Serial Number                           = 0 (0)
00:00:05.470200   CLFSH - CLFLUSH instruction                             = 1 (1)
00:00:05.470200   DS - Debug Store                                        = 0 (0)
00:00:05.470201   ACPI - Thermal Mon. & Soft. Clock Ctrl.                 = 0 (0)
00:00:05.470202   MMX - Intel MMX Technology                              = 1 (1)
00:00:05.470202   FXSR - FXSAVE and FXRSTOR instructions                  = 1 (1)
00:00:05.470203   SSE - SSE support                                       = 1 (1)
00:00:05.470203   SSE2 - SSE2 support                                     = 1 (1)
00:00:05.470204   SS - Self Snoop                                         = 0 (0)
00:00:05.470205   HTT - Hyper-Threading Technology                        = 1 (1)
00:00:05.470205   TM - Therm. Monitor                                     = 0 (0)
00:00:05.470206   PBE - Pending Break Enabled                             = 0 (0)
00:00:05.470207   SSE3 - SSE3 support                                     = 1 (1)
00:00:05.470207   PCLMUL - PCLMULQDQ support (for AES-GCM)                = 1 (1)
00:00:05.470208   DTES64 - DS Area 64-bit Layout                          = 0 (0)
00:00:05.470209   MONITOR - MONITOR/MWAIT instructions                    = 0 (1)
00:00:05.470209   CPL-DS - CPL Qualified Debug Store                      = 0 (0)
00:00:05.470210   VMX - Virtual Machine Extensions                        = 0 (0)
00:00:05.470210   SMX - Safer Mode Extensions                             = 0 (0)
00:00:05.470211   EST - Enhanced SpeedStep Technology                     = 0 (0)
00:00:05.470211   TM2 - Terminal Monitor 2                                = 0 (0)
00:00:05.470212   SSSE3 - Supplemental Streaming SIMD Extensions 3        = 1 (1)
00:00:05.470213   CNTX-ID - L1 Context ID                                 = 0 (0)
00:00:05.470213   SDBG - Silicon Debug interface                          = 0 (0)
00:00:05.470214   FMA - Fused Multiply Add extensions                     = 1 (1)
00:00:05.470214   CX16 - CMPXCHG16B instruction                           = 1 (1)
00:00:05.470215   TPRUPDATE - xTPR Update Control                         = 0 (0)
00:00:05.470216   PDCM - Perf/Debug Capability MSR                        = 0 (0)
00:00:05.470216   PCID - Process Context Identifiers                      = 0 (0)
00:00:05.470217   DCA - Direct Cache Access                               = 0 (0)
00:00:05.470217   SSE4_1 - SSE4_1 support                                 = 1 (1)
00:00:05.470218   SSE4_2 - SSE4_2 support                                 = 1 (1)
00:00:05.470219   X2APIC - x2APIC support                                 = 1 (1)
00:00:05.470219   MOVBE - MOVBE instruction                               = 1 (1)
00:00:05.470220   POPCNT - POPCNT instruction                             = 1 (1)
00:00:05.470220   TSCDEADL - Time Stamp Counter Deadline                  = 0 (0)
00:00:05.470221   AES - AES instructions                                  = 1 (1)
00:00:05.470222   XSAVE - XSAVE instruction                               = 1 (1)
00:00:05.470222   OSXSAVE - OSXSAVE instruction                           = 0 (1)
00:00:05.470223   AVX - AVX support                                       = 1 (1)
00:00:05.470224   F16C - 16-bit floating point conversion instructions    = 1 (1)
00:00:05.470224   RDRAND - RDRAND instruction                             = 1 (1)
00:00:05.470225   HVP - Hypervisor Present (we're a guest)                = 1 (0)
00:00:05.470225 Structured Extended Feature Flags Enumeration (leaf 7):
00:00:05.470225 Sub-leaf 0
00:00:05.470226   Mnemonic - Description                                  = Guest (Host)
00:00:05.470230   FSGSBASE - RDFSBASE/RDGSBASE/WRFSBASE/WRGSBASE instr.   = 1 (1)
00:00:05.470230   TSCADJUST - Supports MSR_IA32_TSC_ADJUST                = 0 (0)
00:00:05.470231   SGX - Supports Software Guard Extensions                = 0 (0)
00:00:05.470231   BMI1 - Advanced Bit Manipulation extension 1            = 1 (1)
00:00:05.470232   HLE - Hardware Lock Elision                             = 0 (0)
00:00:05.470232   AVX2 - Advanced Vector Extensions 2                     = 1 (1)
00:00:05.470233   FDP_EXCPTN_ONLY - FPU DP only updated on exceptions     = 0 (0)
00:00:05.470233   SMEP - Supervisor Mode Execution Prevention             = 0 (1)
00:00:05.470234   BMI2 - Advanced Bit Manipulation extension 2            = 1 (1)
00:00:05.470234   ERMS - Enhanced REP MOVSB/STOSB instructions            = 0 (1)
00:00:05.470235   INVPCID - INVPCID instruction                           = 1 (1)
00:00:05.470235   RTM - Restricted Transactional Memory                   = 0 (0)
00:00:05.470236   PQM - Platform Quality of Service Monitoring            = 0 (1)
00:00:05.470236   DEPFPU_CS_DS - Deprecates FPU CS, FPU DS values if set  = 0 (0)
00:00:05.470237   MPE - Intel Memory Protection Extensions                = 0 (0)
00:00:05.470237   PQE - Platform Quality of Service Enforcement           = 0 (1)
00:00:05.470238   AVX512F - AVX512 Foundation instructions                = 0 (0)
00:00:05.470238   AVX512DQ - Supports the AVX512DQ instructions           = 0 (0)
00:00:05.470239   RDSEED - RDSEED instruction                             = 1 (1)
00:00:05.470239   ADX - ADCX/ADOX instructions                            = 1 (1)
00:00:05.470240   SMAP - Supervisor Mode Access Prevention                = 0 (1)
00:00:05.470240   AVX512_IFMA - Supports the AVX512_IFMA instructions     = 0 (0)
00:00:05.470241   CLFLUSHOPT - CLFLUSHOPT (Cache Line Flush) instruction  = 1 (1)
00:00:05.470241   CLWB - CLWB instruction                                 = 0 (1)
00:00:05.470242   INTEL_PT - Intel Processor Trace                        = 0 (0)
00:00:05.470242   AVX512PF - AVX512 Prefetch instructions                 = 0 (0)
00:00:05.470243   AVX512ER - AVX512 Exponential & Reciprocal instructions = 0 (0)
00:00:05.470243   AVX512CD - AVX512 Conflict Detection instructions       = 0 (0)
00:00:05.470244   SHA - Secure Hash Algorithm extensions                  = 1 (1)
00:00:05.470244   AVX512BW - Supports the AVX512BW instructions           = 0 (0)
00:00:05.470245   AVX512VL - Supports the AVX512VL instructions           = 0 (0)
00:00:05.470245   PREFETCHWT1 - PREFETCHWT1 instruction                   = 0 (0)
00:00:05.470246   AVX512_VBMI - Supports the AVX512_VBMI instructions     = 0 (0)
00:00:05.470246   UMIP - User mode insturction prevention                 = 0 (1)
00:00:05.470247   PKU - Protection Key for Usermode pages                 = 0 (1)
00:00:05.470247   OSPKE - CR4.PKU mirror                                  = 0 (0)
00:00:05.470248   WAITPKG - TPAUSE, UMONITOR & UMWAIT support             = 0 (0)
00:00:05.470248   AVX512_VBMI2 - Supports the AVX512_VBMI2 instructions   = 0 (0)
00:00:05.470249   CET_SS - CET shadow stack support                       = 0 (1)
00:00:05.470249   GFNI - Supports the GFNI instruction set                = 0 (0)
00:00:05.470250   VAES - Supports the VEX encoded AES instruction set     = 0 (1)
00:00:05.470250   VPCLMULQDQ - Supports the VPCLMULQDQ instruction        = 0 (1)
00:00:05.470251   AVX512_VNNI - Supports the AVX512_VNNI instructions     = 0 (0)
00:00:05.470251   AVX512_BITALG - Supports the AVX512_BITALG instructions = 0 (0)
00:00:05.470251   TME_EN - Supports 4 IA32_TME_ MSRs                      = 0 (0)
00:00:05.470252   AVX512_VPOPCNTDQ - Supports the AVX512_VPOPCNTDQ instructions = 0 (0)
00:00:05.470252   LA57 - 57-bit linear addresses                          = 0 (0)
00:00:05.470253   MAWAU - Value used by BNDLDX & BNDSTX                   = 0x0 (0x0)
00:00:05.470254   RDPID - Read processor ID support                       = 0 (1)
00:00:05.470254   KEY_LOCKER - Supports Key Locker                        = 0 (0)
00:00:05.470255   BUS_LOCK_DETECT - Supports OS bus-lock detection        = 0 (0)
00:00:05.470255   CLDEMOTE - Supports cache line demote                   = 0 (0)
00:00:05.470256   MOVDIRI - Supports the MOVDIRI instruction              = 0 (0)
00:00:05.470256   MOVDIRI64B - Supports the MOVDIRI64B instruction        = 0 (0)
00:00:05.470257   ENQCMD - Supports the Eqnqueue Stores                   = 0 (0)
00:00:05.470257   SGX_LC - Supports SGX Launch Configuration              = 0 (0)
00:00:05.470263   PKS - Supports protection keys for supervisor pages     = 0 (0)
00:00:05.470263   SGX_KEYS - Supports Attestation Service for Intel SGX   = 0 (0)
00:00:05.470264   AVX512_4VNNIW - Supports the AVX512_4VNNIW instructions = 0 (0)
00:00:05.470264   AVX512_4FMAPS - Supports the AVX512_4FMAPS instructions = 0 (0)
00:00:05.470265   FAST_SHORT_REP_MOVSB - Supports fast short REP MOVSB    = 0 (1)
00:00:05.470265   UINTR - Supports user interrupts                        = 0 (0)
00:00:05.470266   AVX512_VP2INTERSECT - Supports the AVX512_VP2INTERSECT instr. = 0 (0)
00:00:05.470266   MCU_OPT_CTRL - Supports IA32_MCU_OPT_CTRL               = 0 (0)
00:00:05.470266   MD_CLEAR - Supports MDS related buffer clearing         = 0 (0)
00:00:05.470267   RTM_ALWAYS_ABORT - XBEGIN always aborts and does fallback = 0 (0)
00:00:05.470267   RTM_FORCE_ABORT - Supports IA32_TSX_FORCE_ABORT         = 0 (0)
00:00:05.470268   SERIALIZE - Supports the SERIALIZE instruction          = 0 (0)
00:00:05.470268   HYBRID - Identifiers the CPU as a hybrid part           = 0 (0)
00:00:05.470269   TSXLDTRK - Supports susp/resume of TSX ld addr tracking = 0 (0)
00:00:05.470269   PCONFIG - Supports the PCONFIG instruction              = 0 (0)
00:00:05.470269   ARCH_LBRS - Supports architectural LBRs                 = 0 (0)
00:00:05.470270   CET_IBT - Supports indirect branch tracking w/ CET      = 0 (0)
00:00:05.470270   AMX_BF16 - Supports tile comp. ops on bfloat16 number   = 0 (0)
00:00:05.470271   AVX512_FP16 - Supports the FP16 data type with AVX512   = 0 (0)
00:00:05.470271   AMX_TILE - Supports the tile architecture               = 0 (0)
00:00:05.470272   AMX_INT8 - Supports tile comp. ops on 8-bit integers    = 0 (0)
00:00:05.470272   IBRS_IBPB - IA32_SPEC_CTRL.IBRS and IA32_PRED_CMD.IBPB  = 0 (0)
00:00:05.470272   STIBP - Supports IA32_SPEC_CTRL.STIBP                   = 0 (0)
00:00:05.470273   FLUSH_CMD - Supports IA32_FLUSH_CMD                     = 0 (0)
00:00:05.470273   ARCHCAP - Supports IA32_ARCH_CAP                        = 0 (0)
00:00:05.470274   CORECAP - Supports IA32_CORE_CAP                        = 0 (0)
00:00:05.470275   SSBD - Supports IA32_SPEC_CTRL.SSBD                     = 0 (0)
00:00:05.470275  Sub-leaf 2
00:00:05.470275   Mnemonic - Description                                  = Guest (Host)
00:00:05.470276   PSFD - Supports IA32_SPEC_CTRL[7] (PSFD)                = 0 (0)
00:00:05.470276   IPRED_CTRL - Supports IA32_SPEC_CTRL[4:3] (IPRED_DIS)   = 0 (0)
00:00:05.470277   RRSBA_CTRL - Supports IA32_SPEC_CTRL[6:5] (RRSBA_DIS)   = 0 (0)
00:00:05.470277   DDPD_U - Supports IA32_SPEC_CTRL[8] (DDPD_U)            = 0 (0)
00:00:05.470278   BHI_CTRL - Supports IA32_SPEC_CTRL[10] (BHI_DIS_S)      = 0 (0)
00:00:05.470278   MCDT_NO - No MXCSR Config Dependent Timing issues       = 0 (0)
00:00:05.470278   UC_LOCK_DIS - Supports UC-lock disable and causing #AC  = 0 (0)
00:00:05.470279   MONITOR_MITG_NO - No MONITOR/UMONITOR power issues      = 0 (0)
00:00:05.470279 Processor Extended State Enumeration (leaf 0xd):
00:00:05.470280    XSAVE area cur/max size by XCR0, Guest: 0x340/0x340
00:00:05.470280    XSAVE area cur/max size by XCR0,  Host: 0x340/0x988
00:00:05.470281                    Valid XCR0 bits, Guest: 0x00000000`00000007 ( x87 SSE YMM_Hi128 )
00:00:05.470282                    Valid XCR0 bits,  Host: 0x00000000`00000207 ( x87 SSE YMM_Hi128 9 )
00:00:05.470283                     XSAVE features, Guest
00:00:05.470284                     XSAVE features,  Host XSAVEOPT XSAVEC XGETBC1 XSAVES
00:00:05.470285       XSAVE area cur size XCR0|XSS, Guest: 0x350
00:00:05.470285       XSAVE area cur size XCR0|XSS,  Host: 0x350
00:00:05.470286                Valid IA32_XSS bits, Guest: 0x00000000`00000000
00:00:05.470286                Valid IA32_XSS bits,  Host: 0x00001800`00000000 ( 43 44 )
00:00:05.470287   State #2, Guest: off=0x0240, cb=0x0100 IA32_XSS-bit -- YMM_Hi128
00:00:05.470288   State #2,  Host:  off=0x0240, cb=0x0100 IA32_XSS-bit -- YMM_Hi128
00:00:05.470289   State #9,  Host:  off=0x0980, cb=0x0008 IA32_XSS-bit -- 9
00:00:05.470290   State #11,  Host:  off=0x0000, cb=0x0010 XCR0-bit -- 11
00:00:05.470290   State #12,  Host:  off=0x0000, cb=0x0018 XCR0-bit -- 12
00:00:05.470294          Raw Hypervisor CPUID Leaves
00:00:05.470294      Leaf/sub-leaf  eax      ebx      ecx      edx
00:00:05.470294 Gst: 40000000/0000  40000001 4b4d564b 564b4d56 0000004d
00:00:05.470295 Gst: 40000001/0000  01000089 00000000 00000000 00000000
00:00:05.470296          Raw Extended CPUID Leaves
00:00:05.470296      Leaf/sub-leaf  eax      ebx      ecx      edx
00:00:05.470296 Gst: 80000000/0000  80000021 68747541 444d4163 69746e65
00:00:05.470297 Hst:                80000023 68747541 444d4163 69746e65
00:00:05.470297 Gst: 80000001/0000  00a50f00 20000000 000001f3 2bd3fb7f
00:00:05.470298 Hst:                00a50f00 20000000 75c237ff 2fd3fbff
00:00:05.470298 Gst: 80000002/0000  20444d41 657a7952 2035206e 30303635
00:00:05.470298 Hst:                20444d41 657a7952 2035206e 30303635
00:00:05.470299 Gst: 80000003/0000  69772047 52206874 6f656461 7247206e
00:00:05.470299 Hst:                69772047 52206874 6f656461 7247206e
00:00:05.470300 Gst: 80000004/0000  69687061 20207363 20202020 00202020
00:00:05.470300 Hst:                69687061 20207363 20202020 00202020
00:00:05.470301 Gst: 80000005/0000  ff40ff40 ff40ff40 20080140 20080140
00:00:05.470301 Hst:                ff40ff40 ff40ff40 20080140 20080140
00:00:05.470301 Gst: 80000006/0000  48002200 68004200 02006140 00809140
00:00:05.470302 Hst:                48002200 68004200 02006140 00809140
00:00:05.470302 Gst: 80000007/0000  00000000 00000000 00000000 00000100
00:00:05.470303 Hst:                00000000 0000003b 00000000 00006799
00:00:05.470303 Gst: 80000008/0000  00003030 04000000 00000001 00000000
00:00:05.470304 Hst:                00003030 191ef657 0000400b 00010000
00:00:05.470304 Gst: 80000009/0000  00000000 00000000 00000000 00000000
00:00:05.470305 Hst:                00000000 00000000 00000000 00000000
00:00:05.470305 Gst: 8000000a/0000  00000000 00000000 00000000 00000000
00:00:05.470305 Hst:                00000001 00008000 00000000 101bbcff
00:00:05.470306 Gst: 8000000b/0000  00000000 00000000 00000000 00000000
00:00:05.470306 Hst:                00000000 00000000 00000000 00000000
00:00:05.470306 Gst: 8000000c/0000  00000000 00000000 00000000 00000000
00:00:05.470307 Hst:                00000000 00000000 00000000 00000000
00:00:05.470307 Gst: 8000000d/0000  00000000 00000000 00000000 00000000
00:00:05.470308 Hst:                00000000 00000000 00000000 00000000
00:00:05.470308 Gst: 8000000e/0000  00000000 00000000 00000000 00000000
00:00:05.470308 Hst:                00000000 00000000 00000000 00000000
00:00:05.470309 Gst: 8000000f/0000  00000000 00000000 00000000 00000000
00:00:05.470309 Hst:                00000000 00000000 00000000 00000000
00:00:05.470309 Gst: 80000010/0000  00000000 00000000 00000000 00000000
00:00:05.470310 Hst:                00000000 00000000 00000000 00000000
00:00:05.470310 Gst: 80000011/0000  00000000 00000000 00000000 00000000
00:00:05.470311 Hst:                00000000 00000000 00000000 00000000
00:00:05.470311 Gst: 80000012/0000  00000000 00000000 00000000 00000000
00:00:05.470311 Hst:                00000000 00000000 00000000 00000000
00:00:05.470312 Gst: 80000013/0000  00000000 00000000 00000000 00000000
00:00:05.470312 Hst:                00000000 00000000 00000000 00000000
00:00:05.470312 Gst: 80000014/0000  00000000 00000000 00000000 00000000
00:00:05.470313 Hst:                00000000 00000000 00000000 00000000
00:00:05.470313 Gst: 80000015/0000  00000000 00000000 00000000 00000000
00:00:05.470314 Hst:                00000000 00000000 00000000 00000000
00:00:05.470314 Gst: 80000016/0000  00000000 00000000 00000000 00000000
00:00:05.470314 Hst:                00000000 00000000 00000000 00000000
00:00:05.470315 Gst: 80000017/0000  00000000 00000000 00000000 00000000
00:00:05.470315 Hst:                00000000 00000000 00000000 00000000
00:00:05.470315 Gst: 80000018/0000  00000000 00000000 00000000 00000000
00:00:05.470316 Hst:                00000000 00000000 00000000 00000000
00:00:05.470316 Gst: 80000019/0000  f040f040 f0400000 00000000 00000000
00:00:05.470317 Hst:                f040f040 f0400000 00000000 00000000
00:00:05.470317 Gst: 8000001a/0000  00000002 00000000 00000000 00000000
00:00:05.470317 Hst:                00000006 00000000 00000000 00000000
00:00:05.470318 Gst: 8000001b/0000  00000000 00000000 00000000 00000000
00:00:05.470318 Hst:                000003ff 00000000 00000000 00000000
00:00:05.470319 Gst: 8000001c/0000  00000000 00000000 00000000 00000000
00:00:05.470319 Hst:                00000000 00000000 00000000 00000000
00:00:05.470319 Gst: 8000001d/0000  00004121 01c0003f 0000003f 00000000
00:00:05.470320 Hst:                00004121 01c0003f 0000003f 00000000
00:00:05.470320 Gst: 8000001d/0001  00004122 01c0003f 0000003f 00000000
00:00:05.470321 Hst:                00004122 01c0003f 0000003f 00000000
00:00:05.470321 Gst: 8000001d/0002  00004143 01c0003f 000003ff 00000002
00:00:05.470321 Hst:                00004143 01c0003f 000003ff 00000002
00:00:05.470322 Gst: 8000001d/0003  00004163 03c0003f 00003fff 00000001
00:00:05.470322 Hst:                0002c163 03c0003f 00003fff 00000001
00:00:05.470323 Gst: 8000001d/0004  00000000 00000000 00000000 00000000
00:00:05.470323 Hst:                00000000 00000000 00000000 00000000
00:00:05.470324 Gst: 8000001e/0000  00000000 00000100 00000000 00000000
00:00:05.470324 Hst:                0000000b 00000105 00000000 00000000
00:00:05.470324 Gst: 8000001f/0000  0001780f 00000000 00000000 00000001
00:00:05.470325 Hst:                0001780f 00000000 00000000 00000001
00:00:05.470325 Gst: 80000020/0000  00000000 00000000 00000000 00000000
00:00:05.470326 Hst:                00000000 00000002 00000000 00000000
00:00:05.470326 Gst: 80000021/0000  00000000 00000000 00000000 00000000
00:00:05.470326 Hst:                0000004d 00000000 00000000 00000000
00:00:05.470327 Hst: 80000022/0000  00000000 00000000 00000000 00000000
00:00:05.470327 Hst: 80000023/0000  00000000 00000000 00000000 00000000
00:00:05.470328 Ext Name:                        AuthenticAMD
00:00:05.470328 Ext Supports:                    0x80000000-0x80000021
00:00:05.470328 Family:                          15  	Extended: 10 	Effective: 25
00:00:05.470329 Model:                           0  	Extended: 5 	Effective: 80
00:00:05.470329 Stepping:                        0
00:00:05.470329 Brand ID:                        0x000
00:00:05.470330 Ext Features
00:00:05.470330   Mnemonic - Description                                  = Guest (Host)
00:00:05.470331   FPU - x87 FPU on Chip                                   = 1 (1)
00:00:05.470331   VME - Virtual 8086 Mode Enhancements                    = 1 (1)
00:00:05.470332   DE - Debugging extensions                               = 1 (1)
00:00:05.470333   PSE - Page Size Extension                               = 1 (1)
00:00:05.470333   TSC - Time Stamp Counter                                = 1 (1)
00:00:05.470337   MSR - K86 Model Specific Registers                      = 1 (1)
00:00:05.470338   PAE - Physical Address Extension                        = 1 (1)
00:00:05.470338   MCE - Machine Check Exception                           = 0 (1)
00:00:05.470339   CX8 - CMPXCHG8B instruction                             = 1 (1)
00:00:05.470339   APIC - APIC On-Chip                                     = 1 (1)
00:00:05.470340   SEP - SYSCALL/SYSRET                                    = 1 (1)
00:00:05.470341   MTRR - Memory Type Range Registers                      = 1 (1)
00:00:05.470341   PGE - PTE Global Bit                                    = 1 (1)
00:00:05.470342   MCA - Machine Check Architecture                        = 1 (1)
00:00:05.470342   CMOV - Conditional Move instructions                    = 1 (1)
00:00:05.470343   PAT - Page Attribute Table                              = 1 (1)
00:00:05.470343   PSE-36 - 36-bit Page Size Extension                     = 1 (1)
00:00:05.470344   NX - No-Execute/Execute-Disable                         = 1 (1)
00:00:05.470345   AXMMX - AMD Extensions to MMX instructions              = 1 (1)
00:00:05.470345   MMX - Intel MMX Technology                              = 1 (1)
00:00:05.470346   FXSR - FXSAVE and FXRSTOR Instructions                  = 1 (1)
00:00:05.470346   FFXSR - AMD fast FXSAVE and FXRSTOR instructions        = 1 (1)
00:00:05.470347   Page1GB - 1 GB large page                               = 0 (1)
00:00:05.470347   RDTSCP - RDTSCP instruction                             = 1 (1)
00:00:05.470348   LM - AMD64 Long Mode                                    = 1 (1)
00:00:05.470349   3DNOWEXT - AMD Extensions to 3DNow                      = 0 (0)
00:00:05.470349   3DNOW - AMD 3DNow                                       = 0 (0)
00:00:05.470352   LahfSahf - LAHF/SAHF support in 64-bit mode             = 1 (1)
00:00:05.470352   CmpLegacy - Core multi-processing legacy mode           = 1 (1)
00:00:05.470353   SVM - AMD Secure Virtual Machine extensions             = 0 (1)
00:00:05.470353   EXTAPIC - AMD Extended APIC registers                   = 0 (1)
00:00:05.470354   CR8L - AMD LOCK MOV CR0 means MOV CR8                   = 1 (1)
00:00:05.470354   ABM - AMD Advanced Bit Manipulation                     = 1 (1)
00:00:05.470355   SSE4A - SSE4A instructions                              = 1 (1)
00:00:05.470355   MISALIGNSSE - AMD Misaligned SSE mode                   = 1 (1)
00:00:05.470356   3DNOWPRF - AMD PREFETCH and PREFETCHW instructions      = 1 (1)
00:00:05.470356   OSVW - AMD OS Visible Workaround                        = 0 (1)
00:00:05.470357   IBS - Instruct Based Sampling                           = 0 (1)
00:00:05.470357   XOP - Extended Operation support                        = 0 (0)
00:00:05.470358   SKINIT - SKINIT, STGI, and DEV support                  = 0 (1)
00:00:05.470359   WDT - AMD Watchdog Timer support                        = 0 (1)
00:00:05.470359   LWP - Lightweight Profiling support                     = 0 (0)
00:00:05.470360   FMA4 - Four operand FMA instruction support             = 0 (0)
00:00:05.470360   TCE - Translation Cache Extension support               = 0 (1)
00:00:05.470361   NodeId - NodeId in MSR C001_100C                        = 0 (0)
00:00:05.470361   TBM - Trailing Bit Manipulation instructions            = 0 (0)
00:00:05.470362   TOPOEXT - Topology Extensions                           = 0 (1)
00:00:05.470362   PRFEXTCORE - Performance Counter Extensions support     = 0 (1)
00:00:05.470363   PRFEXTNB - NB Performance Counter Extensions support    = 0 (1)
00:00:05.470363   DATABPEXT - Data-access Breakpoint Extension            = 0 (1)
00:00:05.470364   PERFTSC - Performance Time Stamp Counter                = 0 (0)
00:00:05.470364   PCX_L2I - L2I/L3 Performance Counter Extensions         = 0 (1)
00:00:05.470365   MONITORX - MWAITX and MONITORX instructions             = 0 (1)
00:00:05.470365   AddrMaskExt - BP Addressing masking extended to bit 31  = 0 (1)
00:00:05.470369 SVM Feature Identification (leaf A)
00:00:05.470369   Mnemonic - Description                                  = Guest (Host)
00:00:05.470370   NP - Nested Paging                                      = 0 (1)
00:00:05.470370   LbrVirt - Last Branch Record Virtualization             = 0 (1)
00:00:05.470371   SVML - SVM Lock                                         = 0 (1)
00:00:05.470375   NRIPS - NextRIP Save                                    = 0 (1)
00:00:05.470375   TscRateMsr - MSR based TSC rate control                 = 0 (1)
00:00:05.470376   VmcbClean - VMCB clean bits                             = 0 (1)
00:00:05.470377   FlushByASID - Flush by ASID                             = 0 (1)
00:00:05.470377   DecodeAssists - Decode Assists                          = 0 (1)
00:00:05.470378   PauseFilter - Pause intercept filter                    = 0 (1)
00:00:05.470378   11 - Reserved                                           = 0 (1)
00:00:05.470379   PauseFilterThreshold - Pause filter threshold           = 0 (1)
00:00:05.470380   AVIC - Advanced Virtual Interrupt Controller            = 0 (1)
00:00:05.470380   VMSAVEVirt - VMSAVE and VMLOAD Virtualization           = 0 (1)
00:00:05.470381   VGIF - Virtual Global-Interrupt Flag                    = 0 (1)
00:00:05.470381   GMET - Guest Mode Execute Trap Extension                = 0 (1)
00:00:05.470382   x2AVIC - AVIC support for x2APIC mode                   = 0 (0)
00:00:05.470382   SSSCheck - SVM supervisor shadow stack restrictions     = 0 (1)
00:00:05.470383   SpecCtrl - SPEC_CTRL virtualization                     = 0 (1)
00:00:05.470383   ROGPT - Read-Only Guest Page Table feature support      = 0 (0)
00:00:05.470384   HOST_MCE_OVERRIDE - Guest #MC can be intercepted        = 0 (0)
00:00:05.470385   TlbiCtl - INVLPGB/TLBSYNC enable and intercept          = 0 (0)
00:00:05.470386   VNMI - NMI Virtualization                               = 0 (0)
00:00:05.470386   IbsVirt - IBS Virtualization                            = 0 (0)
00:00:05.470387   ExtLvtAvicAccessChg - Extended LVT AVIC access changes  = 0 (0)
00:00:05.470387   NestedVirtVmcbAddrChk - Guest VMCB address check        = 0 (1)
00:00:05.470388   BusLockThreshold - Bus Lock Threshold                   = 0 (0)
00:00:05.470389 Full Name:                       "AMD Ryzen 5 5600G with Radeon Graphics         "
00:00:05.470389 TLB 2/4M Instr/Uni:              fully  64 entries
00:00:05.470389 TLB 2/4M Data:                   fully  64 entries
00:00:05.470390 TLB 4K Instr/Uni:                fully  64 entries
00:00:05.470390 TLB 4K Data:                     fully  64 entries
00:00:05.470390 L1 Instr Cache Line Size:        64 bytes
00:00:05.470391 L1 Instr Cache Lines Per Tag:    1
00:00:05.470391 L1 Instr Cache Associativity:    8 way
00:00:05.470391 L1 Instr Cache Size:             32 KB
00:00:05.470391 L1 Data Cache Line Size:         64 bytes
00:00:05.470392 L1 Data Cache Lines Per Tag:     1
00:00:05.470392 L1 Data Cache Associativity:     8 way
00:00:05.470392 L1 Data Cache Size:              32 KB
00:00:05.470392 L2 TLB 2/4M Instr/Uni:           2 way   512 entries
00:00:05.470393 L2 TLB 2/4M Data:                4 way  2048 entries
00:00:05.470393 L2 TLB 4K Instr/Uni:             4 way   512 entries
00:00:05.470393 L2 TLB 4K Data:                  8 way  2048 entries
00:00:05.470394 L2 Cache Line Size:              64 bytes
00:00:05.470394 L2 Cache Lines Per Tag:          1
00:00:05.470394 L2 Cache Associativity:          8 way 
00:00:05.470394 L2 Cache Size:                   512 KB
00:00:05.470394 L3 Cache Line Size:              64 bytes
00:00:05.470395 L3 Cache Lines Per Tag:          1
00:00:05.470395 L3 Cache Associativity:          tpoext
00:00:05.470395 L3 Cache Size:                   16384 KB
00:00:05.470395 APM Features EDX
00:00:05.470395   Mnemonic - Description                                  = Guest (Host)
00:00:05.470396   TS - Temperature Sensor                                 = 0 (1)
00:00:05.470397   FID - Frequency ID control                              = 0 (0)
00:00:05.470398   VID - Voltage ID control                                = 0 (0)
00:00:05.470398   TTP - Thermal Trip                                      = 0 (1)
00:00:05.470399   TM - Hardware Thermal Control (HTC)                     = 0 (1)
00:00:05.470399   100MHzSteps - 100 MHz Multiplier control                = 0 (0)
00:00:05.470400   HwPstate - Hardware P-state control                     = 0 (1)
00:00:05.470400   TscInvariant - Invariant Time Stamp Counter             = 1 (1)
00:00:05.470401   CPB - Core Performance Boost                            = 0 (1)
00:00:05.470402   EffFreqRO - Read-only Effective Frequency Interface     = 0 (1)
00:00:05.470402   ProcFdbkIf - Processor Feedback Interface               = 0 (0)
00:00:05.470403   ProcPwrRep - Core power reporting interface support     = 0 (0)
00:00:05.470403   ConnectedStandby - Connected Standby                    = 0 (1)
00:00:05.470404   RAPL - Running average power limit                      = 0 (1)
00:00:05.470404 Ext Features ext IDs EBX
00:00:05.470404   Mnemonic - Description                                  = Guest (Host)
00:00:05.470405   CLZERO - Clear zero instruction (cacheline)             = 0 (1)
00:00:05.470406   IRPerf - Instructions retired count support             = 0 (1)
00:00:05.470406   XSaveErPtr - Save/restore error pointers (FXSAVE/RSTOR) = 0 (1)
00:00:05.470406   INVLPGB - INVLPGB and TLBSYNC instructions              = 0 (0)
00:00:05.470407   RDPRU - RDPRU instruction                               = 0 (1)
00:00:05.470408   BE - Bandwidth Enforcement extension                    = 0 (1)
00:00:05.470408   MCOMMIT - MCOMMIT instruction                           = 0 (0)
00:00:05.470409   WBNOINVD - WBNOINVD instruction                         = 0 (1)
00:00:05.470410   10 - Reserved                                           = 0 (1)
00:00:05.470411   IBPB - Supports the IBPB command in IA32_PRED_CMD       = 0 (1)
00:00:05.470411   INT_WBINVD - WBINVD/WBNOINVD interruptible              = 0 (1)
00:00:05.470412   IBRS - Indirect Branch Restricted Speculation           = 0 (1)
00:00:05.470412   STIBP - Single Thread Indirect Branch Prediction        = 0 (1)
00:00:05.470413   IbrsAlwaysOn - Processor prefers that IBRS be left on   = 0 (0)
00:00:05.470413   StibpAlwaysOn - Processor prefers that STIBP be left on = 0 (1)
00:00:05.470414   IbrsPreferred - IBRS preferred over software solution   = 0 (1)
00:00:05.470414   IbrsSameMode - IBRS limits same mode speculation        = 0 (1)
00:00:05.470414   EferLmsleUnsupported - EFER.LMSLE is unsupported        = 0 (1)
00:00:05.470415   INVLPGBnestedPages - INVLPGB for nested translation     = 0 (0)
00:00:05.470415   PPIN - Protected processor inventory number             = 0 (0)
00:00:05.470416   SSBD - Speculative Store Bypass Disable                 = 0 (1)
00:00:05.470416   SsbdVirtSpecCtrl - Use VIRT_SPEC_CTL for SSBD           = 0 (0)
00:00:05.470417   SsbdNotRequired - SSBD not needed on this processor     = 1 (0)
00:00:05.470417   CPPC - Collaborative Processor Performance Control      = 0 (1)
00:00:05.470418   PSFD - Predictive Store Forward Disable                 = 0 (1)
00:00:05.470418   BTC_NO - Unaffected by branch type confusion            = 0 (0)
00:00:05.470419   IBPB_RET - Clears RA predictor when PRED_CMD.IBPB set   = 0 (0)
00:00:05.470419 Physical Address Width:          48 bits
00:00:05.470419 Virtual Address Width:           48 bits
00:00:05.470420 Guest Physical Address Width:    48 bits (0)
00:00:05.470420 Physical Core Count:             2
00:00:05.470420 APIC ID size:                    2 (0x2)
00:00:05.470420 Performance TSC size:            40 bits
00:00:05.470421 Max page count for INVLPGB:      0x3030
00:00:05.470421 Max ECX for RDPRU:               0x0
00:00:05.470422 ********************* End of CPUID dump *********************
00:00:05.468425 HM: fUsePauseFilter=false fUseLbrVirt=false fUseVGif=true fUseVirtVmsaveVmload=true
00:00:05.470542 VMEmt: Halt method global1 (5)
00:00:05.470563 VMEmt: HaltedGlobal1 config: cNsSpinBlockThresholdCfg=50000
00:00:05.470579 Changing the VM state from 'CREATING' to 'CREATED'
00:00:05.471680 NAT: DNS settings changed, triggering update
00:00:05.471689 NAT DNS Update: Stored 17803456 as nameserver #0
00:00:05.471692 NAT DNS Update: Stored 1 total nameservers
00:00:05.471891 Changing the VM state from 'CREATED' to 'POWERING_ON'
00:00:05.472071 VMSVGA3d: cap[0]=0x00000000 {3D}
00:00:05.472078 VMSVGA3d: cap[1]=0x00000000 {MAX_LIGHTS}
00:00:05.472079 VMSVGA3d: cap[2]=0x00000000 {MAX_TEXTURES}
00:00:05.472079 VMSVGA3d: cap[3]=0x00000000 {MAX_CLIP_PLANES}
00:00:05.472079 VMSVGA3d: cap[4]=0x00000000 {VERTEX_SHADER_VERSION}
00:00:05.472080 VMSVGA3d: cap[5]=0x00000000 {VERTEX_SHADER}
00:00:05.472080 VMSVGA3d: cap[6]=0x00000000 {FRAGMENT_SHADER_VERSION}
00:00:05.472080 VMSVGA3d: cap[7]=0x00000000 {FRAGMENT_SHADER}
00:00:05.472080 VMSVGA3d: cap[8]=0x00000000 {MAX_RENDER_TARGETS}
00:00:05.472081 VMSVGA3d: cap[9]=0x00000000 {S23E8_TEXTURES}
00:00:05.472081 VMSVGA3d: cap[10]=0x00000000 {S10E5_TEXTURES}
00:00:05.472081 VMSVGA3d: cap[11]=0x00000000 {MAX_FIXED_VERTEXBLEND}
00:00:05.472082 VMSVGA3d: cap[12]=0x00000000 {D16_BUFFER_FORMAT}
00:00:05.472082 VMSVGA3d: cap[13]=0x00000000 {D24S8_BUFFER_FORMAT}
00:00:05.472082 VMSVGA3d: cap[14]=0x00000000 {D24X8_BUFFER_FORMAT}
00:00:05.472082 VMSVGA3d: cap[15]=0x00000000 {QUERY_TYPES}
00:00:05.472082 VMSVGA3d: cap[16]=0x00000000 {TEXTURE_GRADIENT_SAMPLING}
00:00:05.472083 VMSVGA3d: cap[17]=0.000000 {MAX_POINT_SIZE}
00:00:05.472083 VMSVGA3d: cap[18]=0x00000000 {MAX_SHADER_TEXTURES}
00:00:05.472084 VMSVGA3d: cap[19]=0x00004000 {MAX_TEXTURE_WIDTH}
00:00:05.472084 VMSVGA3d: cap[20]=0x00004000 {MAX_TEXTURE_HEIGHT}
00:00:05.472084 VMSVGA3d: cap[21]=0x00000000 {MAX_VOLUME_EXTENT}
00:00:05.472085 VMSVGA3d: cap[22]=0x00000000 {MAX_TEXTURE_REPEAT}
00:00:05.472085 VMSVGA3d: cap[23]=0x00000000 {MAX_TEXTURE_ASPECT_RATIO}
00:00:05.472085 VMSVGA3d: cap[24]=0x00000000 {MAX_TEXTURE_ANISOTROPY}
00:00:05.472085 VMSVGA3d: cap[25]=0x00000000 {MAX_PRIMITIVE_COUNT}
00:00:05.472086 VMSVGA3d: cap[26]=0x00000000 {MAX_VERTEX_INDEX}
00:00:05.472086 VMSVGA3d: cap[27]=0x00000000 {MAX_VERTEX_SHADER_INSTRUCTIONS}
00:00:05.472086 VMSVGA3d: cap[28]=0x00000000 {MAX_FRAGMENT_SHADER_INSTRUCTIONS}
00:00:05.472086 VMSVGA3d: cap[29]=0x00000000 {MAX_VERTEX_SHADER_TEMPS}
00:00:05.472087 VMSVGA3d: cap[30]=0x00000000 {MAX_FRAGMENT_SHADER_TEMPS}
00:00:05.472087 VMSVGA3d: cap[31]=0x00000000 {TEXTURE_OPS}
00:00:05.472087 VMSVGA3d: cap[32]=0x00000000 {SURFACEFMT_X8R8G8B8}
00:00:05.472087 VMSVGA3d: cap[33]=0x00000000 {SURFACEFMT_A8R8G8B8}
00:00:05.472088 VMSVGA3d: cap[34]=0x00000000 {SURFACEFMT_A2R10G10B10}
00:00:05.472088 VMSVGA3d: cap[35]=0x00000000 {SURFACEFMT_X1R5G5B5}
00:00:05.472088 VMSVGA3d: cap[36]=0x00000000 {SURFACEFMT_A1R5G5B5}
00:00:05.472088 VMSVGA3d: cap[37]=0x00000000 {SURFACEFMT_A4R4G4B4}
00:00:05.472089 VMSVGA3d: cap[38]=0x00000000 {SURFACEFMT_R5G6B5}
00:00:05.472089 VMSVGA3d: cap[39]=0x00000000 {SURFACEFMT_LUMINANCE16}
00:00:05.472089 VMSVGA3d: cap[40]=0x00000000 {SURFACEFMT_LUMINANCE8_ALPHA8}
00:00:05.472089 VMSVGA3d: cap[41]=0x00000000 {SURFACEFMT_ALPHA8}
00:00:05.472090 VMSVGA3d: cap[42]=0x00000000 {SURFACEFMT_LUMINANCE8}
00:00:05.472090 VMSVGA3d: cap[43]=0x00000000 {SURFACEFMT_Z_D16}
00:00:05.472090 VMSVGA3d: cap[44]=0x00000000 {SURFACEFMT_Z_D24S8}
00:00:05.472090 VMSVGA3d: cap[45]=0x00000000 {SURFACEFMT_Z_D24X8}
00:00:05.472091 VMSVGA3d: cap[46]=0x00000000 {SURFACEFMT_DXT1}
00:00:05.472091 VMSVGA3d: cap[47]=0x00000000 {SURFACEFMT_DXT2}
00:00:05.472091 VMSVGA3d: cap[48]=0x00000000 {SURFACEFMT_DXT3}
00:00:05.472091 VMSVGA3d: cap[49]=0x00000000 {SURFACEFMT_DXT4}
00:00:05.472091 VMSVGA3d: cap[50]=0x00000000 {SURFACEFMT_DXT5}
00:00:05.472092 VMSVGA3d: cap[51]=0x00000000 {SURFACEFMT_BUMPX8L8V8U8}
00:00:05.472092 VMSVGA3d: cap[52]=0x00000000 {SURFACEFMT_A2W10V10U10}
00:00:05.472092 VMSVGA3d: cap[53]=0x00000000 {SURFACEFMT_BUMPU8V8}
00:00:05.472092 VMSVGA3d: cap[54]=0x00000000 {SURFACEFMT_Q8W8V8U8}
00:00:05.472093 VMSVGA3d: cap[55]=0x00000000 {SURFACEFMT_CxV8U8}
00:00:05.472093 VMSVGA3d: cap[56]=0x00000000 {SURFACEFMT_R_S10E5}
00:00:05.472093 VMSVGA3d: cap[57]=0x00000000 {SURFACEFMT_R_S23E8}
00:00:05.472093 VMSVGA3d: cap[58]=0x00000000 {SURFACEFMT_RG_S10E5}
00:00:05.472094 VMSVGA3d: cap[59]=0x00000000 {SURFACEFMT_RG_S23E8}
00:00:05.472094 VMSVGA3d: cap[60]=0x00000000 {SURFACEFMT_ARGB_S10E5}
00:00:05.472094 VMSVGA3d: cap[61]=0x00000000 {SURFACEFMT_ARGB_S23E8}
00:00:05.472094 VMSVGA3d: cap[62]=0x00000000 {MISSING62}
00:00:05.472095 VMSVGA3d: cap[63]=0x00000000 {MAX_VERTEX_SHADER_TEXTURES}
00:00:05.472095 VMSVGA3d: cap[64]=0x00000000 {MAX_SIMULTANEOUS_RENDER_TARGETS}
00:00:05.472095 VMSVGA3d: cap[65]=0x00000000 {SURFACEFMT_V16U16}
00:00:05.472095 VMSVGA3d: cap[66]=0x00000000 {SURFACEFMT_G16R16}
00:00:05.472096 VMSVGA3d: cap[67]=0x00000000 {SURFACEFMT_A16B16G16R16}
00:00:05.472096 VMSVGA3d: cap[68]=0x00000000 {SURFACEFMT_UYVY}
00:00:05.472096 VMSVGA3d: cap[69]=0x00000000 {SURFACEFMT_YUY2}
00:00:05.472096 VMSVGA3d: cap[70]=0x00000000 {DEAD4}
00:00:05.472097 VMSVGA3d: cap[71]=0x00000000 {DEAD5}
00:00:05.472097 VMSVGA3d: cap[72]=0x00000000 {DEAD7}
00:00:05.472097 VMSVGA3d: cap[73]=0x00000000 {DEAD6}
00:00:05.472097 VMSVGA3d: cap[74]=0x00000000 {AUTOGENMIPMAPS}
00:00:05.472097 VMSVGA3d: cap[75]=0x00000000 {SURFACEFMT_NV12}
00:00:05.472098 VMSVGA3d: cap[76]=0x00000000 {DEAD10}
00:00:05.472098 VMSVGA3d: cap[77]=0x00000000 {MAX_CONTEXT_IDS}
00:00:05.472098 VMSVGA3d: cap[78]=0x00000000 {MAX_SURFACE_IDS}
00:00:05.472098 VMSVGA3d: cap[79]=0x00000000 {SURFACEFMT_Z_DF16}
00:00:05.472099 VMSVGA3d: cap[80]=0x00000000 {SURFACEFMT_Z_DF24}
00:00:05.472099 VMSVGA3d: cap[81]=0x00000000 {SURFACEFMT_Z_D24S8_INT}
00:00:05.472099 VMSVGA3d: cap[82]=0x00000000 {SURFACEFMT_ATI1}
00:00:05.472099 VMSVGA3d: cap[83]=0x00000000 {SURFACEFMT_ATI2}
00:00:05.472100 VMSVGA3d: cap[84]=0x00000000 {DEAD1}
00:00:05.472100 VMSVGA3d: cap[85]=0x00000000 {DEAD8}
00:00:05.472100 VMSVGA3d: cap[86]=0x00000000 {DEAD9}
00:00:05.472100 VMSVGA3d: cap[87]=0x00000000 {LINE_AA}
00:00:05.472100 VMSVGA3d: cap[88]=0x00000000 {LINE_STIPPLE}
00:00:05.472101 VMSVGA3d: cap[89]=0.000000 {MAX_LINE_WIDTH}
00:00:05.472101 VMSVGA3d: cap[90]=0.000000 {MAX_AA_LINE_WIDTH}
00:00:05.472101 VMSVGA3d: cap[91]=0x00000000 {SURFACEFMT_YV12}
00:00:05.472102 VMSVGA3d: cap[92]=0x00000000 {DEAD3}
00:00:05.472102 VMSVGA3d: cap[93]=0x00000000 {TS_COLOR_KEY}
00:00:05.472102 VMSVGA3d: cap[94]=0x00000000 {DEAD2}
00:00:05.472102 VMSVGA3d: cap[95]=0x00000000 {DXCONTEXT}
00:00:05.472103 VMSVGA3d: cap[96]=0x00000000 {DEAD11}
00:00:05.472103 VMSVGA3d: cap[97]=0x00000000 {DX_MAX_VERTEXBUFFERS}
00:00:05.472103 VMSVGA3d: cap[98]=0x00000000 {DX_MAX_CONSTANT_BUFFERS}
00:00:05.472103 VMSVGA3d: cap[99]=0x00000000 {DX_PROVOKING_VERTEX}
00:00:05.472103 VMSVGA3d: cap[100]=0x00000005 {DXFMT_X8R8G8B8}
00:00:05.472104 VMSVGA3d: cap[101]=0x00000000 {DXFMT_A8R8G8B8}
00:00:05.472104 VMSVGA3d: cap[102]=0x00000000 {DXFMT_R5G6B5}
00:00:05.472104 VMSVGA3d: cap[103]=0x00000000 {DXFMT_X1R5G5B5}
00:00:05.472104 VMSVGA3d: cap[104]=0x00000000 {DXFMT_A1R5G5B5}
00:00:05.472105 VMSVGA3d: cap[105]=0x00000000 {DXFMT_A4R4G4B4}
00:00:05.472105 VMSVGA3d: cap[106]=0x00000000 {DXFMT_Z_D32}
00:00:05.472105 VMSVGA3d: cap[107]=0x00000000 {DXFMT_Z_D16}
00:00:05.472105 VMSVGA3d: cap[108]=0x00000000 {DXFMT_Z_D24S8}
00:00:05.472106 VMSVGA3d: cap[109]=0x00000000 {DXFMT_Z_D15S1}
00:00:05.472106 VMSVGA3d: cap[110]=0x00000000 {DXFMT_LUMINANCE8}
00:00:05.472106 VMSVGA3d: cap[111]=0x00000000 {DXFMT_LUMINANCE4_ALPHA4}
00:00:05.472106 VMSVGA3d: cap[112]=0x00000000 {DXFMT_LUMINANCE16}
00:00:05.472107 VMSVGA3d: cap[113]=0x00000000 {DXFMT_LUMINANCE8_ALPHA8}
00:00:05.472107 VMSVGA3d: cap[114]=0x00000000 {DXFMT_DXT1}
00:00:05.472107 VMSVGA3d: cap[115]=0x00000000 {DXFMT_DXT2}
00:00:05.472107 VMSVGA3d: cap[116]=0x00000000 {DXFMT_DXT3}
00:00:05.472107 VMSVGA3d: cap[117]=0x00000000 {DXFMT_DXT4}
00:00:05.472108 VMSVGA3d: cap[118]=0x00000000 {DXFMT_DXT5}
00:00:05.472108 VMSVGA3d: cap[119]=0x00000000 {DXFMT_BUMPU8V8}
00:00:05.472111 VMSVGA3d: cap[120]=0x00000000 {DXFMT_BUMPL6V5U5}
00:00:05.472111 VMSVGA3d: cap[121]=0x00000000 {DXFMT_BUMPX8L8V8U8}
00:00:05.472111 VMSVGA3d: cap[122]=0x00000000 {DXFMT_FORMAT_DEAD1}
00:00:05.472112 VMSVGA3d: cap[123]=0x00000000 {DXFMT_ARGB_S10E5}
00:00:05.472112 VMSVGA3d: cap[124]=0x00000000 {DXFMT_ARGB_S23E8}
00:00:05.472112 VMSVGA3d: cap[125]=0x00000000 {DXFMT_A2R10G10B10}
00:00:05.472112 VMSVGA3d: cap[126]=0x00000000 {DXFMT_V8U8}
00:00:05.472113 VMSVGA3d: cap[127]=0x00000000 {DXFMT_Q8W8V8U8}
00:00:05.472113 VMSVGA3d: cap[128]=0x00000000 {DXFMT_CxV8U8}
00:00:05.472113 VMSVGA3d: cap[129]=0x00000000 {DXFMT_X8L8V8U8}
00:00:05.472113 VMSVGA3d: cap[130]=0x00000000 {DXFMT_A2W10V10U10}
00:00:05.472114 VMSVGA3d: cap[131]=0x00000000 {DXFMT_ALPHA8}
00:00:05.472114 VMSVGA3d: cap[132]=0x00000000 {DXFMT_R_S10E5}
00:00:05.472114 VMSVGA3d: cap[133]=0x00000000 {DXFMT_R_S23E8}
00:00:05.472114 VMSVGA3d: cap[134]=0x00000000 {DXFMT_RG_S10E5}
00:00:05.472115 VMSVGA3d: cap[135]=0x00000000 {DXFMT_RG_S23E8}
00:00:05.472115 VMSVGA3d: cap[136]=0x00000000 {DXFMT_BUFFER}
00:00:05.472115 VMSVGA3d: cap[137]=0x00000000 {DXFMT_Z_D24X8}
00:00:05.472115 VMSVGA3d: cap[138]=0x00000000 {DXFMT_V16U16}
00:00:05.472116 VMSVGA3d: cap[139]=0x00000000 {DXFMT_G16R16}
00:00:05.472116 VMSVGA3d: cap[140]=0x00000000 {DXFMT_A16B16G16R16}
00:00:05.472116 VMSVGA3d: cap[141]=0x00000000 {DXFMT_UYVY}
00:00:05.472116 VMSVGA3d: cap[142]=0x00000000 {DXFMT_YUY2}
00:00:05.472116 VMSVGA3d: cap[143]=0x00000000 {DXFMT_NV12}
00:00:05.472117 VMSVGA3d: cap[144]=0x00000000 {DXFMT_FORMAT_DEAD2}
00:00:05.472117 VMSVGA3d: cap[145]=0x00000000 {DXFMT_R32G32B32A32_TYPELESS}
00:00:05.472117 VMSVGA3d: cap[146]=0x00000000 {DXFMT_R32G32B32A32_UINT}
00:00:05.472117 VMSVGA3d: cap[147]=0x00000000 {DXFMT_R32G32B32A32_SINT}
00:00:05.472118 VMSVGA3d: cap[148]=0x00000000 {DXFMT_R32G32B32_TYPELESS}
00:00:05.472118 VMSVGA3d: cap[149]=0x00000000 {DXFMT_R32G32B32_FLOAT}
00:00:05.472118 VMSVGA3d: cap[150]=0x00000000 {DXFMT_R32G32B32_UINT}
00:00:05.472118 VMSVGA3d: cap[151]=0x00000000 {DXFMT_R32G32B32_SINT}
00:00:05.472119 VMSVGA3d: cap[152]=0x00000000 {DXFMT_R16G16B16A16_TYPELESS}
00:00:05.472119 VMSVGA3d: cap[153]=0x00000000 {DXFMT_R16G16B16A16_UINT}
00:00:05.472119 VMSVGA3d: cap[154]=0x00000000 {DXFMT_R16G16B16A16_SNORM}
00:00:05.472119 VMSVGA3d: cap[155]=0x00000000 {DXFMT_R16G16B16A16_SINT}
00:00:05.472120 VMSVGA3d: cap[156]=0x00000000 {DXFMT_R32G32_TYPELESS}
00:00:05.472120 VMSVGA3d: cap[157]=0x00000000 {DXFMT_R32G32_UINT}
00:00:05.472120 VMSVGA3d: cap[158]=0x00000000 {DXFMT_R32G32_SINT}
00:00:05.472120 VMSVGA3d: cap[159]=0x00000000 {DXFMT_R32G8X24_TYPELESS}
00:00:05.472121 VMSVGA3d: cap[160]=0x00000000 {DXFMT_D32_FLOAT_S8X24_UINT}
00:00:05.472121 VMSVGA3d: cap[161]=0x00000000 {DXFMT_R32_FLOAT_X8X24}
00:00:05.472121 VMSVGA3d: cap[162]=0x00000000 {DXFMT_X32_G8X24_UINT}
00:00:05.472121 VMSVGA3d: cap[163]=0x00000000 {DXFMT_R10G10B10A2_TYPELESS}
00:00:05.472122 VMSVGA3d: cap[164]=0x00000000 {DXFMT_R10G10B10A2_UINT}
00:00:05.472122 VMSVGA3d: cap[165]=0x00000000 {DXFMT_R11G11B10_FLOAT}
00:00:05.472122 VMSVGA3d: cap[166]=0x00000000 {DXFMT_R8G8B8A8_TYPELESS}
00:00:05.472122 VMSVGA3d: cap[167]=0x00000000 {DXFMT_R8G8B8A8_UNORM}
00:00:05.472123 VMSVGA3d: cap[168]=0x00000000 {DXFMT_R8G8B8A8_UNORM_SRGB}
00:00:05.472123 VMSVGA3d: cap[169]=0x00000000 {DXFMT_R8G8B8A8_UINT}
00:00:05.472123 VMSVGA3d: cap[170]=0x00000000 {DXFMT_R8G8B8A8_SINT}
00:00:05.472123 VMSVGA3d: cap[171]=0x00000000 {DXFMT_R16G16_TYPELESS}
00:00:05.472124 VMSVGA3d: cap[172]=0x00000000 {DXFMT_R16G16_UINT}
00:00:05.472124 VMSVGA3d: cap[173]=0x00000000 {DXFMT_R16G16_SINT}
00:00:05.472124 VMSVGA3d: cap[174]=0x00000000 {DXFMT_R32_TYPELESS}
00:00:05.472124 VMSVGA3d: cap[175]=0x00000000 {DXFMT_D32_FLOAT}
00:00:05.472124 VMSVGA3d: cap[176]=0x00000000 {DXFMT_R32_UINT}
00:00:05.472125 VMSVGA3d: cap[177]=0x00000000 {DXFMT_R32_SINT}
00:00:05.472125 VMSVGA3d: cap[178]=0x00000000 {DXFMT_R24G8_TYPELESS}
00:00:05.472125 VMSVGA3d: cap[179]=0x00000000 {DXFMT_D24_UNORM_S8_UINT}
00:00:05.472125 VMSVGA3d: cap[180]=0x00000000 {DXFMT_R24_UNORM_X8}
00:00:05.472126 VMSVGA3d: cap[181]=0x00000000 {DXFMT_X24_G8_UINT}
00:00:05.472126 VMSVGA3d: cap[182]=0x00000000 {DXFMT_R8G8_TYPELESS}
00:00:05.472126 VMSVGA3d: cap[183]=0x00000000 {DXFMT_R8G8_UNORM}
00:00:05.472126 VMSVGA3d: cap[184]=0x00000000 {DXFMT_R8G8_UINT}
00:00:05.472127 VMSVGA3d: cap[185]=0x00000000 {DXFMT_R8G8_SINT}
00:00:05.472127 VMSVGA3d: cap[186]=0x00000000 {DXFMT_R16_TYPELESS}
00:00:05.472127 VMSVGA3d: cap[187]=0x00000000 {DXFMT_R16_UNORM}
00:00:05.472127 VMSVGA3d: cap[188]=0x00000000 {DXFMT_R16_UINT}
00:00:05.472128 VMSVGA3d: cap[189]=0x00000000 {DXFMT_R16_SNORM}
00:00:05.472128 VMSVGA3d: cap[190]=0x00000000 {DXFMT_R16_SINT}
00:00:05.472128 VMSVGA3d: cap[191]=0x00000000 {DXFMT_R8_TYPELESS}
00:00:05.472128 VMSVGA3d: cap[192]=0x00000000 {DXFMT_R8_UNORM}
00:00:05.472128 VMSVGA3d: cap[193]=0x00000000 {DXFMT_R8_UINT}
00:00:05.472129 VMSVGA3d: cap[194]=0x00000000 {DXFMT_R8_SNORM}
00:00:05.472129 VMSVGA3d: cap[195]=0x00000000 {DXFMT_R8_SINT}
00:00:05.472129 VMSVGA3d: cap[196]=0x00000000 {DXFMT_P8}
00:00:05.472129 VMSVGA3d: cap[197]=0x00000000 {DXFMT_R9G9B9E5_SHAREDEXP}
00:00:05.472130 VMSVGA3d: cap[198]=0x00000000 {DXFMT_R8G8_B8G8_UNORM}
00:00:05.472130 VMSVGA3d: cap[199]=0x00000000 {DXFMT_G8R8_G8B8_UNORM}
00:00:05.472130 VMSVGA3d: cap[200]=0x00000000 {DXFMT_BC1_TYPELESS}
00:00:05.472130 VMSVGA3d: cap[201]=0x00000000 {DXFMT_BC1_UNORM_SRGB}
00:00:05.472131 VMSVGA3d: cap[202]=0x00000000 {DXFMT_BC2_TYPELESS}
00:00:05.472131 VMSVGA3d: cap[203]=0x00000000 {DXFMT_BC2_UNORM_SRGB}
00:00:05.472131 VMSVGA3d: cap[204]=0x00000000 {DXFMT_BC3_TYPELESS}
00:00:05.472131 VMSVGA3d: cap[205]=0x00000000 {DXFMT_BC3_UNORM_SRGB}
00:00:05.472132 VMSVGA3d: cap[206]=0x00000000 {DXFMT_BC4_TYPELESS}
00:00:05.472132 VMSVGA3d: cap[207]=0x00000000 {DXFMT_ATI1}
00:00:05.472132 VMSVGA3d: cap[208]=0x00000000 {DXFMT_BC4_SNORM}
00:00:05.472132 VMSVGA3d: cap[209]=0x00000000 {DXFMT_BC5_TYPELESS}
00:00:05.472133 VMSVGA3d: cap[210]=0x00000000 {DXFMT_ATI2}
00:00:05.472133 VMSVGA3d: cap[211]=0x00000000 {DXFMT_BC5_SNORM}
00:00:05.472133 VMSVGA3d: cap[212]=0x00000000 {DXFMT_R10G10B10_XR_BIAS_A2_UNORM}
00:00:05.472133 VMSVGA3d: cap[213]=0x00000000 {DXFMT_B8G8R8A8_TYPELESS}
00:00:05.472133 VMSVGA3d: cap[214]=0x00000000 {DXFMT_B8G8R8A8_UNORM_SRGB}
00:00:05.472134 VMSVGA3d: cap[215]=0x00000000 {DXFMT_B8G8R8X8_TYPELESS}
00:00:05.472134 VMSVGA3d: cap[216]=0x00000000 {DXFMT_B8G8R8X8_UNORM_SRGB}
00:00:05.472134 VMSVGA3d: cap[217]=0x00000000 {DXFMT_Z_DF16}
00:00:05.472134 VMSVGA3d: cap[218]=0x00000000 {DXFMT_Z_DF24}
00:00:05.472135 VMSVGA3d: cap[219]=0x00000000 {DXFMT_Z_D24S8_INT}
00:00:05.472135 VMSVGA3d: cap[220]=0x00000000 {DXFMT_YV12}
00:00:05.472135 VMSVGA3d: cap[221]=0x00000000 {DXFMT_R32G32B32A32_FLOAT}
00:00:05.472135 VMSVGA3d: cap[222]=0x00000000 {DXFMT_R16G16B16A16_FLOAT}
00:00:05.472136 VMSVGA3d: cap[223]=0x00000000 {DXFMT_R16G16B16A16_UNORM}
00:00:05.472136 VMSVGA3d: cap[224]=0x00000000 {DXFMT_R32G32_FLOAT}
00:00:05.472136 VMSVGA3d: cap[225]=0x00000000 {DXFMT_R10G10B10A2_UNORM}
00:00:05.472136 VMSVGA3d: cap[226]=0x00000000 {DXFMT_R8G8B8A8_SNORM}
00:00:05.472137 VMSVGA3d: cap[227]=0x00000000 {DXFMT_R16G16_FLOAT}
00:00:05.472137 VMSVGA3d: cap[228]=0x00000000 {DXFMT_R16G16_UNORM}
00:00:05.472137 VMSVGA3d: cap[229]=0x00000000 {DXFMT_R16G16_SNORM}
00:00:05.472137 VMSVGA3d: cap[230]=0x00000000 {DXFMT_R32_FLOAT}
00:00:05.472138 VMSVGA3d: cap[231]=0x00000000 {DXFMT_R8G8_SNORM}
00:00:05.472141 VMSVGA3d: cap[232]=0x00000000 {DXFMT_R16_FLOAT}
00:00:05.472141 VMSVGA3d: cap[233]=0x00000000 {DXFMT_D16_UNORM}
00:00:05.472141 VMSVGA3d: cap[234]=0x00000000 {DXFMT_A8_UNORM}
00:00:05.472141 VMSVGA3d: cap[235]=0x00000000 {DXFMT_BC1_UNORM}
00:00:05.472142 VMSVGA3d: cap[236]=0x00000000 {DXFMT_BC2_UNORM}
00:00:05.472142 VMSVGA3d: cap[237]=0x00000000 {DXFMT_BC3_UNORM}
00:00:05.472142 VMSVGA3d: cap[238]=0x00000000 {DXFMT_B5G6R5_UNORM}
00:00:05.472143 VMSVGA3d: cap[239]=0x00000000 {DXFMT_B5G5R5A1_UNORM}
00:00:05.472143 VMSVGA3d: cap[240]=0x00000000 {DXFMT_B8G8R8A8_UNORM}
00:00:05.472143 VMSVGA3d: cap[241]=0x00000000 {DXFMT_B8G8R8X8_UNORM}
00:00:05.472143 VMSVGA3d: cap[242]=0x00000000 {DXFMT_BC4_UNORM}
00:00:05.472143 VMSVGA3d: cap[243]=0x00000000 {DXFMT_BC5_UNORM}
00:00:05.472144 VMSVGA3d: cap[244]=0x00000000 {SM41}
00:00:05.472144 VMSVGA3d: cap[245]=0x00000000 {MULTISAMPLE_2X}
00:00:05.472144 VMSVGA3d: cap[246]=0x00000000 {MULTISAMPLE_4X}
00:00:05.472144 VMSVGA3d: cap[247]=0x00000000 {MS_FULL_QUALITY}
00:00:05.472145 VMSVGA3d: cap[248]=0x00000000 {LOGICOPS}
00:00:05.472145 VMSVGA3d: cap[249]=0x00000000 {LOGIC_BLENDOPS}
00:00:05.472145 VMSVGA3d: cap[250]=0x00000000 {RESERVED_1}
00:00:05.472145 VMSVGA3d: cap[251]=0x00000000 {DXFMT_BC6H_TYPELESS}
00:00:05.472146 VMSVGA3d: cap[252]=0x00000000 {DXFMT_BC6H_UF16}
00:00:05.472146 VMSVGA3d: cap[253]=0x00000000 {DXFMT_BC6H_SF16}
00:00:05.472146 VMSVGA3d: cap[254]=0x00000000 {DXFMT_BC7_TYPELESS}
00:00:05.472146 VMSVGA3d: cap[255]=0x00000000 {DXFMT_BC7_UNORM}
00:00:05.472147 VMSVGA3d: cap[256]=0x00000000 {DXFMT_BC7_UNORM_SRGB}
00:00:05.472147 VMSVGA3d: cap[257]=0x00000000 {RESERVED_2}
00:00:05.472147 VMSVGA3d: cap[258]=0x00000000 {SM5}
00:00:05.472147 VMSVGA3d: cap[259]=0x00000000 {MULTISAMPLE_8X}
00:00:05.472160 AIOMgr: Endpoints without assigned bandwidth groups:
00:00:05.472172 AIOMgr:     C:\Users\Rafael\VirtualBox VMs\Debian\Debian.vdi
00:00:05.472234 Changing the VM state from 'POWERING_ON' to 'RUNNING'
00:00:05.472243 Console: Machine state changed to 'Running'
00:00:05.473166 VMMDev: Guest Log: BIOS: VirtualBox 7.2.14
00:00:05.473214 PCI: Setting up resources and interrupts
00:00:05.473419 PIT: mode=2 count=0x10000 (65536) - 18.20 Hz (ch=0)
00:00:05.489718 GUI: UIMachineLogicNormal::sltCheckForRequestedVisualStateType: Requested-state=1, Machine-state=6
00:00:05.502029 Display::i_handleDisplayResize: uScreenId=0 pvVRAM=0000000000000000 w=720 h=400 bpp=0 cbLine=0x0 flags=0x0 origin=0,0
00:00:05.502227 VMMDev: Guest Log: CPUID EDX: 0x178bfbff
00:00:05.502272 PIIX3 ATA: Ctl#0: RESET, DevSel=0 AIOIf=0 CmdIf0=0x00 (-1 usec ago) CmdIf1=0x00 (-1 usec ago)
00:00:05.502289 PIIX3 ATA: Ctl#0: finished processing RESET
00:00:05.503084 AHCI#0: Reset the HBA
00:00:05.503093 VD#0: Cancelling all active requests
00:00:05.503119 AHCI#0: Port 0 reset
00:00:05.503140 VD#0: Cancelling all active requests
00:00:05.503432 VMMDev: Guest Log: BIOS: AHCI 0-P#0: PCHS=16383/16/63 LCHS=1024/255/63 0x0000000002800000 sectors
00:00:05.505107 PIT: mode=2 count=0x48d3 (18643) - 64.00 Hz (ch=0)
00:00:05.536730 Display::i_handleDisplayResize: uScreenId=0 pvVRAM=000002d673ba0000 w=640 h=480 bpp=32 cbLine=0xA00 flags=0x0 origin=0,0
00:00:07.981487 PIT: mode=2 count=0x10000 (65536) - 18.20 Hz (ch=0)
00:00:07.981645 VMMDev: Guest Log: BIOS: Boot : bseqnr=1, bootseq=0231
00:00:07.981755 VMMDev: Guest Log: BIOS: Boot from Floppy 0 failed
00:00:07.981872 VMMDev: Guest Log: BIOS: Boot : bseqnr=2, bootseq=0023
00:00:07.983997 VMMDev: Guest Log: BIOS: Booting from CD-ROM...
00:00:07.990305 Display::i_handleDisplayResize: uScreenId=0 pvVRAM=0000000000000000 w=720 h=400 bpp=0 cbLine=0x0 flags=0x0 origin=0,0
00:00:08.036489 Display::i_handleDisplayResize: uScreenId=0 pvVRAM=000002d673ba0000 w=640 h=480 bpp=24 cbLine=0x780 flags=0x0 origin=0,0
00:00:39.618757 Display::i_handleDisplayResize: uScreenId=0 pvVRAM=0000000000000000 w=720 h=400 bpp=0 cbLine=0x0 flags=0x0 origin=0,0
00:00:39.643748 VMMDev: Guest Log: BIOS: KBD: unsupported int 16h function 03
00:00:39.643887 VMMDev: Guest Log: BIOS: AX=0305 BX=0000 CX=0000 DX=0000 
00:00:39.644174 VMMDev: Guest Log: int13_harddisk_ext: function 41, unmapped device for ELDL=81
00:00:39.644359 VMMDev: Guest Log: int13_harddisk: function 02, unmapped device for ELDL=81
00:00:39.644549 VMMDev: Guest Log: int13_harddisk_ext: function 41, unmapped device for ELDL=82
00:00:39.644727 VMMDev: Guest Log: int13_harddisk: function 02, unmapped device for ELDL=82
00:00:39.644920 VMMDev: Guest Log: int13_harddisk_ext: function 41, unmapped device for ELDL=83
00:00:39.645098 VMMDev: Guest Log: int13_harddisk: function 02, unmapped device for ELDL=83
00:00:39.645294 VMMDev: Guest Log: int13_harddisk_ext: function 41, unmapped device for ELDL=84
00:00:39.645471 VMMDev: Guest Log: int13_harddisk: function 02, unmapped device for ELDL=84
00:00:39.645661 VMMDev: Guest Log: int13_harddisk_ext: function 41, unmapped device for ELDL=85
00:00:39.645842 VMMDev: Guest Log: int13_harddisk: function 02, unmapped device for ELDL=85
00:00:39.646030 VMMDev: Guest Log: int13_harddisk_ext: function 41, unmapped device for ELDL=86
00:00:39.646207 VMMDev: Guest Log: int13_harddisk: function 02, unmapped device for ELDL=86
00:00:39.646418 VMMDev: Guest Log: int13_harddisk_ext: function 41, unmapped device for ELDL=87
00:00:39.646595 VMMDev: Guest Log: int13_harddisk: function 02, unmapped device for ELDL=87
00:00:39.646791 VMMDev: Guest Log: int13_harddisk_ext: function 41, unmapped device for ELDL=88
00:00:39.646969 VMMDev: Guest Log: int13_harddisk: function 02, unmapped device for ELDL=88
00:00:39.647158 VMMDev: Guest Log: int13_harddisk_ext: function 41, unmapped device for ELDL=89
00:00:39.647339 VMMDev: Guest Log: int13_harddisk: function 02, unmapped device for ELDL=89
00:00:39.647527 VMMDev: Guest Log: int13_harddisk_ext: function 41, unmapped device for ELDL=8a
00:00:39.647705 VMMDev: Guest Log: int13_harddisk: function 02, unmapped device for ELDL=8a
00:00:39.647897 VMMDev: Guest Log: int13_harddisk_ext: function 41, unmapped device for ELDL=8b
00:00:39.648074 VMMDev: Guest Log: int13_harddisk: function 02, unmapped device for ELDL=8b
00:00:39.648263 VMMDev: Guest Log: int13_harddisk_ext: function 41, unmapped device for ELDL=8c
00:00:39.648449 VMMDev: Guest Log: int13_harddisk: function 02, unmapped device for ELDL=8c
00:00:39.648638 VMMDev: Guest Log: int13_harddisk_ext: function 41, unmapped device for ELDL=8d
00:00:39.648822 VMMDev: Guest Log: int13_harddisk: function 02, unmapped device for ELDL=8d
00:00:39.649013 VMMDev: Guest Log: int13_harddisk_ext: function 41, unmapped device for ELDL=8e
00:00:39.649190 VMMDev: Guest Log: int13_harddisk: function 02, unmapped device for ELDL=8e
00:00:39.649386 VMMDev: Guest Log: int13_harddisk_ext: function 41, unmapped device for ELDL=8f
00:00:39.649564 VMMDev: Guest Log: int13_harddisk: function 02, unmapped device for ELDL=8f
00:00:39.728623 Display::i_handleDisplayResize: uScreenId=0 pvVRAM=000002d673ba0000 w=800 h=600 bpp=16 cbLine=0x640 flags=0x0 origin=0,0
00:00:40.057714 GUI: UIMediumEnumerator: Medium-enumeration finished!
00:00:40.436036 GIM: KVM: VCPU  0: Enabled system-time struct. at 0x0000000024e01000 - u32TscScale=0x83875632 i8TscShift=-1 uVersion=2 fFlags=0x1 uTsc=0x1fb043782d uVirtNanoTS=0x823f992c5 TscKHz=3892686
00:00:40.436090 TM: Switching TSC mode from 'VirtTSCEmulated' to 'RealTSCOffset'
00:00:40.461203 GIM: KVM: Enabled wall-clock struct. at 0x0000000024e00000 - u32Sec=1786733091 u32Nano=431520828 uVersion=2
00:00:40.461339 PIT: mode=2 count=0x12a5 (4773) - 249.98 Hz (ch=0)
00:00:40.461576 APIC0: Switched mode to x2APIC
00:00:40.576945 PIT: mode=0 count=0x10000 (65536) - 18.20 Hz (ch=0)
00:00:40.577630 APIC1: Switched mode to x2APIC
00:00:40.577662 GIM: KVM: VCPU  1: Enabled system-time struct. at 0x0000000024e01040 - u32TscScale=0x83875632 i8TscShift=-1 uVersion=2 fFlags=0x1 uTsc=0x1fd125e230 uVirtNanoTS=0x82c6c3221 TscKHz=3892686
00:00:40.641204 OHCI: Software reset
00:00:41.345691 EHCI: Hardware reset
00:00:41.345797 EHCI: USB Operational
00:00:41.350414 GCMInterceptedIOPortRead: Unknown vmware hypervisor call: rcx=0xa (cmd), rbx=0x0 (len/whatever), rsi=0x1 (input), rdi=0xffff9c42c995c600 (input), rdx=0x5658 (flags + chid) at 0010:ffffffffc0645b79
00:00:41.361815 AHCI#0: Reset the HBA
00:00:41.361827 VD#0: Cancelling all active requests
00:00:41.368610 OHCI: USB Reset
00:00:41.369231 AHCI#0: Port 0 reset
00:00:41.369368 PIIX3 ATA: Ctl#0: RESET, DevSel=0 AIOIf=0 CmdIf0=0xa0 (-1 usec ago) CmdIf1=0x00 (-1 usec ago)
00:00:41.369409 PIIX3 ATA: Ctl#0: finished processing RESET
00:00:41.370572 VD#0: Cancelling all active requests
00:00:41.385003 EHCI: USB Suspended
00:00:41.429012 OHCI: Software reset
00:00:41.429083 OHCI: USB Operational
00:00:41.952985 AC97: Reset
00:00:41.953003 AC97: Mixer reset (EAID=0x809, EACS=0x9)
00:00:41.953008 AC97: Record select to left=mic, right=mic
00:00:41.953012 Audio Mixer: MUTING master volume of 'AC'97 Mixer' -- channel volumes: ff ff ff ff ff ff ff ff ff ff ff ff
00:00:41.953018 Audio Mixer: MUTING sink 'AC'97 Mixer/Line In' -- channel volumes: 00 00 00 00 00 00 00 00 00 00 00 00
00:00:41.953022 Audio Mixer: MUTING sink 'AC'97 Mixer/Microphone In' -- channel volumes: 00 00 00 00 00 00 00 00 00 00 00 00
00:00:41.953026 Audio Mixer: MUTING sink 'AC'97 Mixer/PCM Output' -- channel volumes: 00 00 00 00 00 00 00 00 00 00 00 00
00:00:41.953030 Audio Mixer: MUTING sink 'AC'97 Mixer/PCM Output' -- channel volumes: 00 00 00 00 00 00 00 00 00 00 00 00
00:00:41.953034 Audio Mixer: MUTING sink 'AC'97 Mixer/Line In' -- channel volumes: 00 00 00 00 00 00 00 00 00 00 00 00
00:00:41.953037 Audio Mixer: MUTING sink 'AC'97 Mixer/Line In' -- channel volumes: 00 00 00 00 00 00 00 00 00 00 00 00
00:00:41.953041 Audio Mixer: MUTING sink 'AC'97 Mixer/Microphone In' -- channel volumes: 00 00 00 00 00 00 00 00 00 00 00 00
00:00:41.953116 Audio Mixer: MUTING sink 'AC'97 Mixer/Line In' -- channel volumes: 00 00 00 00 00 00 00 00 00 00 00 00
00:00:41.953120 Audio Mixer: MUTING sink 'AC'97 Mixer/Line In' -- channel volumes: 00 00 00 00 00 00 00 00 00 00 00 00
00:00:41.953144 Audio Mixer: MUTING sink 'AC'97 Mixer/Line In' -- channel volumes: 00 00 00 00 00 00 00 00 00 00 00 00
00:00:41.953148 Audio Mixer: MUTING sink 'AC'97 Mixer/Line In' -- channel volumes: 00 00 00 00 00 00 00 00 00 00 00 00
00:00:41.953175 AC97: Reset
00:00:41.953179 AC97: Mixer reset (EAID=0x809, EACS=0x9)
00:00:41.953182 AC97: Record select to left=mic, right=mic
00:00:41.953185 Audio Mixer: MUTING master volume of 'AC'97 Mixer' -- channel volumes: ff ff ff ff ff ff ff ff ff ff ff ff
00:00:41.953188 Audio Mixer: MUTING sink 'AC'97 Mixer/Line In' -- channel volumes: 00 00 00 00 00 00 00 00 00 00 00 00
00:00:41.953192 Audio Mixer: MUTING sink 'AC'97 Mixer/Microphone In' -- channel volumes: 00 00 00 00 00 00 00 00 00 00 00 00
00:00:41.953195 Audio Mixer: MUTING sink 'AC'97 Mixer/PCM Output' -- channel volumes: 00 00 00 00 00 00 00 00 00 00 00 00
00:00:41.953199 Audio Mixer: MUTING sink 'AC'97 Mixer/PCM Output' -- channel volumes: 00 00 00 00 00 00 00 00 00 00 00 00
00:00:41.953206 Audio Mixer: MUTING sink 'AC'97 Mixer/Line In' -- channel volumes: 00 00 00 00 00 00 00 00 00 00 00 00
00:00:41.953212 Audio Mixer: MUTING sink 'AC'97 Mixer/Line In' -- channel volumes: 00 00 00 00 00 00 00 00 00 00 00 00
00:00:41.953215 Audio Mixer: MUTING sink 'AC'97 Mixer/Microphone In' -- channel volumes: 00 00 00 00 00 00 00 00 00 00 00 00
00:00:41.953785 Audio Mixer: Setting master volume of 'AC'97 Mixer' -- channel volumes: ff ff ff ff ff ff ff ff ff ff ff ff
00:00:41.953796 Audio Mixer: MUTING sink 'AC'97 Mixer/Line In' -- channel volumes: 00 00 00 00 00 00 00 00 00 00 00 00
00:00:41.953800 Audio Mixer: MUTING sink 'AC'97 Mixer/Microphone In' -- channel volumes: 00 00 00 00 00 00 00 00 00 00 00 00
00:00:41.953804 Audio Mixer: MUTING sink 'AC'97 Mixer/PCM Output' -- channel volumes: 00 00 00 00 00 00 00 00 00 00 00 00
00:00:41.953820 Audio Mixer: MUTING master volume of 'AC'97 Mixer' -- channel volumes: ff ff ff ff ff ff ff ff ff ff ff ff
00:00:41.953824 Audio Mixer: MUTING sink 'AC'97 Mixer/Line In' -- channel volumes: 00 00 00 00 00 00 00 00 00 00 00 00
00:00:41.953828 Audio Mixer: MUTING sink 'AC'97 Mixer/Microphone In' -- channel volumes: 00 00 00 00 00 00 00 00 00 00 00 00
00:00:41.953832 Audio Mixer: MUTING sink 'AC'97 Mixer/PCM Output' -- channel volumes: 00 00 00 00 00 00 00 00 00 00 00 00
00:00:41.953859 Audio Mixer: MUTING master volume of 'AC'97 Mixer' -- channel volumes: ff ff ff ff ff ff ff ff ff ff ff ff
00:00:41.953863 Audio Mixer: MUTING sink 'AC'97 Mixer/Line In' -- channel volumes: 00 00 00 00 00 00 00 00 00 00 00 00
00:00:41.953867 Audio Mixer: MUTING sink 'AC'97 Mixer/Microphone In' -- channel volumes: 00 00 00 00 00 00 00 00 00 00 00 00
00:00:41.953870 Audio Mixer: MUTING sink 'AC'97 Mixer/PCM Output' -- channel volumes: 00 00 00 00 00 00 00 00 00 00 00 00
00:00:41.953888 Audio Mixer: MUTING master volume of 'AC'97 Mixer' -- channel volumes: ff ff ff ff ff ff ff ff ff ff ff ff
00:00:41.953892 Audio Mixer: MUTING sink 'AC'97 Mixer/Line In' -- channel volumes: 00 00 00 00 00 00 00 00 00 00 00 00
00:00:41.953895 Audio Mixer: MUTING sink 'AC'97 Mixer/Microphone In' -- channel volumes: 00 00 00 00 00 00 00 00 00 00 00 00
00:00:41.953898 Audio Mixer: MUTING sink 'AC'97 Mixer/PCM Output' -- channel volumes: 00 00 00 00 00 00 00 00 00 00 00 00
00:00:41.953908 Audio Mixer: MUTING master volume of 'AC'97 Mixer' -- channel volumes: 83 83 83 83 83 83 83 83 83 83 83 83
00:00:41.953911 Audio Mixer: MUTING sink 'AC'97 Mixer/Line In' -- channel volumes: 00 00 00 00 00 00 00 00 00 00 00 00
00:00:41.953915 Audio Mixer: MUTING sink 'AC'97 Mixer/Microphone In' -- channel volumes: 00 00 00 00 00 00 00 00 00 00 00 00
00:00:41.953918 Audio Mixer: MUTING sink 'AC'97 Mixer/PCM Output' -- channel volumes: 00 00 00 00 00 00 00 00 00 00 00 00
00:00:41.953934 Audio Mixer: MUTING master volume of 'AC'97 Mixer' -- channel volumes: bf bf bf bf bf bf bf bf bf bf bf bf
00:00:41.953938 Audio Mixer: MUTING sink 'AC'97 Mixer/Line In' -- channel volumes: 00 00 00 00 00 00 00 00 00 00 00 00
00:00:41.953941 Audio Mixer: MUTING sink 'AC'97 Mixer/Microphone In' -- channel volumes: 00 00 00 00 00 00 00 00 00 00 00 00
00:00:41.953944 Audio Mixer: MUTING sink 'AC'97 Mixer/PCM Output' -- channel volumes: 00 00 00 00 00 00 00 00 00 00 00 00
00:00:41.953974 Audio Mixer: MUTING master volume of 'AC'97 Mixer' -- channel volumes: 83 83 83 83 83 83 83 83 83 83 83 83
00:00:41.953978 Audio Mixer: MUTING sink 'AC'97 Mixer/Line In' -- channel volumes: 00 00 00 00 00 00 00 00 00 00 00 00
00:00:41.953981 Audio Mixer: MUTING sink 'AC'97 Mixer/Microphone In' -- channel volumes: 00 00 00 00 00 00 00 00 00 00 00 00
00:00:41.953984 Audio Mixer: MUTING sink 'AC'97 Mixer/PCM Output' -- channel volumes: 00 00 00 00 00 00 00 00 00 00 00 00
00:00:41.954417 Audio Mixer: MUTING sink 'AC'97 Mixer/PCM Output' -- channel volumes: 00 00 00 00 00 00 00 00 00 00 00 00
00:00:41.954433 Audio Mixer: MUTING sink 'AC'97 Mixer/Line In' -- channel volumes: 00 00 00 00 00 00 00 00 00 00 00 00
00:00:41.954440 Audio Mixer: MUTING sink 'AC'97 Mixer/Line In' -- channel volumes: 00 00 00 00 00 00 00 00 00 00 00 00
00:00:41.954455 Audio Mixer: MUTING sink 'AC'97 Mixer/Line In' -- channel volumes: 00 00 00 00 00 00 00 00 00 00 00 00
00:00:41.954459 Audio Mixer: MUTING sink 'AC'97 Mixer/Line In' -- channel volumes: 00 00 00 00 00 00 00 00 00 00 00 00
00:00:41.954472 Audio Mixer: MUTING sink 'AC'97 Mixer/Line In' -- channel volumes: 00 00 00 00 00 00 00 00 00 00 00 00
00:00:41.954476 Audio Mixer: MUTING sink 'AC'97 Mixer/Line In' -- channel volumes: 00 00 00 00 00 00 00 00 00 00 00 00
00:00:41.954493 Audio Mixer: MUTING sink 'AC'97 Mixer/Line In' -- channel volumes: 00 00 00 00 00 00 00 00 00 00 00 00
00:00:41.954497 Audio Mixer: MUTING sink 'AC'97 Mixer/Line In' -- channel volumes: 00 00 00 00 00 00 00 00 00 00 00 00
00:00:41.954507 AC97: Record select to left=mic, right=mic
00:00:41.954517 Audio Mixer: MUTING sink 'AC'97 Mixer/Line In' -- channel volumes: 00 00 00 00 00 00 00 00 00 00 00 00
00:00:41.954520 Audio Mixer: MUTING sink 'AC'97 Mixer/Line In' -- channel volumes: 00 00 00 00 00 00 00 00 00 00 00 00
00:00:42.713302 Audio Mixer: MUTING master volume of 'AC'97 Mixer' -- channel volumes: e7 83 e7 e7 e7 e7 e7 e7 e7 e7 e7 e7
00:00:42.713325 Audio Mixer: MUTING sink 'AC'97 Mixer/Line In' -- channel volumes: 00 00 00 00 00 00 00 00 00 00 00 00
00:00:42.713331 Audio Mixer: MUTING sink 'AC'97 Mixer/Microphone In' -- channel volumes: 00 00 00 00 00 00 00 00 00 00 00 00
00:00:42.713346 Audio Mixer: MUTING sink 'AC'97 Mixer/PCM Output' -- channel volumes: 00 00 00 00 00 00 00 00 00 00 00 00
00:00:42.713367 Audio Mixer: MUTING master volume of 'AC'97 Mixer' -- channel volumes: e7 e7 e7 e7 e7 e7 e7 e7 e7 e7 e7 e7
00:00:42.713372 Audio Mixer: MUTING sink 'AC'97 Mixer/Line In' -- channel volumes: 00 00 00 00 00 00 00 00 00 00 00 00
00:00:42.713375 Audio Mixer: MUTING sink 'AC'97 Mixer/Microphone In' -- channel volumes: 00 00 00 00 00 00 00 00 00 00 00 00
00:00:42.713379 Audio Mixer: MUTING sink 'AC'97 Mixer/PCM Output' -- channel volumes: 00 00 00 00 00 00 00 00 00 00 00 00
00:00:42.713399 Audio Mixer: Setting master volume of 'AC'97 Mixer' -- channel volumes: e7 e7 e7 e7 e7 e7 e7 e7 e7 e7 e7 e7
00:00:42.713403 Audio Mixer: Setting sink 'AC'97 Mixer/Line In' -- channel volumes: e7 e7 e7 e7 e7 e7 e7 e7 e7 e7 e7 e7
00:00:42.713406 Audio Mixer: MUTING sink 'AC'97 Mixer/Microphone In' -- channel volumes: 00 00 00 00 00 00 00 00 00 00 00 00
00:00:42.713410 Audio Mixer: MUTING sink 'AC'97 Mixer/PCM Output' -- channel volumes: 00 00 00 00 00 00 00 00 00 00 00 00
00:00:42.713424 Audio Mixer: Setting master volume of 'AC'97 Mixer' -- channel volumes: e7 e7 e7 e7 e7 e7 e7 e7 e7 e7 e7 e7
00:00:42.713427 Audio Mixer: Setting sink 'AC'97 Mixer/Line In' -- channel volumes: e7 e7 e7 e7 e7 e7 e7 e7 e7 e7 e7 e7
00:00:42.713431 Audio Mixer: MUTING sink 'AC'97 Mixer/Microphone In' -- channel volumes: 00 00 00 00 00 00 00 00 00 00 00 00
00:00:42.713434 Audio Mixer: MUTING sink 'AC'97 Mixer/PCM Output' -- channel volumes: 00 00 00 00 00 00 00 00 00 00 00 00
00:00:42.725905 Audio Mixer: MUTING sink 'AC'97 Mixer/PCM Output' -- channel volumes: 00 00 00 00 00 00 00 00 00 00 00 00
00:00:42.725946 Audio Mixer: MUTING sink 'AC'97 Mixer/PCM Output' -- channel volumes: 00 00 00 00 00 00 00 00 00 00 00 00
00:00:42.725975 Audio Mixer: Setting sink 'AC'97 Mixer/PCM Output' -- channel volumes: e7 e7 e7 e7 e7 e7 e7 e7 e7 e7 e7 e7
00:00:42.725996 Audio Mixer: Setting sink 'AC'97 Mixer/PCM Output' -- channel volumes: e7 e7 e7 e7 e7 e7 e7 e7 e7 e7 e7 e7
00:00:42.803959 Audio Mixer: MUTING sink 'AC'97 Mixer/PCM Output' -- channel volumes: 00 00 00 00 00 00 00 00 00 00 00 00
00:00:42.804009 Audio Mixer: MUTING sink 'AC'97 Mixer/PCM Output' -- channel volumes: 00 00 00 00 00 00 00 00 00 00 00 00
00:00:44.984275 Audio Mixer: Setting master volume of 'AC'97 Mixer' -- channel volumes: f3 e7 f3 f3 f3 f3 f3 f3 f3 f3 f3 f3
00:00:44.984299 Audio Mixer: Setting sink 'AC'97 Mixer/Line In' -- channel volumes: f3 e7 f3 f3 f3 f3 f3 f3 f3 f3 f3 f3
00:00:44.984308 Audio Mixer: MUTING sink 'AC'97 Mixer/Microphone In' -- channel volumes: 00 00 00 00 00 00 00 00 00 00 00 00
00:00:44.984314 Audio Mixer: MUTING sink 'AC'97 Mixer/PCM Output' -- channel volumes: 00 00 00 00 00 00 00 00 00 00 00 00
00:00:44.984333 Audio Mixer: Setting master volume of 'AC'97 Mixer' -- channel volumes: f3 f3 f3 f3 f3 f3 f3 f3 f3 f3 f3 f3
00:00:44.984337 Audio Mixer: Setting sink 'AC'97 Mixer/Line In' -- channel volumes: f3 f3 f3 f3 f3 f3 f3 f3 f3 f3 f3 f3
00:00:44.984341 Audio Mixer: MUTING sink 'AC'97 Mixer/Microphone In' -- channel volumes: 00 00 00 00 00 00 00 00 00 00 00 00
00:00:44.984344 Audio Mixer: MUTING sink 'AC'97 Mixer/PCM Output' -- channel volumes: 00 00 00 00 00 00 00 00 00 00 00 00
00:00:44.984398 Audio Mixer: Setting sink 'AC'97 Mixer/PCM Output' -- channel volumes: f3 f3 f3 f3 f3 f3 f3 f3 f3 f3 f3 f3
00:00:44.984419 Audio Mixer: Setting sink 'AC'97 Mixer/PCM Output' -- channel volumes: f3 f3 f3 f3 f3 f3 f3 f3 f3 f3 f3 f3
00:00:44.984440 Audio Mixer: Setting sink 'AC'97 Mixer/PCM Output' -- channel volumes: 9b 9b 9b 9b 9b 9b 9b 9b 9b 9b 9b 9b
00:00:44.984460 Audio Mixer: Setting sink 'AC'97 Mixer/PCM Output' -- channel volumes: 9b 9b 9b 9b 9b 9b 9b 9b 9b 9b 9b 9b
00:00:44.984480 Audio Mixer: Setting sink 'AC'97 Mixer/PCM Output' -- channel volumes: f3 9b f3 f3 f3 f3 f3 f3 f3 f3 f3 f3
00:00:44.984500 Audio Mixer: Setting sink 'AC'97 Mixer/PCM Output' -- channel volumes: f3 f3 f3 f3 f3 f3 f3 f3 f3 f3 f3 f3
00:00:44.984586 Audio Mixer: Setting sink 'AC'97 Mixer/PCM Output' -- channel volumes: 9b c9 c9 c9 c9 c9 c9 c9 c9 c9 c9 c9
00:00:44.984613 Audio Mixer: Setting sink 'AC'97 Mixer/PCM Output' -- channel volumes: c9 c9 c9 c9 c9 c9 c9 c9 c9 c9 c9 c9
00:00:48.370148 WasAPI: Looking up or creating cache entry (caching is set to enabled, iface 000002d66e8c77f0, async init)
00:00:48.370237 Audio: Warning: Scheduling hint of stream '[WasAPI] Output:0' is bigger (5ms) than used period size (0ms)
00:01:20.647735 Changing the VM state from 'RUNNING' to 'SUSPENDING'
00:01:20.657516 AIOMgr: Endpoint for file 'C:\Users\Rafael\VirtualBox VMs\Debian\Debian.vdi' (flags 000c0781) created successfully
00:01:20.660488 PDMR3Suspend: 12 727 807 ns run time
00:01:20.660498 Changing the VM state from 'SUSPENDING' to 'SUSPENDED'
00:01:20.660506 Console: Machine state changed to 'Paused'
00:01:23.906112 Changing the VM state from 'SUSPENDED' to 'RESUMING'
00:01:23.906402 AIOMgr: Endpoint for file 'C:\Users\Rafael\VirtualBox VMs\Debian\Debian.vdi' (flags 000c0723) created successfully
00:01:23.907213 Changing the VM state from 'RESUMING' to 'RUNNING'
00:01:23.907227 Console: Machine state changed to 'Running'
00:01:26.534499 Changing the VM state from 'RUNNING' to 'SUSPENDING'
00:01:26.536332 AIOMgr: Async flushes not supported
00:01:26.545816 AIOMgr: Endpoint for file 'C:\Users\Rafael\VirtualBox VMs\Debian\Debian.vdi' (flags 000c0781) created successfully
00:01:26.548237 PDMR3Suspend: 13 708 032 ns run time
00:01:26.548247 Changing the VM state from 'SUSPENDING' to 'SUSPENDED'
00:01:26.548257 Console: Machine state changed to 'Paused'
00:01:34.185506 Changing the VM state from 'SUSPENDED' to 'RESUMING'
00:01:34.185731 AIOMgr: Endpoint for file 'C:\Users\Rafael\VirtualBox VMs\Debian\Debian.vdi' (flags 000c0723) created successfully
00:01:34.188081 Changing the VM state from 'RESUMING' to 'RUNNING'
00:01:34.188092 Console: Machine state changed to 'Running'
00:01:38.686337 Changing the VM state from 'RUNNING' to 'SUSPENDING'
00:01:38.688182 AIOMgr: Async flushes not supported
00:01:38.696558 AIOMgr: Endpoint for file 'C:\Users\Rafael\VirtualBox VMs\Debian\Debian.vdi' (flags 000c0781) created successfully
00:01:38.698964 PDMR3Suspend: 12 596 925 ns run time
00:01:38.698973 Changing the VM state from 'SUSPENDING' to 'SUSPENDED'
00:01:38.698981 Console: Machine state changed to 'Paused'
00:01:47.608460 Changing the VM state from 'SUSPENDED' to 'RESUMING'
00:01:47.608682 AIOMgr: Endpoint for file 'C:\Users\Rafael\VirtualBox VMs\Debian\Debian.vdi' (flags 000c0723) created successfully
00:01:47.611015 Changing the VM state from 'RESUMING' to 'RUNNING'
00:01:47.611027 Console: Machine state changed to 'Running'
00:06:01.043740 GUI: UIMediumEnumerator: Medium-enumeration finished!
00:07:29.417629 ip6_icmp: MTU is too small to hold RDNSS options! Behavior may be unexpected.
00:07:48.289667 Changing the VM state from 'RUNNING' to 'RESETTING'
00:07:48.289733 GIM: KVM: Resetting MSRs
00:07:48.289799 PIT: mode=3 count=0x10000 (65536) - 18.20 Hz (ch=0)
00:07:48.295626 AHCI#0: Reset the HBA
00:07:48.295635 VD#0: Cancelling all active requests
00:07:48.295661 PIIX3 ATA: Ctl#0: finished processing RESET
00:07:48.295677 PIIX3 ATA: Ctl#1: finished processing RESET
00:07:48.295688 AC97: Reset
00:07:48.295698 AC97: Mixer reset (EAID=0x809, EACS=0x9)
00:07:48.295703 AC97: Record select to left=mic, right=mic
00:07:48.295708 Audio Mixer: MUTING master volume of 'AC'97 Mixer' -- channel volumes: ff ff ff ff ff ff ff ff ff ff ff ff
00:07:48.295714 Audio Mixer: MUTING sink 'AC'97 Mixer/Line In' -- channel volumes: 00 00 00 00 00 00 00 00 00 00 00 00
00:07:48.295718 Audio Mixer: MUTING sink 'AC'97 Mixer/Microphone In' -- channel volumes: 00 00 00 00 00 00 00 00 00 00 00 00
00:07:48.295722 Audio Mixer: MUTING sink 'AC'97 Mixer/PCM Output' -- channel volumes: 00 00 00 00 00 00 00 00 00 00 00 00
00:07:48.295726 Audio Mixer: MUTING sink 'AC'97 Mixer/PCM Output' -- channel volumes: 00 00 00 00 00 00 00 00 00 00 00 00
00:07:48.295730 Audio Mixer: MUTING sink 'AC'97 Mixer/Line In' -- channel volumes: 00 00 00 00 00 00 00 00 00 00 00 00
00:07:48.295734 Audio Mixer: MUTING sink 'AC'97 Mixer/Line In' -- channel volumes: 00 00 00 00 00 00 00 00 00 00 00 00
00:07:48.295738 Audio Mixer: MUTING sink 'AC'97 Mixer/Microphone In' -- channel volumes: 00 00 00 00 00 00 00 00 00 00 00 00
00:07:48.296435 PDMR3Reset: after     6 ms, 1 loops: 1 async tasks - piix3ide/0
00:07:48.296967 VMMDevNotifyGuest: fAddEvents=0x1 ignored because enmVMState=8
00:07:48.297516 TM: Switching TSC mode from 'RealTSCOffset' to 'VirtTSCEmulated'
00:07:48.325448 Changing the VM state from 'RESETTING' to 'RUNNING'
00:07:48.325493 OHCI: root hub reset completed with VINF_SUCCESS
00:07:48.327428 VMMDev: Guest Log: BIOS: VirtualBox 7.2.14
00:07:48.327480 PCI: Setting up resources and interrupts
00:07:48.327641 PIT: mode=2 count=0x10000 (65536) - 18.20 Hz (ch=0)
00:07:48.345458 Display::i_handleDisplayResize: uScreenId=0 pvVRAM=0000000000000000 w=720 h=400 bpp=0 cbLine=0x0 flags=0x0 origin=0,0
00:07:48.345587 VMMDev: Guest Log: CPUID EDX: 0x178bfbff
00:07:48.345631 PIIX3 ATA: Ctl#0: RESET, DevSel=0 AIOIf=0 CmdIf0=0xa0 (-1 usec ago) CmdIf1=0x00 (-1 usec ago)
00:07:48.345649 PIIX3 ATA: Ctl#0: finished processing RESET
00:07:48.346555 AHCI#0: Reset the HBA
00:07:48.346568 VD#0: Cancelling all active requests
00:07:48.346597 AHCI#0: Port 0 reset
00:07:48.346620 VD#0: Cancelling all active requests
00:07:48.346919 VMMDev: Guest Log: BIOS: AHCI 0-P#0: PCHS=16383/16/63 LCHS=1024/255/63 0x0000000002800000 sectors
00:07:48.348596 PIT: mode=2 count=0x48d3 (18643) - 64.00 Hz (ch=0)
00:07:48.373325 Display::i_handleDisplayResize: uScreenId=0 pvVRAM=000002d673ba0000 w=640 h=480 bpp=32 cbLine=0xA00 flags=0x0 origin=0,0
00:07:50.825237 PIT: mode=2 count=0x10000 (65536) - 18.20 Hz (ch=0)
00:07:50.825385 VMMDev: Guest Log: BIOS: Boot : bseqnr=1, bootseq=0231
00:07:50.825499 VMMDev: Guest Log: BIOS: Boot from Floppy 0 failed
00:07:50.825619 VMMDev: Guest Log: BIOS: Boot : bseqnr=2, bootseq=0023
00:07:50.827724 VMMDev: Guest Log: BIOS: Booting from CD-ROM...
00:07:50.880242 Display::i_handleDisplayResize: uScreenId=0 pvVRAM=000002d673ba0000 w=640 h=480 bpp=24 cbLine=0x780 flags=0x0 origin=0,0
00:08:22.407960 Display::i_handleDisplayResize: uScreenId=0 pvVRAM=0000000000000000 w=720 h=400 bpp=0 cbLine=0x0 flags=0x0 origin=0,0
00:08:22.421155 VMMDev: Guest Log: BIOS: KBD: unsupported int 16h function 03
00:08:22.421295 VMMDev: Guest Log: BIOS: AX=0305 BX=0000 CX=0000 DX=0000 
00:08:22.421567 VMMDev: Guest Log: int13_harddisk_ext: function 41, unmapped device for ELDL=81
00:08:22.421748 VMMDev: Guest Log: int13_harddisk: function 02, unmapped device for ELDL=81
00:08:22.421937 VMMDev: Guest Log: int13_harddisk_ext: function 41, unmapped device for ELDL=82
00:08:22.422124 VMMDev: Guest Log: int13_harddisk: function 02, unmapped device for ELDL=82
00:08:22.422314 VMMDev: Guest Log: int13_harddisk_ext: function 41, unmapped device for ELDL=83
00:08:22.422491 VMMDev: Guest Log: int13_harddisk: function 02, unmapped device for ELDL=83
00:08:22.422686 VMMDev: Guest Log: int13_harddisk_ext: function 41, unmapped device for ELDL=84
00:08:22.422863 VMMDev: Guest Log: int13_harddisk: function 02, unmapped device for ELDL=84
00:08:22.423058 VMMDev: Guest Log: int13_harddisk_ext: function 41, unmapped device for ELDL=85
00:08:22.423235 VMMDev: Guest Log: int13_harddisk: function 02, unmapped device for ELDL=85
00:08:22.423424 VMMDev: Guest Log: int13_harddisk_ext: function 41, unmapped device for ELDL=86
00:08:22.423612 VMMDev: Guest Log: int13_harddisk: function 02, unmapped device for ELDL=86
00:08:22.423802 VMMDev: Guest Log: int13_harddisk_ext: function 41, unmapped device for ELDL=87
00:08:22.423909 VMMDev: Guest Log: int13_harddisk: function 02, unmapped device for ELDL=87
00:08:22.424199 VMMDev: Guest Log: int13_harddisk_ext: function 41, unmapped device for ELDL=88
00:08:22.424378 VMMDev: Guest Log: int13_harddisk: function 02, unmapped device for ELDL=88
00:08:22.424575 VMMDev: Guest Log: int13_harddisk_ext: function 41, unmapped device for ELDL=89
00:08:22.424753 VMMDev: Guest Log: int13_harddisk: function 02, unmapped device for ELDL=89
00:08:22.424941 VMMDev: Guest Log: int13_harddisk_ext: function 41, unmapped device for ELDL=8a
00:08:22.425125 VMMDev: Guest Log: int13_harddisk: function 02, unmapped device for ELDL=8a
00:08:22.425315 VMMDev: Guest Log: int13_harddisk_ext: function 41, unmapped device for ELDL=8b
00:08:22.425492 VMMDev: Guest Log: int13_harddisk: function 02, unmapped device for ELDL=8b
00:08:22.425688 VMMDev: Guest Log: int13_harddisk_ext: function 41, unmapped device for ELDL=8c
00:08:22.425866 VMMDev: Guest Log: int13_harddisk: function 02, unmapped device for ELDL=8c
00:08:22.426055 VMMDev: Guest Log: int13_harddisk_ext: function 41, unmapped device for ELDL=8d
00:08:22.426239 VMMDev: Guest Log: int13_harddisk: function 02, unmapped device for ELDL=8d
00:08:22.426429 VMMDev: Guest Log: int13_harddisk_ext: function 41, unmapped device for ELDL=8e
00:08:22.426618 VMMDev: Guest Log: int13_harddisk: function 02, unmapped device for ELDL=8e
00:08:22.426807 VMMDev: Guest Log: int13_harddisk_ext: function 41, unmapped device for ELDL=8f
00:08:22.426984 VMMDev: Guest Log: int13_harddisk: function 02, unmapped device for ELDL=8f
00:08:22.462498 Display::i_handleDisplayResize: uScreenId=0 pvVRAM=000002d673ba0000 w=800 h=600 bpp=16 cbLine=0x640 flags=0x0 origin=0,0
00:08:23.189255 GIM: KVM: VCPU  0: Enabled system-time struct. at 0x0000000029a01000 - u32TscScale=0x83875632 i8TscShift=-1 uVersion=2 fFlags=0x1 uTsc=0x1fa1584d7c uVirtNanoTS=0x8202475d4 TscKHz=3892686
00:08:23.189299 TM: Switching TSC mode from 'VirtTSCEmulated' to 'RealTSCOffset'
00:08:23.213586 GIM: KVM: Enabled wall-clock struct. at 0x0000000029a00000 - u32Sec=1786733554 u32Nano=184618000 uVersion=2
00:08:23.213712 PIT: mode=2 count=0x12a5 (4773) - 249.98 Hz (ch=0)
00:08:23.213919 APIC0: Switched mode to x2APIC
00:08:23.329004 PIT: mode=0 count=0x10000 (65536) - 18.20 Hz (ch=0)
00:08:23.329716 APIC1: Switched mode to x2APIC
00:08:23.329742 GIM: KVM: VCPU  1: Enabled system-time struct. at 0x0000000029a01040 - u32TscScale=0x83875632 i8TscShift=-1 uVersion=2 fFlags=0x1 uTsc=0x1fc1f81796 uVirtNanoTS=0x82885f7aa TscKHz=3892686
00:08:23.388645 OHCI: Software reset
00:08:24.082566 GCMInterceptedIOPortRead: Unknown vmware hypervisor call: rcx=0xa (cmd), rbx=0x0 (len/whatever), rsi=0x1 (input), rdi=0xffff99cdbe704e00 (input), rdx=0x5658 (flags + chid) at 0010:ffffffffc0258b79
00:08:24.100167 EHCI: Hardware reset
00:08:24.100276 EHCI: USB Operational
00:08:24.114299 OHCI: USB Reset
00:08:24.122137 PIIX3 ATA: Ctl#0: RESET, DevSel=0 AIOIf=0 CmdIf0=0xa0 (-1 usec ago) CmdIf1=0x00 (-1 usec ago)
00:08:24.122190 PIIX3 ATA: Ctl#0: finished processing RESET
00:08:24.136995 EHCI: USB Suspended
00:08:24.172735 OHCI: Software reset
00:08:24.172804 OHCI: USB Operational
00:08:24.295917 AHCI#0: Reset the HBA
00:08:24.295940 VD#0: Cancelling all active requests
00:08:24.296278 AHCI#0: Port 0 reset
00:08:24.297368 VD#0: Cancelling all active requests
00:08:24.381027 AC97: Reset
00:08:24.381048 AC97: Mixer reset (EAID=0x809, EACS=0x9)
00:08:24.381053 AC97: Record select to left=mic, right=mic
00:08:24.381057 Audio Mixer: MUTING master volume of 'AC'97 Mixer' -- channel volumes: ff ff ff ff ff ff ff ff ff ff ff ff
00:08:24.381063 Audio Mixer: MUTING sink 'AC'97 Mixer/Line In' -- channel volumes: 00 00 00 00 00 00 00 00 00 00 00 00
00:08:24.381068 Audio Mixer: MUTING sink 'AC'97 Mixer/Microphone In' -- channel volumes: 00 00 00 00 00 00 00 00 00 00 00 00
00:08:24.381072 Audio Mixer: MUTING sink 'AC'97 Mixer/PCM Output' -- channel volumes: 00 00 00 00 00 00 00 00 00 00 00 00
00:08:24.381076 Audio Mixer: MUTING sink 'AC'97 Mixer/PCM Output' -- channel volumes: 00 00 00 00 00 00 00 00 00 00 00 00
00:08:24.381080 Audio Mixer: MUTING sink 'AC'97 Mixer/Line In' -- channel volumes: 00 00 00 00 00 00 00 00 00 00 00 00
00:08:24.381084 Audio Mixer: MUTING sink 'AC'97 Mixer/Line In' -- channel volumes: 00 00 00 00 00 00 00 00 00 00 00 00
00:08:24.381088 Audio Mixer: MUTING sink 'AC'97 Mixer/Microphone In' -- channel volumes: 00 00 00 00 00 00 00 00 00 00 00 00
00:08:24.381165 Audio Mixer: MUTING sink 'AC'97 Mixer/Line In' -- channel volumes: 00 00 00 00 00 00 00 00 00 00 00 00
00:08:24.381170 Audio Mixer: MUTING sink 'AC'97 Mixer/Line In' -- channel volumes: 00 00 00 00 00 00 00 00 00 00 00 00
00:08:24.381195 Audio Mixer: MUTING sink 'AC'97 Mixer/Line In' -- channel volumes: 00 00 00 00 00 00 00 00 00 00 00 00
00:08:24.381200 Audio Mixer: MUTING sink 'AC'97 Mixer/Line In' -- channel volumes: 00 00 00 00 00 00 00 00 00 00 00 00
00:08:24.381228 AC97: Reset
00:08:24.381232 AC97: Mixer reset (EAID=0x809, EACS=0x9)
00:08:24.381235 AC97: Record select to left=mic, right=mic
00:08:24.381239 Audio Mixer: MUTING master volume of 'AC'97 Mixer' -- channel volumes: ff ff ff ff ff ff ff ff ff ff ff ff
00:08:24.381242 Audio Mixer: MUTING sink 'AC'97 Mixer/Line In' -- channel volumes: 00 00 00 00 00 00 00 00 00 00 00 00
00:08:24.381246 Audio Mixer: MUTING sink 'AC'97 Mixer/Microphone In' -- channel volumes: 00 00 00 00 00 00 00 00 00 00 00 00
00:08:24.381250 Audio Mixer: MUTING sink 'AC'97 Mixer/PCM Output' -- channel volumes: 00 00 00 00 00 00 00 00 00 00 00 00
00:08:24.381253 Audio Mixer: MUTING sink 'AC'97 Mixer/PCM Output' -- channel volumes: 00 00 00 00 00 00 00 00 00 00 00 00
00:08:24.381257 Audio Mixer: MUTING sink 'AC'97 Mixer/Line In' -- channel volumes: 00 00 00 00 00 00 00 00 00 00 00 00
00:08:24.381261 Audio Mixer: MUTING sink 'AC'97 Mixer/Line In' -- channel volumes: 00 00 00 00 00 00 00 00 00 00 00 00
00:08:24.381265 Audio Mixer: MUTING sink 'AC'97 Mixer/Microphone In' -- channel volumes: 00 00 00 00 00 00 00 00 00 00 00 00
00:08:24.381849 Audio Mixer: Setting master volume of 'AC'97 Mixer' -- channel volumes: ff ff ff ff ff ff ff ff ff ff ff ff
00:08:24.381855 Audio Mixer: MUTING sink 'AC'97 Mixer/Line In' -- channel volumes: 00 00 00 00 00 00 00 00 00 00 00 00
00:08:24.381859 Audio Mixer: MUTING sink 'AC'97 Mixer/Microphone In' -- channel volumes: 00 00 00 00 00 00 00 00 00 00 00 00
00:08:24.381863 Audio Mixer: MUTING sink 'AC'97 Mixer/PCM Output' -- channel volumes: 00 00 00 00 00 00 00 00 00 00 00 00
00:08:24.381878 Audio Mixer: MUTING master volume of 'AC'97 Mixer' -- channel volumes: ff ff ff ff ff ff ff ff ff ff ff ff
00:08:24.381883 Audio Mixer: MUTING sink 'AC'97 Mixer/Line In' -- channel volumes: 00 00 00 00 00 00 00 00 00 00 00 00
00:08:24.381887 Audio Mixer: MUTING sink 'AC'97 Mixer/Microphone In' -- channel volumes: 00 00 00 00 00 00 00 00 00 00 00 00
00:08:24.381895 Audio Mixer: MUTING sink 'AC'97 Mixer/PCM Output' -- channel volumes: 00 00 00 00 00 00 00 00 00 00 00 00
00:08:24.381915 Audio Mixer: MUTING master volume of 'AC'97 Mixer' -- channel volumes: ff ff ff ff ff ff ff ff ff ff ff ff
00:08:24.381919 Audio Mixer: MUTING sink 'AC'97 Mixer/Line In' -- channel volumes: 00 00 00 00 00 00 00 00 00 00 00 00
00:08:24.381924 Audio Mixer: MUTING sink 'AC'97 Mixer/Microphone In' -- channel volumes: 00 00 00 00 00 00 00 00 00 00 00 00
00:08:24.381932 Audio Mixer: MUTING sink 'AC'97 Mixer/PCM Output' -- channel volumes: 00 00 00 00 00 00 00 00 00 00 00 00
00:08:24.381958 Audio Mixer: MUTING master volume of 'AC'97 Mixer' -- channel volumes: ff ff ff ff ff ff ff ff ff ff ff ff
00:08:24.381962 Audio Mixer: MUTING sink 'AC'97 Mixer/Line In' -- channel volumes: 00 00 00 00 00 00 00 00 00 00 00 00
00:08:24.381966 Audio Mixer: MUTING sink 'AC'97 Mixer/Microphone In' -- channel volumes: 00 00 00 00 00 00 00 00 00 00 00 00
00:08:24.381970 Audio Mixer: MUTING sink 'AC'97 Mixer/PCM Output' -- channel volumes: 00 00 00 00 00 00 00 00 00 00 00 00
00:08:24.381982 Audio Mixer: MUTING master volume of 'AC'97 Mixer' -- channel volumes: 83 83 83 83 83 83 83 83 83 83 83 83
00:08:24.381986 Audio Mixer: MUTING sink 'AC'97 Mixer/Line In' -- channel volumes: 00 00 00 00 00 00 00 00 00 00 00 00
00:08:24.381990 Audio Mixer: MUTING sink 'AC'97 Mixer/Microphone In' -- channel volumes: 00 00 00 00 00 00 00 00 00 00 00 00
00:08:24.381994 Audio Mixer: MUTING sink 'AC'97 Mixer/PCM Output' -- channel volumes: 00 00 00 00 00 00 00 00 00 00 00 00
00:08:24.382013 Audio Mixer: MUTING master volume of 'AC'97 Mixer' -- channel volumes: bf bf bf bf bf bf bf bf bf bf bf bf
00:08:24.382018 Audio Mixer: MUTING sink 'AC'97 Mixer/Line In' -- channel volumes: 00 00 00 00 00 00 00 00 00 00 00 00
00:08:24.382022 Audio Mixer: MUTING sink 'AC'97 Mixer/Microphone In' -- channel volumes: 00 00 00 00 00 00 00 00 00 00 00 00
00:08:24.382025 Audio Mixer: MUTING sink 'AC'97 Mixer/PCM Output' -- channel volumes: 00 00 00 00 00 00 00 00 00 00 00 00
00:08:24.382054 Audio Mixer: MUTING master volume of 'AC'97 Mixer' -- channel volumes: 83 83 83 83 83 83 83 83 83 83 83 83
00:08:24.382058 Audio Mixer: MUTING sink 'AC'97 Mixer/Line In' -- channel volumes: 00 00 00 00 00 00 00 00 00 00 00 00
00:08:24.382062 Audio Mixer: MUTING sink 'AC'97 Mixer/Microphone In' -- channel volumes: 00 00 00 00 00 00 00 00 00 00 00 00
00:08:24.382065 Audio Mixer: MUTING sink 'AC'97 Mixer/PCM Output' -- channel volumes: 00 00 00 00 00 00 00 00 00 00 00 00
00:08:24.382586 Audio Mixer: MUTING sink 'AC'97 Mixer/PCM Output' -- channel volumes: 00 00 00 00 00 00 00 00 00 00 00 00
00:08:24.382606 Audio Mixer: MUTING sink 'AC'97 Mixer/Line In' -- channel volumes: 00 00 00 00 00 00 00 00 00 00 00 00
00:08:24.382611 Audio Mixer: MUTING sink 'AC'97 Mixer/Line In' -- channel volumes: 00 00 00 00 00 00 00 00 00 00 00 00
00:08:24.382627 Audio Mixer: MUTING sink 'AC'97 Mixer/Line In' -- channel volumes: 00 00 00 00 00 00 00 00 00 00 00 00
00:08:24.382631 Audio Mixer: MUTING sink 'AC'97 Mixer/Line In' -- channel volumes: 00 00 00 00 00 00 00 00 00 00 00 00
00:08:24.382647 Audio Mixer: MUTING sink 'AC'97 Mixer/Line In' -- channel volumes: 00 00 00 00 00 00 00 00 00 00 00 00
00:08:24.382651 Audio Mixer: MUTING sink 'AC'97 Mixer/Line In' -- channel volumes: 00 00 00 00 00 00 00 00 00 00 00 00
00:08:24.382669 Audio Mixer: MUTING sink 'AC'97 Mixer/Line In' -- channel volumes: 00 00 00 00 00 00 00 00 00 00 00 00
00:08:24.382674 Audio Mixer: MUTING sink 'AC'97 Mixer/Line In' -- channel volumes: 00 00 00 00 00 00 00 00 00 00 00 00
00:08:24.382686 AC97: Record select to left=mic, right=mic
00:08:24.382698 Audio Mixer: MUTING sink 'AC'97 Mixer/Line In' -- channel volumes: 00 00 00 00 00 00 00 00 00 00 00 00
00:08:24.382702 Audio Mixer: MUTING sink 'AC'97 Mixer/Line In' -- channel volumes: 00 00 00 00 00 00 00 00 00 00 00 00
00:08:25.154486 Audio Mixer: MUTING master volume of 'AC'97 Mixer' -- channel volumes: e7 83 e7 e7 e7 e7 e7 e7 e7 e7 e7 e7
00:08:25.154516 Audio Mixer: MUTING sink 'AC'97 Mixer/Line In' -- channel volumes: 00 00 00 00 00 00 00 00 00 00 00 00
00:08:25.154526 Audio Mixer: MUTING sink 'AC'97 Mixer/Microphone In' -- channel volumes: 00 00 00 00 00 00 00 00 00 00 00 00
00:08:25.154534 Audio Mixer: MUTING sink 'AC'97 Mixer/PCM Output' -- channel volumes: 00 00 00 00 00 00 00 00 00 00 00 00
00:08:25.154554 Audio Mixer: MUTING master volume of 'AC'97 Mixer' -- channel volumes: e7 e7 e7 e7 e7 e7 e7 e7 e7 e7 e7 e7
00:08:25.154559 Audio Mixer: MUTING sink 'AC'97 Mixer/Line In' -- channel volumes: 00 00 00 00 00 00 00 00 00 00 00 00
00:08:25.154562 Audio Mixer: MUTING sink 'AC'97 Mixer/Microphone In' -- channel volumes: 00 00 00 00 00 00 00 00 00 00 00 00
00:08:25.154566 Audio Mixer: MUTING sink 'AC'97 Mixer/PCM Output' -- channel volumes: 00 00 00 00 00 00 00 00 00 00 00 00
00:08:25.154587 Audio Mixer: Setting master volume of 'AC'97 Mixer' -- channel volumes: e7 e7 e7 e7 e7 e7 e7 e7 e7 e7 e7 e7
00:08:25.154591 Audio Mixer: Setting sink 'AC'97 Mixer/Line In' -- channel volumes: e7 e7 e7 e7 e7 e7 e7 e7 e7 e7 e7 e7
00:08:25.154594 Audio Mixer: MUTING sink 'AC'97 Mixer/Microphone In' -- channel volumes: 00 00 00 00 00 00 00 00 00 00 00 00
00:08:25.154598 Audio Mixer: MUTING sink 'AC'97 Mixer/PCM Output' -- channel volumes: 00 00 00 00 00 00 00 00 00 00 00 00
00:08:25.154612 Audio Mixer: Setting master volume of 'AC'97 Mixer' -- channel volumes: e7 e7 e7 e7 e7 e7 e7 e7 e7 e7 e7 e7
00:08:25.154616 Audio Mixer: Setting sink 'AC'97 Mixer/Line In' -- channel volumes: e7 e7 e7 e7 e7 e7 e7 e7 e7 e7 e7 e7
00:08:25.154619 Audio Mixer: MUTING sink 'AC'97 Mixer/Microphone In' -- channel volumes: 00 00 00 00 00 00 00 00 00 00 00 00
00:08:25.154622 Audio Mixer: MUTING sink 'AC'97 Mixer/PCM Output' -- channel volumes: 00 00 00 00 00 00 00 00 00 00 00 00
00:08:25.167155 Audio Mixer: MUTING sink 'AC'97 Mixer/PCM Output' -- channel volumes: 00 00 00 00 00 00 00 00 00 00 00 00
00:08:25.167189 Audio Mixer: MUTING sink 'AC'97 Mixer/PCM Output' -- channel volumes: 00 00 00 00 00 00 00 00 00 00 00 00
00:08:25.167232 Audio Mixer: Setting sink 'AC'97 Mixer/PCM Output' -- channel volumes: e7 e7 e7 e7 e7 e7 e7 e7 e7 e7 e7 e7
00:08:25.168786 Audio Mixer: Setting sink 'AC'97 Mixer/PCM Output' -- channel volumes: e7 e7 e7 e7 e7 e7 e7 e7 e7 e7 e7 e7
00:08:25.243048 Audio Mixer: MUTING sink 'AC'97 Mixer/PCM Output' -- channel volumes: 00 00 00 00 00 00 00 00 00 00 00 00
00:08:25.243097 Audio Mixer: MUTING sink 'AC'97 Mixer/PCM Output' -- channel volumes: 00 00 00 00 00 00 00 00 00 00 00 00
00:08:27.436322 Audio Mixer: Setting master volume of 'AC'97 Mixer' -- channel volumes: f3 e7 f3 f3 f3 f3 f3 f3 f3 f3 f3 f3
00:08:27.436347 Audio Mixer: Setting sink 'AC'97 Mixer/Line In' -- channel volumes: f3 e7 f3 f3 f3 f3 f3 f3 f3 f3 f3 f3
00:08:27.436353 Audio Mixer: MUTING sink 'AC'97 Mixer/Microphone In' -- channel volumes: 00 00 00 00 00 00 00 00 00 00 00 00
00:08:27.436357 Audio Mixer: MUTING sink 'AC'97 Mixer/PCM Output' -- channel volumes: 00 00 00 00 00 00 00 00 00 00 00 00
00:08:27.436373 Audio Mixer: Setting master volume of 'AC'97 Mixer' -- channel volumes: f3 f3 f3 f3 f3 f3 f3 f3 f3 f3 f3 f3
00:08:27.436378 Audio Mixer: Setting sink 'AC'97 Mixer/Line In' -- channel volumes: f3 f3 f3 f3 f3 f3 f3 f3 f3 f3 f3 f3
00:08:27.436382 Audio Mixer: MUTING sink 'AC'97 Mixer/Microphone In' -- channel volumes: 00 00 00 00 00 00 00 00 00 00 00 00
00:08:27.436385 Audio Mixer: MUTING sink 'AC'97 Mixer/PCM Output' -- channel volumes: 00 00 00 00 00 00 00 00 00 00 00 00
00:08:27.436439 Audio Mixer: Setting sink 'AC'97 Mixer/PCM Output' -- channel volumes: f3 f3 f3 f3 f3 f3 f3 f3 f3 f3 f3 f3
00:08:27.436460 Audio Mixer: Setting sink 'AC'97 Mixer/PCM Output' -- channel volumes: f3 f3 f3 f3 f3 f3 f3 f3 f3 f3 f3 f3
00:08:27.436481 Audio Mixer: Setting sink 'AC'97 Mixer/PCM Output' -- channel volumes: 9b 9b 9b 9b 9b 9b 9b 9b 9b 9b 9b 9b
00:08:27.436501 Audio Mixer: Setting sink 'AC'97 Mixer/PCM Output' -- channel volumes: 9b 9b 9b 9b 9b 9b 9b 9b 9b 9b 9b 9b
00:08:27.436527 Audio Mixer: Setting sink 'AC'97 Mixer/PCM Output' -- channel volumes: f3 9b f3 f3 f3 f3 f3 f3 f3 f3 f3 f3
00:08:27.436550 Audio Mixer: Setting sink 'AC'97 Mixer/PCM Output' -- channel volumes: f3 f3 f3 f3 f3 f3 f3 f3 f3 f3 f3 f3
00:08:27.436572 Audio Mixer: Setting sink 'AC'97 Mixer/PCM Output' -- channel volumes: 9b c9 c9 c9 c9 c9 c9 c9 c9 c9 c9 c9
00:08:27.436592 Audio Mixer: Setting sink 'AC'97 Mixer/PCM Output' -- channel volumes: c9 c9 c9 c9 c9 c9 c9 c9 c9 c9 c9 c9
00:10:30.181858 NAT: Link up
00:10:33.361079 ip6_icmp: MTU is too small to hold RDNSS options! Behavior may be unexpected.
00:10:33.604256 ip6_icmp: MTU is too small to hold RDNSS options! Behavior may be unexpected.
00:15:12.822917 ip6_icmp: MTU is too small to hold RDNSS options! Behavior may be unexpected.
00:18:58.410322 ip6_icmp: MTU is too small to hold RDNSS options! Behavior may be unexpected.
00:19:53.776028 GUI: UIMediumEnumerator: Medium-enumeration finished!
00:21:43.995987 GUI: UIMediumEnumerator: Medium-enumeration finished!
00:22:54.174318 ip6_icmp: MTU is too small to hold RDNSS options! Behavior may be unexpected.
00:23:22.872262 Changing the VM state from 'RUNNING' to 'SUSPENDING'
00:23:22.874146 AIOMgr: Async flushes not supported
00:23:22.882930 AIOMgr: Endpoint for file 'C:\Users\Rafael\VirtualBox VMs\Debian\Debian.vdi' (flags 000c0781) created successfully
00:23:22.885233 PDMR3Suspend: 12 940 476 ns run time
00:23:22.885243 Changing the VM state from 'SUSPENDING' to 'SUSPENDED'
00:23:22.885252 Console: Machine state changed to 'Paused'
00:23:36.158230 Console: Machine state changed to 'Stopping'
00:23:36.158791 Console::powerDown(): A request to power off the VM has been issued (mMachineState=Stopping, InUninit=0)
00:23:36.158952 Changing the VM state from 'SUSPENDED' to 'POWERING_OFF'
00:23:36.158964 ****************** Guest state at power off for VCpu 1 ******************
00:23:36.158969 Guest CPUM (VCPU 1) state: 
00:23:36.158987 rax=ffffffffa543c510 rbx=ffff99cd4125e600 rcx=7fffff2e87d8cbff rdx=4000000000000000
00:23:36.158989 rsi=ffffffffa5d9ec9e rdi=ffffffffa5d780d1 r8 =ffff99cdba523060 r9 =0000000000000007
00:23:36.158990 r10=0000000000000000 r11=0000000000000014 r12=0000000000000000 r13=0000000000000000
00:23:36.158991 r14=0000000000000000 r15=0000000000000000
00:23:36.158991 rip=ffffffffa543c66b rsp=ffffba16c009bed8 rbp=0000000000000001 iopl=0  iopl=0 nv up ei ng nz na pe nc
00:23:36.158992 cs={0010 base=0000000000000000 limit=ffffffff flags=0000a09b}
00:23:36.158993 ds={0000 base=0000000000000000 limit=00000000 flags=00000000}
00:23:36.158993 es={0000 base=0000000000000000 limit=00000000 flags=00000000}
00:23:36.158994 fs={0000 base=0000000000000000 limit=00000000 flags=00000000}
00:23:36.158994 gs={0000 base=ffff99cdba500000 limit=00000000 flags=00000000}
00:23:36.158994 ss={0018 base=0000000000000000 limit=ffffffff flags=0000c093}
00:23:36.158995 cr0=0000000080050033 cr2=000055e81a8ac2e0 cr3=0000000009a72000 cr4=00000000000506e0
00:23:36.158996 dr0=0000000000000000 dr1=0000000000000000 dr2=0000000000000000 dr3=0000000000000000
00:23:36.158996 dr4=0000000000000000 dr5=0000000000000000 dr6=00000000ffff0ff0 dr7=0000000000000400
00:23:36.158997 gdtr=fffffe000003c000:007f  idtr=fffffe0000000000:0fff  eflags=00000282
00:23:36.160337 ldtr={0000 base=00000000 limit=00000000 flags=00000000}
00:23:36.160338 tr  ={0040 base=fffffe000003e000 limit=00004087 flags=0000008b}
00:23:36.160339 SysEnter={cs=0010 eip=00000000a5601790 esp=000000000003e000}
00:23:36.160341 xcr=0000000000000007 xcr1=0000000000000000 xss=0000000000000000 (fXStateMask=0000000000000007)
00:23:36.160342 FCW=037f FSW=0000 FTW=0000 FOP=0000 MXCSR=00001f80 MXCSR_MASK=0002ffff
00:23:36.160342 FPUIP=00000000 CS=0000 Rsrvd1=0000  FPUDP=00000000 DS=0000 Rsvrd2=0000
00:23:36.160343 ST(0)=FPR0={0000'00000000'00000000} t0 +0.0000000000000000000000 * 2 ^ -16383 (*)
00:23:36.160345 ST(1)=FPR1={0000'00000000'00000000} t0 +0.0000000000000000000000 * 2 ^ -16383 (*)
00:23:36.160346 ST(2)=FPR2={0000'00000000'00000000} t0 +0.0000000000000000000000 * 2 ^ -16383 (*)
00:23:36.160347 ST(3)=FPR3={0000'00000000'00000000} t0 +0.0000000000000000000000 * 2 ^ -16383 (*)
00:23:36.160347 ST(4)=FPR4={0000'00000000'00000000} t0 +0.0000000000000000000000 * 2 ^ -16383 (*)
00:23:36.160348 ST(5)=FPR5={0000'00000000'00000000} t0 +0.0000000000000000000000 * 2 ^ -16383 (*)
00:23:36.160349 ST(6)=FPR6={0000'00000000'00000000} t0 +0.0000000000000000000000 * 2 ^ -16383 (*)
00:23:36.160349 ST(7)=FPR7={0000'00000000'00000000} t0 +0.0000000000000000000000 * 2 ^ -16383 (*)
00:23:36.160350 YMM0 =00000000'00000000'00000000'00000000'00000000'55000000'00000070'65656c73
00:23:36.160351 YMM1 =00000000'00000000'00000000'00000000'00000000'00000000'000000ff'ffffffff
00:23:36.160352 YMM2 =00000000'00000000'00000000'00000000'ffffffff'00ffffff'ffffff00'00000000
00:23:36.160353 YMM3 =00000000'00000000'00000000'00000000'ffff0000'00000000'0000ff00'00000000
00:23:36.160354 YMM4 =00000000'00000000'00000000'00000000'00000000'00000000'03020001'00008881
00:23:36.160355 YMM5 =00000000'00000000'00000000'00000000'00000000'00000000'00007fe0'32e11d9f
00:23:36.160355 YMM6 =00000000'00000000'00000000'00000000'ffff0000'00000000'0000ffff'0000ff00
00:23:36.160356 YMM7 =00000000'00000000'00000000'00000000'2f2f2f2f'2f2f2f2f'2f2f2f2f'2f2f2f2f
00:23:36.160357 YMM8 =00000000'00000000'00000000'00000000'00000000'00000000'00000000'00000000
00:23:36.160358 YMM9 =00000000'00000000'00000000'00000000'00000000'00000000'00000000'00000000
00:23:36.160359 YMM10=00000000'00000000'00000000'00000000'00000000'00000000'00000000'00000000
00:23:36.160360 YMM11=00000000'00000000'00000000'00000000'00000000'00000000'00000000'00000000
00:23:36.160360 YMM12=00000000'00000000'00000000'00000000'00000000'00000000'00000000'00000000
00:23:36.160361 YMM13=00000000'00000000'00000000'00000000'00000000'00000000'00000000'00000000
00:23:36.160362 YMM14=00000000'00000000'00000000'00000000'00000000'00000000'00000000'00000000
00:23:36.160363 YMM15=00000000'00000000'00000000'00000000'00000000'00000000'00000000'00000000
00:23:36.160364 EFER         =0000000000000d01
00:23:36.160364 PAT          =0407050600070106
00:23:36.160364 STAR         =0023001000000000
00:23:36.160365 CSTAR        =ffffffffa5601840
00:23:36.160365 LSTAR        =ffffffffa5600040
00:23:36.160365 SFMASK       =0000000000257fd5
00:23:36.160366 KERNELGSBASE =0000000000000000
00:23:36.160366 MTRR_CAP          =0000000000000510
00:23:36.160367 MTRR_DEF_TYPE     =0000000000000c00
00:23:36.160367 MTRR_FIX64K_00000 =0606060606060606
00:23:36.160368 MTRR_FIX16K_80000 =0606060606060606
00:23:36.160368 MTRR_FIX16K_A0000 =0000000000000000
00:23:36.160368 MTRR_FIX4K_C0000  =0505050505050505
00:23:36.160368 MTRR_FIX4K_C8000  =0505050505050505
00:23:36.160369 MTRR_FIX4K_D0000  =0505050505050505
00:23:36.160369 MTRR_FIX4K_D8000  =0505050505050505
00:23:36.160369 MTRR_FIX4K_E0000  =0505050505050505
00:23:36.160369 MTRR_FIX4K_E8000  =0505050505050505
00:23:36.160370 MTRR_FIX4K_F0000  =0505050505050505
00:23:36.160370 MTRR_FIX4K_F8000  =0505050505050505
00:23:36.160370 MTRR_PHYSBASE[ 0] =0000000000000006 First=0000000000000000      0 MB [WB]
00:23:36.160371 MTRR_PHYSMASK[ 0] =0000ffff80000800 Last =000000007fffffff   2047 MB [2048 MB]
00:23:36.160372 MTRR_PHYSBASE[ 1] =0000000000000000
00:23:36.160372 MTRR_PHYSMASK[ 1] =0000000000000000
00:23:36.160373 MTRR_PHYSBASE[ 2] =0000000000000000
00:23:36.160373 MTRR_PHYSMASK[ 2] =0000000000000000
00:23:36.160373 MTRR_PHYSBASE[ 3] =0000000000000000
00:23:36.160373 MTRR_PHYSMASK[ 3] =0000000000000000
00:23:36.160374 MTRR_PHYSBASE[ 4] =0000000000000000
00:23:36.160374 MTRR_PHYSMASK[ 4] =0000000000000000
00:23:36.160374 MTRR_PHYSBASE[ 5] =0000000000000000
00:23:36.160374 MTRR_PHYSMASK[ 5] =0000000000000000
00:23:36.160375 MTRR_PHYSBASE[ 6] =0000000000000000
00:23:36.160375 MTRR_PHYSMASK[ 6] =0000000000000000
00:23:36.160375 MTRR_PHYSBASE[ 7] =0000000000000000
00:23:36.160375 MTRR_PHYSMASK[ 7] =0000000000000000
00:23:36.160376 MTRR_PHYSBASE[ 8] =0000000000000000
00:23:36.160376 MTRR_PHYSMASK[ 8] =0000000000000000
00:23:36.160376 MTRR_PHYSBASE[ 9] =0000000000000000
00:23:36.160376 MTRR_PHYSMASK[ 9] =0000000000000000
00:23:36.160377 MTRR_PHYSBASE[10] =0000000000000000
00:23:36.160377 MTRR_PHYSMASK[10] =0000000000000000
00:23:36.160377 MTRR_PHYSBASE[11] =0000000000000000
00:23:36.160377 MTRR_PHYSMASK[11] =0000000000000000
00:23:36.160378 MTRR_PHYSBASE[12] =0000000000000000
00:23:36.160378 MTRR_PHYSMASK[12] =0000000000000000
00:23:36.160378 MTRR_PHYSBASE[13] =0000000000000000
00:23:36.160378 MTRR_PHYSMASK[13] =0000000000000000
00:23:36.160379 MTRR_PHYSBASE[14] =0000000000000000
00:23:36.160379 MTRR_PHYSMASK[14] =0000000000000000
00:23:36.160379 MTRR_PHYSBASE[15] =0000000000000000
00:23:36.160379 MTRR_PHYSMASK[15] =0000000000000000
00:23:36.160382 ***
00:23:36.160389 VCPU[1] hardware virtualization state:
00:23:36.160389 fSavedInhibit                = 0x0
00:23:36.160390 In nested-guest hwvirt mode  = false
00:23:36.160392 Hwvirt state disabled.
00:23:36.160393 ***
00:23:36.160400 Guest paging mode (VCPU #1):  AMD64+NX (changed 3 times), A20 enabled (changed 0 times)
00:23:36.160401 Guest SLAT mode (VCPU #1): Direct
00:23:36.160402 Shadow paging mode (VCPU #1): Nested-AMD64
00:23:36.160403 Host paging mode:             AMD64+G+NX
00:23:36.160403 ***
00:23:36.160404 ************** End of Guest state at power off for VCpu 1 ***************
00:23:36.160501 ****************** Guest state at power off for VCpu 0 ******************
00:23:36.160505 Guest CPUM (VCPU 0) state: 
00:23:36.160506 rax=ffffffffa543c510 rbx=ffffffffa641aa40 rcx=0000000000000000 rdx=4000000000000000
00:23:36.160508 rsi=ffffffffa5d9ec9e rdi=ffffffffa5d780d1 r8 =ffff99cdba423060 r9 =0000000000000007
00:23:36.160509 r10=0000000000000000 r11=0000000000000001 r12=0000000000000000 r13=0000000000000000
00:23:36.160510 r14=ffffffffa641a120 r15=0000000000000000
00:23:36.160510 rip=ffffffffa543c66b rsp=ffffffffa6403e90 rbp=0000000000000000 iopl=0  iopl=0 nv up ei ng nz ac po nc
00:23:36.160511 cs={0010 base=0000000000000000 limit=ffffffff flags=0000a09b}
00:23:36.160512 ds={0000 base=0000000000000000 limit=00000000 flags=00000000}
00:23:36.160512 es={0000 base=0000000000000000 limit=00000000 flags=00000000}
00:23:36.160512 fs={0000 base=0000000000000000 limit=00000000 flags=00000000}
00:23:36.160513 gs={0000 base=ffff99cdba400000 limit=00000000 flags=00000000}
00:23:36.160513 ss={0018 base=0000000000000000 limit=ffffffff flags=0000c093}
00:23:36.160513 cr0=0000000080050033 cr2=00007fcd291ab9c0 cr3=000000007f0aa000 cr4=00000000000506f0
00:23:36.160514 dr0=0000000000000000 dr1=0000000000000000 dr2=0000000000000000 dr3=0000000000000000
00:23:36.160515 dr4=0000000000000000 dr5=0000000000000000 dr6=00000000ffff0ff0 dr7=0000000000000400
00:23:36.160515 gdtr=fffffe0000001000:007f  idtr=fffffe0000000000:0fff  eflags=00000296
00:23:36.160516 ldtr={0000 base=00000000 limit=00000000 flags=00000000}
00:23:36.160517 tr  ={0040 base=fffffe0000003000 limit=00004087 flags=0000008b}
00:23:36.160517 SysEnter={cs=0010 eip=00000000a5601790 esp=0000000000003000}
00:23:36.160518 xcr=0000000000000007 xcr1=0000000000000000 xss=0000000000000000 (fXStateMask=0000000000000007)
00:23:36.160519 FCW=037f FSW=0000 FTW=0000 FOP=0000 MXCSR=00001f80 MXCSR_MASK=0002ffff
00:23:36.160520 FPUIP=00000000 CS=0000 Rsrvd1=0000  FPUDP=00000000 DS=0000 Rsvrd2=0000
00:23:36.160520 ST(0)=FPR0={0000'00000000'00000000} t0 +0.0000000000000000000000 * 2 ^ -16383 (*)
00:23:36.160522 ST(1)=FPR1={0000'00000000'00000000} t0 +0.0000000000000000000000 * 2 ^ -16383 (*)
00:23:36.160523 ST(2)=FPR2={0000'00000000'00000000} t0 +0.0000000000000000000000 * 2 ^ -16383 (*)
00:23:36.160524 ST(3)=FPR3={0000'00000000'00000000} t0 +0.0000000000000000000000 * 2 ^ -16383 (*)
00:23:36.160524 ST(4)=FPR4={0000'00000000'00000000} t0 +0.0000000000000000000000 * 2 ^ -16383 (*)
00:23:36.160525 ST(5)=FPR5={0000'00000000'00000000} t0 +0.0000000000000000000000 * 2 ^ -16383 (*)
00:23:36.160526 ST(6)=FPR6={0000'00000000'00000000} t0 +0.0000000000000000000000 * 2 ^ -16383 (*)
00:23:36.160526 ST(7)=FPR7={0000'00000000'00000000} t0 +0.0000000000000000000000 * 2 ^ -16383 (*)
00:23:36.160527 YMM0 =00000000'00000000'00000000'00000000'00000000'00000000'00015180'00000064
00:23:36.160528 YMM1 =00000000'00000000'00000000'00000000'00000000'00000000'00000000'00000000
00:23:36.160529 YMM2 =00000000'00000000'00000000'00000000'ffffffff'ffffffff'ff000000'ffffff00
00:23:36.160530 YMM3 =00000000'00000000'00000000'00000000'00000000'00000000'41564952'505f4342
00:23:36.160531 YMM4 =00000000'00000000'00000000'00000000'5f796c72'61655f63'62696c5f'5f004554
00:23:36.160532 YMM5 =00000000'00000000'00000000'00000000'00000000'00000000'00000000'00000060
00:23:36.160533 YMM6 =00000000'00000000'00000000'00000000'00000000'00000000'ff00ff00'00000000
00:23:36.160533 YMM7 =00000000'00000000'00000000'00000000'2f2f2f2f'2f2f2f2f'2f2f2f2f'2f2f2f2f
00:23:36.160534 YMM8 =00000000'00000000'00000000'00000000'20202020'00000000'00002020'20200000
00:23:36.160535 YMM9 =00000000'00000000'00000000'00000000'00000000'00000000'00000000'00000000
00:23:36.160536 YMM10=00000000'00000000'00000000'00000000'3f3f3f3f'3f3f3f3f'3f3f3f3f'3f3f3f3f
00:23:36.160537 YMM11=00000000'00000000'00000000'00000000'99999999'99999999'99999999'99999999
00:23:36.160538 YMM12=00000000'00000000'00000000'00000000'20202020'20202020'20202020'20202020
00:23:36.160539 YMM13=00000000'00000000'00000000'00000000'00000000'00000000'00000000'00000000
00:23:36.160540 YMM14=00000000'00000000'00000000'00000000'00000000'00000000'00000000'00000000
00:23:36.160540 YMM15=00000000'00000000'00000000'00000000'00000000'00000000'00000000'00000000
00:23:36.160542 EFER         =0000000000000d01
00:23:36.160542 PAT          =0407050600070106
00:23:36.160542 STAR         =0023001000000000
00:23:36.160543 CSTAR        =ffffffffa5601840
00:23:36.160543 LSTAR        =ffffffffa5600040
00:23:36.160543 SFMASK       =0000000000257fd5
00:23:36.160543 KERNELGSBASE =0000000000000000
00:23:36.160544 MTRR_CAP          =0000000000000510
00:23:36.160544 MTRR_DEF_TYPE     =0000000000000c00
00:23:36.160544 MTRR_FIX64K_00000 =0606060606060606
00:23:36.160545 MTRR_FIX16K_80000 =0606060606060606
00:23:36.160545 MTRR_FIX16K_A0000 =0000000000000000
00:23:36.160545 MTRR_FIX4K_C0000  =0505050505050505
00:23:36.160545 MTRR_FIX4K_C8000  =0505050505050505
00:23:36.160546 MTRR_FIX4K_D0000  =0505050505050505
00:23:36.160546 MTRR_FIX4K_D8000  =0505050505050505
00:23:36.160546 MTRR_FIX4K_E0000  =0505050505050505
00:23:36.160546 MTRR_FIX4K_E8000  =0505050505050505
00:23:36.160547 MTRR_FIX4K_F0000  =0505050505050505
00:23:36.160547 MTRR_FIX4K_F8000  =0505050505050505
00:23:36.160547 MTRR_PHYSBASE[ 0] =0000000000000006 First=0000000000000000      0 MB [WB]
00:23:36.160548 MTRR_PHYSMASK[ 0] =0000ffff80000800 Last =000000007fffffff   2047 MB [2048 MB]
00:23:36.160549 MTRR_PHYSBASE[ 1] =0000000000000000
00:23:36.160549 MTRR_PHYSMASK[ 1] =0000000000000000
00:23:36.160550 MTRR_PHYSBASE[ 2] =0000000000000000
00:23:36.160550 MTRR_PHYSMASK[ 2] =0000000000000000
00:23:36.160550 MTRR_PHYSBASE[ 3] =0000000000000000
00:23:36.160550 MTRR_PHYSMASK[ 3] =0000000000000000
00:23:36.160551 MTRR_PHYSBASE[ 4] =0000000000000000
00:23:36.160551 MTRR_PHYSMASK[ 4] =0000000000000000
00:23:36.160551 MTRR_PHYSBASE[ 5] =0000000000000000
00:23:36.160551 MTRR_PHYSMASK[ 5] =0000000000000000
00:23:36.160552 MTRR_PHYSBASE[ 6] =0000000000000000
00:23:36.160552 MTRR_PHYSMASK[ 6] =0000000000000000
00:23:36.160552 MTRR_PHYSBASE[ 7] =0000000000000000
00:23:36.160552 MTRR_PHYSMASK[ 7] =0000000000000000
00:23:36.160553 MTRR_PHYSBASE[ 8] =0000000000000000
00:23:36.160553 MTRR_PHYSMASK[ 8] =0000000000000000
00:23:36.160553 MTRR_PHYSBASE[ 9] =0000000000000000
00:23:36.160553 MTRR_PHYSMASK[ 9] =0000000000000000
00:23:36.160554 MTRR_PHYSBASE[10] =0000000000000000
00:23:36.160554 MTRR_PHYSMASK[10] =0000000000000000
00:23:36.160555 MTRR_PHYSBASE[11] =0000000000000000
00:23:36.160555 MTRR_PHYSMASK[11] =0000000000000000
00:23:36.160555 MTRR_PHYSBASE[12] =0000000000000000
00:23:36.160555 MTRR_PHYSMASK[12] =0000000000000000
00:23:36.160556 MTRR_PHYSBASE[13] =0000000000000000
00:23:36.160556 MTRR_PHYSMASK[13] =0000000000000000
00:23:36.160556 MTRR_PHYSBASE[14] =0000000000000000
00:23:36.160556 MTRR_PHYSMASK[14] =0000000000000000
00:23:36.160557 MTRR_PHYSBASE[15] =0000000000000000
00:23:36.160557 MTRR_PHYSMASK[15] =0000000000000000
00:23:36.160558 ***
00:23:36.160559 VCPU[0] hardware virtualization state:
00:23:36.160559 fSavedInhibit                = 0x0
00:23:36.160560 In nested-guest hwvirt mode  = false
00:23:36.160560 Hwvirt state disabled.
00:23:36.160561 ***
00:23:36.160562 Guest paging mode (VCPU #0):  AMD64+NX (changed 97173 times), A20 enabled (changed 2 times)
00:23:36.160563 Guest SLAT mode (VCPU #0): Direct
00:23:36.160564 Shadow paging mode (VCPU #0): Nested-AMD64
00:23:36.160564 Host paging mode:             AMD64+G+NX
00:23:36.160565 ***
00:23:36.160566 Active Timers (pVM=000002d672440000)
00:23:36.160566 pTimerR3         offNext  offPrev  offSched Clock               Time             Expire HzHint State                     Description
00:23:36.160569 000002d673170180 00000007 ffffffff ffffffff Real             2180722            2167438      0 2-ACTIVE                  VGA Refresh
00:23:36.160571 000002d673170380 ffffffff 00000003 ffffffff Real             2180722            2168001      0 2-ACTIVE                  CPU Load Timer
00:23:36.160574 000002d6734b0400 00000002 ffffffff ffffffff VrSy       1377601087012      1377603820568      0 2-ACTIVE                  AC97 PO
00:23:36.160575 000002d6734b0100 00000005 00000008 ffffffff VrSy       1377601087012      1377688788953      4 2-ACTIVE                  APIC Timer 1
00:23:36.160576 000002d6734b0280 00000001 00000002 ffffffff VrSy       1377601087012      1377990000000      0 2-ACTIVE                  MC146818 RTC Second
00:23:36.160578 000002d6734b0080 0000000a 00000005 ffffffff VrSy       1377601087012      1378057364505      1 2-ACTIVE                  APIC Timer 0
00:23:36.160579 000002d6734b0500 ffffffff 00000001 ffffffff VrSy       1377601087012      1642883364985      0 2-ACTIVE                  ACPI PM
00:23:36.160581 ***
00:23:36.160583 Guest GDT (GCAddr=fffffe0000001000 limit=7f):
00:23:36.160728 0008 - 0000ffff 00cf9b00 - base=00000000 limit=ffffffff dpl=0 CodeER Accessed Present Page 32-bit 
00:23:36.160729 0010 - 0000ffff 00af9b00 - base=00000000 limit=ffffffff dpl=0 CodeER Accessed Present Page 16-bit 
00:23:36.160730 0018 - 0000ffff 00cf9300 - base=00000000 limit=ffffffff dpl=0 DataRW Accessed Present Page 32-bit 
00:23:36.160731 0020 - 0000ffff 00cffb00 - base=00000000 limit=ffffffff dpl=3 CodeER Accessed Present Page 32-bit 
00:23:36.160731 0028 - 0000ffff 00cff300 - base=00000000 limit=ffffffff dpl=3 DataRW Accessed Present Page 32-bit 
00:23:36.160732 0030 - 0000ffff 00affb00 - base=00000000 limit=ffffffff dpl=3 CodeER Accessed Present Page 16-bit 
00:23:36.160733 0040 - 30004087 00008b00 - base=00003000 limit=00004087 dpl=0 TSS32Busy Present 16-bit 
00:23:36.160735 0078 - 00000000 0040f500 - base=00000000 limit=00000000 dpl=3 DataDownRO Accessed Present 32-bit 
00:23:36.160736 ************** End of Guest state at power off ***************
00:23:36.161279 PDMR3PowerOff: 526 235 ns run time
00:23:36.161292 Changing the VM state from 'POWERING_OFF' to 'OFF'
00:23:36.168352 Changing the VM state from 'OFF' to 'DESTROYING'
00:23:36.168398 ************************* Statistics *************************
00:23:36.168404 /CPUM/MSR-Totals/Reads                         61496 times
00:23:36.168408 /CPUM/MSR-Totals/ReadsRaisingGP                    0 times
00:23:36.168411 /CPUM/MSR-Totals/ReadsUnknown                      0 times
00:23:36.168415 /CPUM/MSR-Totals/Writes                       424781 times
00:23:36.168418 /CPUM/MSR-Totals/WritesRaisingGP                   0 times
00:23:36.168420 /CPUM/MSR-Totals/WritesToIgnoredBits               4 times
00:23:36.168423 /CPUM/MSR-Totals/WritesUnknown                     0 times
00:23:36.168426 /CPUM/cpu0/GuestFpuLoad                       180634 calls
00:23:36.168434 /CPUM/cpu1/GuestFpuLoad                       158860 calls
00:23:36.168440 /Devices/8237A/DmaRun                              0 ticks/call (           0 ticks,       0 calls, max         0, min      -1)
00:23:36.168444 /Devices/IDE0/ATA0/Unit0/AtapiDMA               1009 times
00:23:36.168447 /Devices/IDE0/ATA0/Unit0/AtapiPIO               2334 times
00:23:36.168450 /Devices/IDE0/ATA0/Unit0/DMA                       0 times
00:23:36.168452 /Devices/IDE0/ATA0/Unit0/PIO                       0 times
00:23:36.168455 /Devices/IDE0/ATA0/Unit0/ReadBytes         164022272 bytes
00:23:36.168458 /Devices/IDE0/ATA0/Unit0/StatusYields           1036 ticks/call (     6395861 ticks,    6172 calls, max     34515, min     780)
00:23:36.168462 /Devices/IDE0/ATA0/Unit0/WrittenBytes              0 bytes
00:23:36.168465 /Devices/IDE0/ATA0/Unit1/AtapiDMA                  0 times
00:23:36.168467 /Devices/IDE0/ATA0/Unit1/AtapiPIO                  0 times
00:23:36.168470 /Devices/IDE0/ATA0/Unit1/DMA                       0 times
00:23:36.168473 /Devices/IDE0/ATA0/Unit1/PIO                       0 times
00:23:36.168476 /Devices/IDE0/ATA0/Unit1/ReadBytes                 0 bytes
00:23:36.168479 /Devices/IDE0/ATA0/Unit1/StatusYields              0 ticks/call (           0 ticks,       0 calls, max         0, min      -1)
00:23:36.168482 /Devices/IDE0/ATA0/Unit1/WrittenBytes              0 bytes
00:23:36.168485 /Devices/IDE0/ATA1/Unit0/AtapiDMA                  0 times
00:23:36.168487 /Devices/IDE0/ATA1/Unit0/AtapiPIO                  0 times
00:23:36.168490 /Devices/IDE0/ATA1/Unit0/DMA                       0 times
00:23:36.168493 /Devices/IDE0/ATA1/Unit0/PIO                       0 times
00:23:36.168496 /Devices/IDE0/ATA1/Unit0/ReadBytes                 0 bytes
00:23:36.168498 /Devices/IDE0/ATA1/Unit0/StatusYields              0 ticks/call (           0 ticks,       0 calls, max         0, min      -1)
00:23:36.168502 /Devices/IDE0/ATA1/Unit0/WrittenBytes              0 bytes
00:23:36.168504 /Devices/IDE0/ATA1/Unit1/AtapiDMA                  0 times
00:23:36.168507 /Devices/IDE0/ATA1/Unit1/AtapiPIO                  0 times
00:23:36.168510 /Devices/IDE0/ATA1/Unit1/DMA                       0 times
00:23:36.168513 /Devices/IDE0/ATA1/Unit1/PIO                       0 times
00:23:36.168515 /Devices/IDE0/ATA1/Unit1/ReadBytes                 0 bytes
00:23:36.168518 /Devices/IDE0/ATA1/Unit1/StatusYields              0 ticks/call (           0 ticks,       0 calls, max         0, min      -1)
00:23:36.168521 /Devices/IDE0/ATA1/Unit1/WrittenBytes              0 bytes
00:23:36.168524 /Devices/VMMDev/BalloonChunks                      0 count
00:23:36.168526 /Devices/VMMDev/FastIrqAckR3                       0 count
00:23:36.168529 /Devices/VMMDev/FastIrqAckRZ                       0 count
00:23:36.168532 /Devices/VMMDev/HGCM-Kernel/BudgetAvailable 328930304 bytes
00:23:36.168535 /Devices/VMMDev/HGCM-Kernel/BudgetConfig   328930304 bytes
00:23:36.168538 /Devices/VMMDev/HGCM-Kernel/BudgetOverruns         0 bytes
00:23:36.168540 /Devices/VMMDev/HGCM-Kernel/MessageHeapUsage         0 bytes/call (           0 bytes,       0 calls, max         0, min      -1)
00:23:36.168543 /Devices/VMMDev/HGCM-Root/BudgetAvailable  328930304 bytes
00:23:36.168546 /Devices/VMMDev/HGCM-Root/BudgetConfig     328930304 bytes
00:23:36.168549 /Devices/VMMDev/HGCM-Root/BudgetOverruns           0 bytes
00:23:36.168551 /Devices/VMMDev/HGCM-Root/MessageHeapUsage         0 bytes/call (           0 bytes,       0 calls, max         0, min      -1)
00:23:36.168554 /Devices/VMMDev/HGCM-User/BudgetAvailable  328930304 bytes
00:23:36.168557 /Devices/VMMDev/HGCM-User/BudgetConfig     328930304 bytes
00:23:36.168560 /Devices/VMMDev/HGCM-User/BudgetOverruns           0 bytes
00:23:36.168563 /Devices/VMMDev/HGCM-User/MessageHeapUsage         0 bytes/call (           0 bytes,       0 calls, max         0, min      -1)
00:23:36.168566 /Devices/VMMDev/LargeReqBufAllocs                  0 count
00:23:36.168568 /Devices/VMMDev/SlowIrqAck                         0 count
00:23:36.168573 /Devices/apic/0                                78499 times
00:23:36.168582 /Devices/apic/0/Vectors/21                       312 times
00:23:36.168585 /Devices/apic/0/Vectors/23                     18727 times
00:23:36.168589 /Devices/apic/0/Vectors/30                        58 times
00:23:36.168606 /Devices/apic/0/Vectors/ec                     33071 times
00:23:36.168610 /Devices/apic/0/Vectors/fb                     20284 times
00:23:36.168613 /Devices/apic/0/Vectors/fd                      6047 times
00:23:36.168616 /Devices/apic/1                               120744 times
00:23:36.168621 /Devices/apic/1/Vectors/22                       906 times
00:23:36.168624 /Devices/apic/1/Vectors/23                       411 times
00:23:36.168626 /Devices/apic/1/Vectors/24                      1355 times
00:23:36.168629 /Devices/apic/1/Vectors/25                     41742 times
00:23:36.168646 /Devices/apic/1/Vectors/ec                     46422 times
00:23:36.168650 /Devices/apic/1/Vectors/fb                     25461 times
00:23:36.168653 /Devices/apic/1/Vectors/fd                      4447 times
00:23:36.168657 /Devices/e1000#0/ReceiveBytes                   2432 bytes
00:23:36.168659 /Devices/e1000#0/TransmitBytes                  1754 bytes
00:23:36.168662 /Devices/e1000#0/iStatIntLost                      0 ns
00:23:36.168665 /Devices/e1000#0/iStatIntLostOne                   0 ns
00:23:36.168668 /Devices/e1000#0/u64ArmedAt                        0 ns
00:23:36.168671 /Devices/e1000#0/uStatDescCtx                      3 ns
00:23:36.168673 /Devices/e1000#0/uStatDescDat                      3 ns
00:23:36.168676 /Devices/e1000#0/uStatDescLeg                     11 ns
00:23:36.168679 /Devices/e1000#0/uStatInt                        411 ns
00:23:36.168682 /Devices/e1000#0/uStatIntEarly                     0 ns
00:23:36.168685 /Devices/e1000#0/uStatIntICS                     387 ns
00:23:36.168688 /Devices/e1000#0/uStatIntIMS                       1 ns
00:23:36.168691 /Devices/e1000#0/uStatIntLate                      1 ns
00:23:36.168694 /Devices/e1000#0/uStatIntLower                     0 ns
00:23:36.168697 /Devices/e1000#0/uStatIntMasked                    1 ns
00:23:36.168699 /Devices/e1000#0/uStatIntRDTR                      0 ns
00:23:36.168702 /Devices/e1000#0/uStatIntRXDMT0                    0 ns
00:23:36.168705 /Devices/e1000#0/uStatIntRx                       11 ns
00:23:36.168708 /Devices/e1000#0/uStatIntSkip                     15 ns
00:23:36.168711 /Devices/e1000#0/uStatIntTXQE                      0 ns
00:23:36.168713 /Devices/e1000#0/uStatIntTry                     427 ns
00:23:36.168716 /Devices/e1000#0/uStatIntTx                       14 ns
00:23:36.168719 /Devices/e1000#0/uStatMaxTxDelay                   0 ns
00:23:36.168722 /Devices/e1000#0/uStatNoIntICR                     0 ns
00:23:36.168724 /Devices/e1000#0/uStatRAD                          0 ns
00:23:36.168727 /Devices/e1000#0/uStatRID                          0 ns
00:23:36.168730 /Devices/e1000#0/uStatRxFrm                       11 ns
00:23:36.168733 /Devices/e1000#0/uStatTAD                          0 ns
00:23:36.168736 /Devices/e1000#0/uStatTID                          0 ns
00:23:36.168738 /Devices/e1000#0/uStatTx1514                      14 ns
00:23:36.168741 /Devices/e1000#0/uStatTx16384                      0 ns
00:23:36.168744 /Devices/e1000#0/uStatTx2962                       0 ns
00:23:36.168747 /Devices/e1000#0/uStatTx32768                      0 ns
00:23:36.168749 /Devices/e1000#0/uStatTx4410                       0 ns
00:23:36.168752 /Devices/e1000#0/uStatTx5858                       0 ns
00:23:36.168755 /Devices/e1000#0/uStatTx7306                       0 ns
00:23:36.168757 /Devices/e1000#0/uStatTx8754                       0 ns
00:23:36.168760 /Devices/e1000#0/uStatTxDelayExp                   0 ns
00:23:36.168763 /Devices/e1000#0/uStatTxDelayed                    0 ns
00:23:36.168766 /Devices/e1000#0/uStatTxFrm                       14 ns
00:23:36.168769 /Devices/e1000#0/uStatTxIDE                        0 ns
00:23:36.168773 /Devices/e1000#0/uStatTxLarge                      0 ns
00:23:36.168775 /Devices/e1000#0/uStatTxNoRS                       3 ns
00:23:36.168779 /Devices/ichac97/Stream0/ReSetUp-Change          117 ns/call (        2120 ns,      18 calls, max       280, min      90)
00:23:36.168783 /Devices/ichac97/Stream0/Reset                  7806 ns/call (       15613 ns,       2 calls, max     15193, min     420)
00:23:36.168786 /Devices/ichac97/Stream0/WriteBdBar                2 times
00:23:36.168789 /Devices/ichac97/Stream0/WriteCr                   4 times
00:23:36.168792 /Devices/ichac97/Stream0/reg-CR                    0 
00:23:36.168795 /Devices/ichac97/Stream0/reg-SR                    1 
00:23:36.168798 /Devices/ichac97/Stream1/DMABufSize            12288 bytes
00:23:36.168801 /Devices/ichac97/Stream1/DMASkippedDch            62 times
00:23:36.168804 /Devices/ichac97/Stream1/DMASkippedPendingBCIS         2 times
00:23:36.168807 /Devices/ichac97/Stream1/FrameSize                 4 bytes
00:23:36.168809 /Devices/ichac97/Stream1/Hz                    48000 Hz
00:23:36.168812 /Devices/ichac97/Stream1/ReSetUp-Change          200 ns/call (        3610 ns,      18 calls, max      1090, min      90)
00:23:36.168816 /Devices/ichac97/Stream1/Reset                   230 ns/call (      152540 ns,     662 calls, max      1020, min       1)
00:23:36.168819 /Devices/ichac97/Stream1/Start                303818 ns/call (   201128025 ns,     662 calls, max   2270872, min       2)
00:23:36.168822 /Devices/ichac97/Stream1/Stop                   4303 ns/call (     2840292 ns,     660 calls, max   1264435, min       2)
00:23:36.168825 /Devices/ichac97/Stream1/WriteBdBar              664 times
00:23:36.168828 /Devices/ichac97/Stream1/WriteCr                1986 times
00:23:36.168831 /Devices/ichac97/Stream1/WriteLvi              60892 times
00:23:36.168834 /Devices/ichac97/Stream1/WriteSr-1byte         60892 times
00:23:36.168837 /Devices/ichac97/Stream1/cbTransferChunk         608 bytes
00:23:36.168840 /Devices/ichac97/Stream1/offRead           247076448 bytes
00:23:36.168842 /Devices/ichac97/Stream1/reg-CR                   11 
00:23:36.168845 /Devices/ichac97/Stream1/reg-SR                    0 
00:23:36.168851 /Devices/ichac97/Stream2/ReSetUp-Change          129 ns/call (        2331 ns,      18 calls, max       491, min      90)
00:23:36.168856 /Devices/ichac97/Stream2/Reset                    55 ns/call (         110 ns,       2 calls, max        60, min      50)
00:23:36.168859 /Devices/ichac97/Stream2/WriteBdBar                2 times
00:23:36.168862 /Devices/ichac97/Stream2/WriteCr                   4 times
00:23:36.168866 /Devices/ichac97/Stream2/reg-CR                    0 
00:23:36.168868 /Devices/ichac97/Stream2/reg-SR                    1 
00:23:36.168871 /Devices/ichac97/UnimplementedNabmReads            0 times
00:23:36.168874 /Devices/ichac97/UnimplementedNabmWrites         662 times
00:23:36.168876 /Devices/ichac97/UnimplementedNamReads             0 times
00:23:36.168879 /Devices/ichac97/UnimplementedNamWrites          248 times
00:23:36.168911 /Devices/mc146818/Irq                              0 times
00:23:36.168915 /Devices/mc146818/IrqClear                         0 times
00:23:36.168918 /Devices/mc146818/PiActive                         0 ticks/call (           0 ticks,       0 calls, max         0, min      -1)
00:23:36.168922 /Devices/mc146818/PieFlip                          0 times
00:23:36.168925 /Devices/mc146818/TimerCB                          0 times
00:23:36.168929 /Devices/vga/HgmsiMdaCgaAccesses                   0 times
00:23:36.168932 /Devices/vga/VMSVGA/Cmd/3dActivateSurface          0 times
00:23:36.168935 /Devices/vga/VMSVGA/Cmd/3dBeginQuery               0 times
00:23:36.168939 /Devices/vga/VMSVGA/Cmd/3dBlitSurfaceToScreenProf         0 ticks/call (           0 ticks,       0 calls, max         0, min      -1)
00:23:36.168943 /Devices/vga/VMSVGA/Cmd/3dClear                    0 times
00:23:36.168947 /Devices/vga/VMSVGA/Cmd/3dContextDefine            0 times
00:23:36.168951 /Devices/vga/VMSVGA/Cmd/3dContextDestroy           0 times
00:23:36.168956 /Devices/vga/VMSVGA/Cmd/3dDeactivateSurface         0 times
00:23:36.168960 /Devices/vga/VMSVGA/Cmd/3dDrawPrimitives           0 times
00:23:36.168963 /Devices/vga/VMSVGA/Cmd/3dEndQuery                 0 times
00:23:36.168968 /Devices/vga/VMSVGA/Cmd/3dGenerateMipmaps          0 times
00:23:36.168971 /Devices/vga/VMSVGA/Cmd/3dPresent                  0 times
00:23:36.168975 /Devices/vga/VMSVGA/Cmd/3dPresentReadBack          0 times
00:23:36.168980 /Devices/vga/VMSVGA/Cmd/3dSetClipPlane             0 times
00:23:36.168984 /Devices/vga/VMSVGA/Cmd/3dSetLightData             0 times
00:23:36.168988 /Devices/vga/VMSVGA/Cmd/3dSetLightEnable           0 times
00:23:36.168993 /Devices/vga/VMSVGA/Cmd/3dSetMaterial              0 times
00:23:36.168997 /Devices/vga/VMSVGA/Cmd/3dSetRenderState           0 times
00:23:36.169002 /Devices/vga/VMSVGA/Cmd/3dSetRenderTarget          0 times
00:23:36.169006 /Devices/vga/VMSVGA/Cmd/3dSetScissorRect           0 times
00:23:36.169010 /Devices/vga/VMSVGA/Cmd/3dSetShader                0 times
00:23:36.169015 /Devices/vga/VMSVGA/Cmd/3dSetShaderConst           0 times
00:23:36.169020 /Devices/vga/VMSVGA/Cmd/3dSetTextureState          0 times
00:23:36.169025 /Devices/vga/VMSVGA/Cmd/3dSetTransform             0 times
00:23:36.169030 /Devices/vga/VMSVGA/Cmd/3dSetViewPort              0 times
00:23:36.169034 /Devices/vga/VMSVGA/Cmd/3dSetZRange                0 times
00:23:36.169039 /Devices/vga/VMSVGA/Cmd/3dShaderDefine             0 times
00:23:36.169044 /Devices/vga/VMSVGA/Cmd/3dShaderDestroy            0 times
00:23:36.169048 /Devices/vga/VMSVGA/Cmd/3dSurfaceCopy              0 times
00:23:36.169053 /Devices/vga/VMSVGA/Cmd/3dSurfaceDefine            0 times
00:23:36.169057 /Devices/vga/VMSVGA/Cmd/3dSurfaceDefineV2          0 times
00:23:36.169061 /Devices/vga/VMSVGA/Cmd/3dSurfaceDestroy           0 times
00:23:36.169065 /Devices/vga/VMSVGA/Cmd/3dSurfaceDma               0 times
00:23:36.169070 /Devices/vga/VMSVGA/Cmd/3dSurfaceScreen            0 times
00:23:36.169075 /Devices/vga/VMSVGA/Cmd/3dSurfaceStretchBlt         0 times
00:23:36.169080 /Devices/vga/VMSVGA/Cmd/3dWaitForQuery             0 times
00:23:36.169084 /Devices/vga/VMSVGA/Cmd/AnnotationCopy             0 times
00:23:36.169089 /Devices/vga/VMSVGA/Cmd/AnnotationFill             0 times
00:23:36.169093 /Devices/vga/VMSVGA/Cmd/BlitGmrFbToScreen          0 times
00:23:36.169096 /Devices/vga/VMSVGA/Cmd/BlitScreentoGmrFb          0 times
00:23:36.169104 /Devices/vga/VMSVGA/Cmd/DefineAlphaCursor          0 times
00:23:36.169108 /Devices/vga/VMSVGA/Cmd/DefineCursor               0 times
00:23:36.169112 /Devices/vga/VMSVGA/Cmd/DefineGmr2                 0 times
00:23:36.169116 /Devices/vga/VMSVGA/Cmd/DefineGmr2/Free            0 times
00:23:36.169121 /Devices/vga/VMSVGA/Cmd/DefineGmr2/Modify          0 times
00:23:36.169125 /Devices/vga/VMSVGA/Cmd/DefineGmrFb                0 times
00:23:36.169127 /Devices/vga/VMSVGA/Cmd/DefineScreen               0 times
00:23:36.169130 /Devices/vga/VMSVGA/Cmd/DestroyScreen              0 times
00:23:36.169133 /Devices/vga/VMSVGA/Cmd/DisplayCursor              0 times
00:23:36.169136 /Devices/vga/VMSVGA/Cmd/Escape                     0 times
00:23:36.169138 /Devices/vga/VMSVGA/Cmd/Fence                      0 times
00:23:36.169141 /Devices/vga/VMSVGA/Cmd/InvalidCmd                 0 times
00:23:36.169145 /Devices/vga/VMSVGA/Cmd/MoveCursor                 0 times
00:23:36.169147 /Devices/vga/VMSVGA/Cmd/RectCopy                   0 times
00:23:36.169150 /Devices/vga/VMSVGA/Cmd/RectFill                   0 times
00:23:36.169153 /Devices/vga/VMSVGA/Cmd/RectRopCopy                0 times
00:23:36.169155 /Devices/vga/VMSVGA/Cmd/RemapGmr2                  0 times
00:23:36.169158 /Devices/vga/VMSVGA/Cmd/RemapGmr2/Modify           0 times
00:23:36.169160 /Devices/vga/VMSVGA/Cmd/Update                     0 times
00:23:36.169164 /Devices/vga/VMSVGA/Cmd/UpdateVerbose              0 times
00:23:36.169167 /Devices/vga/VMSVGA/EmtDelayOnBusyFifo             0 ticks/call (           0 ticks,       0 calls, max         0, min      -1)
00:23:36.169170 /Devices/vga/VMSVGA/FifoCommands                   0 times
00:23:36.169173 /Devices/vga/VMSVGA/FifoCursorFetchAgain           0 times
00:23:36.169176 /Devices/vga/VMSVGA/FifoCursorNoChange             0 times
00:23:36.169178 /Devices/vga/VMSVGA/FifoCursorPosition             0 times
00:23:36.169181 /Devices/vga/VMSVGA/FifoCursorVisiblity            0 times
00:23:36.169184 /Devices/vga/VMSVGA/FifoErrors                     0 times
00:23:36.169186 /Devices/vga/VMSVGA/FifoExtendedSleep      53624815276 ticks/call (5362481527689 ticks,     100 calls, max 58392334806, min    6669)
00:23:36.169190 /Devices/vga/VMSVGA/FifoStalls                     0 ticks/call (           0 ticks,       0 calls, max         0, min      -1)
00:23:36.169193 /Devices/vga/VMSVGA/FifoTodoTimeout                0 times
00:23:36.169196 /Devices/vga/VMSVGA/FifoTodoWoken                  0 times
00:23:36.169198 /Devices/vga/VMSVGA/FifoUnknownCommands            0 times
00:23:36.169201 /Devices/vga/VMSVGA/FifoWatchdogWakeUps            0 times
00:23:36.169208 /Devices/vga/VMSVGA/Reg/BitsPerPixelRead           0 times
00:23:36.169211 /Devices/vga/VMSVGA/Reg/BitsPerPixelWrite          0 times
00:23:36.169216 /Devices/vga/VMSVGA/Reg/BlueMaskRead               0 times
00:23:36.169219 /Devices/vga/VMSVGA/Reg/BusyRead                   0 times
00:23:36.169222 /Devices/vga/VMSVGA/Reg/BusyWrite                  0 times
00:23:36.169225 /Devices/vga/VMSVGA/Reg/BytesPerLineRead           0 times
00:23:36.169228 /Devices/vga/VMSVGA/Reg/CapabilitesRead            0 times
00:23:36.169231 /Devices/vga/VMSVGA/Reg/CmdPrependHighRead         0 times
00:23:36.169235 /Devices/vga/VMSVGA/Reg/CmdPrependHighWrite         0 times
00:23:36.169238 /Devices/vga/VMSVGA/Reg/CmdPrependLowRead          0 times
00:23:36.169240 /Devices/vga/VMSVGA/Reg/CmdPrependLowWrite         0 times
00:23:36.169243 /Devices/vga/VMSVGA/Reg/CommandHighRead            0 times
00:23:36.169246 /Devices/vga/VMSVGA/Reg/CommandHighWrite           0 times
00:23:36.169249 /Devices/vga/VMSVGA/Reg/CommandLowRead             0 times
00:23:36.169252 /Devices/vga/VMSVGA/Reg/CommandLowWrite            0 times
00:23:36.169255 /Devices/vga/VMSVGA/Reg/ConfigDoneRead             0 times
00:23:36.169258 /Devices/vga/VMSVGA/Reg/ConfigDoneWrite            0 times
00:23:36.169261 /Devices/vga/VMSVGA/Reg/CursorIdRead               0 times
00:23:36.169265 /Devices/vga/VMSVGA/Reg/CursorIdWrite              0 times
00:23:36.169268 /Devices/vga/VMSVGA/Reg/CursorMobIdWrite           0 times
00:23:36.169271 /Devices/vga/VMSVGA/Reg/CursorOnRead               0 times
00:23:36.169275 /Devices/vga/VMSVGA/Reg/CursorOnWrite              0 times
00:23:36.169278 /Devices/vga/VMSVGA/Reg/CursorXRead                0 times
00:23:36.169280 /Devices/vga/VMSVGA/Reg/CursorXWrite               0 times
00:23:36.169283 /Devices/vga/VMSVGA/Reg/CursorYRead                0 times
00:23:36.169286 /Devices/vga/VMSVGA/Reg/CursorYWrite               0 times
00:23:36.169289 /Devices/vga/VMSVGA/Reg/DepthRead                  0 times
00:23:36.169292 /Devices/vga/VMSVGA/Reg/DepthWrite                 0 times
00:23:36.169295 /Devices/vga/VMSVGA/Reg/DevCapRead                 0 times
00:23:36.169297 /Devices/vga/VMSVGA/Reg/DevCapWrite                0 times
00:23:36.169300 /Devices/vga/VMSVGA/Reg/DisplayHeightRead          0 times
00:23:36.169303 /Devices/vga/VMSVGA/Reg/DisplayHeightWrite         0 times
00:23:36.169306 /Devices/vga/VMSVGA/Reg/DisplayIdRead              0 times
00:23:36.169308 /Devices/vga/VMSVGA/Reg/DisplayIdWrite             0 times
00:23:36.169312 /Devices/vga/VMSVGA/Reg/DisplayIsPrimaryRead         0 times
00:23:36.169315 /Devices/vga/VMSVGA/Reg/DisplayIsPrimaryWrite         0 times
00:23:36.169318 /Devices/vga/VMSVGA/Reg/DisplayPositionXRead         0 times
00:23:36.169322 /Devices/vga/VMSVGA/Reg/DisplayPositionXWrite         0 times
00:23:36.169325 /Devices/vga/VMSVGA/Reg/DisplayPositionYRead         0 times
00:23:36.169328 /Devices/vga/VMSVGA/Reg/DisplayPositionYWrite         0 times
00:23:36.169331 /Devices/vga/VMSVGA/Reg/DisplayWidthRead           0 times
00:23:36.169334 /Devices/vga/VMSVGA/Reg/DisplayWidthWrite          0 times
00:23:36.169337 /Devices/vga/VMSVGA/Reg/EnableRead                 0 times
00:23:36.169340 /Devices/vga/VMSVGA/Reg/EnableWrite                0 times
00:23:36.169344 /Devices/vga/VMSVGA/Reg/FbOffsetRead               0 times
00:23:36.169346 /Devices/vga/VMSVGA/Reg/FbSizeRead                 0 times
00:23:36.169349 /Devices/vga/VMSVGA/Reg/FbStartRead                0 times
00:23:36.169352 /Devices/vga/VMSVGA/Reg/GBMemSizeRead              0 times
00:23:36.169356 /Devices/vga/VMSVGA/Reg/GmrDescriptorWrite         0 times
00:23:36.169358 /Devices/vga/VMSVGA/Reg/GmrDescriptorWrite/Errors         0 times
00:23:36.169361 /Devices/vga/VMSVGA/Reg/GmrDescriptorWrite/Free         0 times
00:23:36.169364 /Devices/vga/VMSVGA/Reg/GmrIdRead                  0 times
00:23:36.169367 /Devices/vga/VMSVGA/Reg/GmrIdWrite                 0 times
00:23:36.169370 /Devices/vga/VMSVGA/Reg/GmrMaxDescriptorLengthRead         0 times
00:23:36.169373 /Devices/vga/VMSVGA/Reg/GmrMaxIdsRead              0 times
00:23:36.169376 /Devices/vga/VMSVGA/Reg/GmrsMaxPagesRead           0 times
00:23:36.169378 /Devices/vga/VMSVGA/Reg/GreenMaskRead              0 times
00:23:36.169381 /Devices/vga/VMSVGA/Reg/GuestIdRead                0 times
00:23:36.169384 /Devices/vga/VMSVGA/Reg/GuestIdWrite               0 times
00:23:36.169387 /Devices/vga/VMSVGA/Reg/HeightRead                 0 times
00:23:36.169390 /Devices/vga/VMSVGA/Reg/HeightWrite                0 times
00:23:36.169392 /Devices/vga/VMSVGA/Reg/HostBitsPerPixelRead         0 times
00:23:36.169395 /Devices/vga/VMSVGA/Reg/IdRead                     0 times
00:23:36.169398 /Devices/vga/VMSVGA/Reg/IdWrite                    0 times
00:23:36.169401 /Devices/vga/VMSVGA/Reg/IrqMaskRead                0 times
00:23:36.169404 /Devices/vga/VMSVGA/Reg/IrqMaskWrite               0 times
00:23:36.169407 /Devices/vga/VMSVGA/Reg/MaxHeightRead              0 times
00:23:36.169410 /Devices/vga/VMSVGA/Reg/MaxPrimBBMemRead           0 times
00:23:36.169413 /Devices/vga/VMSVGA/Reg/MaxWidthRead               0 times
00:23:36.169416 /Devices/vga/VMSVGA/Reg/MemRegsRead                0 times
00:23:36.169419 /Devices/vga/VMSVGA/Reg/MemSizeRead                0 times
00:23:36.169422 /Devices/vga/VMSVGA/Reg/MemStartRead               0 times
00:23:36.169425 /Devices/vga/VMSVGA/Reg/MemorySizeRead             0 times
00:23:36.169427 /Devices/vga/VMSVGA/Reg/MobMaxSizeRead             0 times
00:23:36.169430 /Devices/vga/VMSVGA/Reg/NumDisplaysRead            0 times
00:23:36.169433 /Devices/vga/VMSVGA/Reg/NumDisplaysWrite           0 times
00:23:36.169435 /Devices/vga/VMSVGA/Reg/NumGuestDisplaysRead         0 times
00:23:36.169438 /Devices/vga/VMSVGA/Reg/NumGuestDisplaysWrite         0 times
00:23:36.169441 /Devices/vga/VMSVGA/Reg/PaletteRead                0 times
00:23:36.169444 /Devices/vga/VMSVGA/Reg/PaletteWrite               0 times
00:23:36.169447 /Devices/vga/VMSVGA/Reg/PitchLockRead              0 times
00:23:36.169449 /Devices/vga/VMSVGA/Reg/PitchLockWrite             0 times
00:23:36.169453 /Devices/vga/VMSVGA/Reg/PseudoColorWrite           0 times
00:23:36.169456 /Devices/vga/VMSVGA/Reg/PsuedoColorRead            0 times
00:23:36.169459 /Devices/vga/VMSVGA/Reg/ReadOnlyWrite              0 times
00:23:36.169461 /Devices/vga/VMSVGA/Reg/RedMaskRead                0 times
00:23:36.169464 /Devices/vga/VMSVGA/Reg/ScratchRead                0 times
00:23:36.169467 /Devices/vga/VMSVGA/Reg/ScratchSizeRead            0 times
00:23:36.169470 /Devices/vga/VMSVGA/Reg/ScratchWrite               0 times
00:23:36.169472 /Devices/vga/VMSVGA/Reg/ScrnTgtMaxHeightRead         0 times
00:23:36.169476 /Devices/vga/VMSVGA/Reg/ScrnTgtMaxWidthRead         0 times
00:23:36.169479 /Devices/vga/VMSVGA/Reg/SyncRead                   0 times
00:23:36.169482 /Devices/vga/VMSVGA/Reg/SyncWrite                  0 times
00:23:36.169485 /Devices/vga/VMSVGA/Reg/TopRead                    0 times
00:23:36.169488 /Devices/vga/VMSVGA/Reg/TopWrite                   0 times
00:23:36.169490 /Devices/vga/VMSVGA/Reg/TracesRead                 0 times
00:23:36.169493 /Devices/vga/VMSVGA/Reg/TracesWrite                0 times
00:23:36.169496 /Devices/vga/VMSVGA/Reg/UnknownRead                0 times
00:23:36.169500 /Devices/vga/VMSVGA/Reg/UnknownWrite               0 times
00:23:36.169502 /Devices/vga/VMSVGA/Reg/VramSizeRead               0 times
00:23:36.169505 /Devices/vga/VMSVGA/Reg/WidthRead                  0 times
00:23:36.169508 /Devices/vga/VMSVGA/Reg/WidthWrite                 0 times
00:23:36.169511 /Devices/vga/VMSVGA/Reg/WriteOnlyRead              0 times
00:23:36.169515 /Drivers/AUDIO-0/TotalStreamsCreated               1 count
00:23:36.169518 /Drivers/AUDIO-1/TotalStreamsCreated               0 count
00:23:36.169521 /Drivers/AUDIO-2/TotalStreamsCreated               0 count
00:23:36.169538 /EM/CPU0/ExitHashing/Used                          0 times
00:23:36.169542 /EM/CPU0/ExitOpt/Exec                              0 ticks/call (           0 ticks,       0 calls, max         0, min      -1)
00:23:36.169546 /EM/CPU0/ExitOpt/ExecInstructions                  0 times
00:23:36.169550 /EM/CPU0/ExitOpt/ExecRetReasonForcedFlag           0 times
00:23:36.169553 /EM/CPU0/ExitOpt/ExecRetReasonHostInterrupt         0 times
00:23:36.169556 /EM/CPU0/ExitOpt/ExecRetReasonLongJump             0 times
00:23:36.169558 /EM/CPU0/ExitOpt/ExecRetReasonMaxDistance          0 times
00:23:36.169562 /EM/CPU0/ExitOpt/ExecRetReasonMaxInstructions         0 times
00:23:36.169565 /EM/CPU0/ExitOpt/ExecRetReasonNormal               0 times
00:23:36.169567 /EM/CPU0/ExitOpt/ExecRetReasonTimer                0 times
00:23:36.169570 /EM/CPU0/ExitOpt/ExecSavedExit                     0 times
00:23:36.169573 /EM/CPU0/ExitOpt/Probe                             0 ticks/call (           0 ticks,       0 calls, max         0, min      -1)
00:23:36.169577 /EM/CPU0/ExitOpt/ProbeInstructions                 0 times
00:23:36.169580 /EM/CPU0/ExitOpt/ProbedExecWithMax                 0 times
00:23:36.169583 /EM/CPU0/ExitOpt/ProbedNormal                      0 times
00:23:36.169586 /EM/CPU0/ExitOpt/ProbedToRing3                     0 times
00:23:36.169600 /EM/CPU1/ExitHashing/Used                          0 times
00:23:36.169603 /EM/CPU1/ExitOpt/Exec                              0 ticks/call (           0 ticks,       0 calls, max         0, min      -1)
00:23:36.169607 /EM/CPU1/ExitOpt/ExecInstructions                  0 times
00:23:36.169610 /EM/CPU1/ExitOpt/ExecRetReasonForcedFlag           0 times
00:23:36.169613 /EM/CPU1/ExitOpt/ExecRetReasonHostInterrupt         0 times
00:23:36.169616 /EM/CPU1/ExitOpt/ExecRetReasonLongJump             0 times
00:23:36.169619 /EM/CPU1/ExitOpt/ExecRetReasonMaxDistance          0 times
00:23:36.169622 /EM/CPU1/ExitOpt/ExecRetReasonMaxInstructions         0 times
00:23:36.169625 /EM/CPU1/ExitOpt/ExecRetReasonNormal               0 times
00:23:36.169628 /EM/CPU1/ExitOpt/ExecRetReasonTimer                0 times
00:23:36.169631 /EM/CPU1/ExitOpt/ExecSavedExit                     0 times
00:23:36.169634 /EM/CPU1/ExitOpt/Probe                             0 ticks/call (           0 ticks,       0 calls, max         0, min      -1)
00:23:36.169637 /EM/CPU1/ExitOpt/ProbeInstructions                 0 times
00:23:36.169640 /EM/CPU1/ExitOpt/ProbedExecWithMax                 0 times
00:23:36.169643 /EM/CPU1/ExitOpt/ProbedNormal                      0 times
00:23:36.169646 /EM/CPU1/ExitOpt/ProbedToRing3                     0 times
00:23:36.169650 /GMM/ChunkTlbHits                             175246 times
00:23:36.169653 /GMM/ChunkTlbMisses                              432 times
00:23:36.169662 /GMM/VM/Allocated/cBasePages                  154215 pages
00:23:36.169666 /GMM/VM/Allocated/cFixedPages                      0 pages
00:23:36.169669 /GMM/VM/Allocated/cShadowPages                     0 pages
00:23:36.169671 /GMM/VM/Reserved/cBasePages                   524391 pages
00:23:36.169674 /GMM/VM/Reserved/cFixedPages                    5636 pages
00:23:36.169677 /GMM/VM/Reserved/cShadowPages                      1 pages
00:23:36.169680 /GMM/VM/cBalloonedPages                            0 pages
00:23:36.169683 /GMM/VM/cMaxBalloonedPages                         0 pages
00:23:36.169686 /GMM/VM/cPrivatePages                         154215 pages
00:23:36.169689 /GMM/VM/cReqActuallyBalloonedPages                 0 pages
00:23:36.169692 /GMM/VM/cReqBalloonedPages                         0 pages
00:23:36.169695 /GMM/VM/cReqDeflatePages                           0 pages
00:23:36.169697 /GMM/VM/cShareableModules                          0 count
00:23:36.169700 /GMM/VM/cSharedPages                               0 pages
00:23:36.169703 /GMM/VM/enmPolicy                                  1 
00:23:36.169706 /GMM/VM/enmPriority                                2 
00:23:36.169709 /GMM/VM/fBallooningEnabled                 false    
00:23:36.169712 /GMM/VM/fMayAllocate                       true     
00:23:36.169715 /GMM/VM/fSharedPagingEnabled               false    
00:23:36.169718 /GMM/cAllocatedPages                          154215 pages
00:23:36.169721 /GMM/cBalloonedPages                               0 pages
00:23:36.169724 /GMM/cChunks                                     302 count
00:23:36.169727 /GMM/cDuplicatePages                               0 pages
00:23:36.169730 /GMM/cFreedChunks                                  0 count
00:23:36.169733 /GMM/cLeftBehindSharedPages                        0 pages
00:23:36.169736 /GMM/cMaxPages                             4294967295 pages
00:23:36.169739 /GMM/cOverCommittedPages                           0 pages
00:23:36.169742 /GMM/cReservedPages                           530028 pages
00:23:36.169745 /GMM/cShareableModules                             0 count
00:23:36.169748 /GMM/cSharedPages                                  0 pages
00:23:36.169751 /GMM/idFreeGeneration                      4611686018427387775 
00:23:36.169913 /GVMM/EMTs                                         2 count
00:23:36.169917 /GVMM/HostCPUs                                    12 count
00:23:36.169920 /GVMM/HostCpus/0                                   0 
00:23:36.169923 /GVMM/HostCpus/0/CurTimerHz                        0 Hz
00:23:36.169926 /GVMM/HostCpus/0/DesiredHz                         0 Hz
00:23:36.169929 /GVMM/HostCpus/0/PPTChanges                        0 times
00:23:36.169932 /GVMM/HostCpus/0/PPTStarts                         7 times
00:23:36.169934 /GVMM/HostCpus/0/idxCpuSet                         0 
00:23:36.169937 /GVMM/HostCpus/1                                   1 
00:23:36.169940 /GVMM/HostCpus/1/CurTimerHz                        0 Hz
00:23:36.169943 /GVMM/HostCpus/1/DesiredHz                         0 Hz
00:23:36.169946 /GVMM/HostCpus/1/PPTChanges                        0 times
00:23:36.169949 /GVMM/HostCpus/1/PPTStarts                        72 times
00:23:36.169952 /GVMM/HostCpus/1/idxCpuSet                         1 
00:23:36.169955 /GVMM/HostCpus/10                                 10 
00:23:36.169958 /GVMM/HostCpus/10/CurTimerHz                       0 Hz
00:23:36.169961 /GVMM/HostCpus/10/DesiredHz                        0 Hz
00:23:36.169964 /GVMM/HostCpus/10/PPTChanges                       0 times
00:23:36.169967 /GVMM/HostCpus/10/PPTStarts                       92 times
00:23:36.169970 /GVMM/HostCpus/10/idxCpuSet                       10 
00:23:36.169973 /GVMM/HostCpus/11                                 11 
00:23:36.169976 /GVMM/HostCpus/11/CurTimerHz                       0 Hz
00:23:36.169979 /GVMM/HostCpus/11/DesiredHz                        0 Hz
00:23:36.169982 /GVMM/HostCpus/11/PPTChanges                       0 times
00:23:36.169986 /GVMM/HostCpus/11/PPTStarts                        4 times
00:23:36.169989 /GVMM/HostCpus/11/idxCpuSet                       11 
00:23:36.169992 /GVMM/HostCpus/2                                   2 
00:23:36.169995 /GVMM/HostCpus/2/CurTimerHz                        0 Hz
00:23:36.169998 /GVMM/HostCpus/2/DesiredHz                         0 Hz
00:23:36.170002 /GVMM/HostCpus/2/PPTChanges                        0 times
00:23:36.170004 /GVMM/HostCpus/2/PPTStarts                       141 times
00:23:36.170008 /GVMM/HostCpus/2/idxCpuSet                         2 
00:23:36.170011 /GVMM/HostCpus/3                                   3 
00:23:36.170014 /GVMM/HostCpus/3/CurTimerHz                        0 Hz
00:23:36.170017 /GVMM/HostCpus/3/DesiredHz                         0 Hz
00:23:36.170020 /GVMM/HostCpus/3/PPTChanges                        0 times
00:23:36.170023 /GVMM/HostCpus/3/PPTStarts                        57 times
00:23:36.170026 /GVMM/HostCpus/3/idxCpuSet                         3 
00:23:36.170029 /GVMM/HostCpus/4                                   4 
00:23:36.170032 /GVMM/HostCpus/4/CurTimerHz                        0 Hz
00:23:36.170036 /GVMM/HostCpus/4/DesiredHz                         0 Hz
00:23:36.170039 /GVMM/HostCpus/4/PPTChanges                        0 times
00:23:36.170042 /GVMM/HostCpus/4/PPTStarts                       160 times
00:23:36.170045 /GVMM/HostCpus/4/idxCpuSet                         4 
00:23:36.170048 /GVMM/HostCpus/5                                   5 
00:23:36.170051 /GVMM/HostCpus/5/CurTimerHz                        0 Hz
00:23:36.170054 /GVMM/HostCpus/5/DesiredHz                         0 Hz
00:23:36.170057 /GVMM/HostCpus/5/PPTChanges                        0 times
00:23:36.170060 /GVMM/HostCpus/5/PPTStarts                       130 times
00:23:36.170064 /GVMM/HostCpus/5/idxCpuSet                         5 
00:23:36.170069 /GVMM/HostCpus/6                                   6 
00:23:36.170076 /GVMM/HostCpus/6/CurTimerHz                        0 Hz
00:23:36.170080 /GVMM/HostCpus/6/DesiredHz                         0 Hz
00:23:36.170083 /GVMM/HostCpus/6/PPTChanges                        0 times
00:23:36.170086 /GVMM/HostCpus/6/PPTStarts                        42 times
00:23:36.170089 /GVMM/HostCpus/6/idxCpuSet                         6 
00:23:36.170092 /GVMM/HostCpus/7                                   7 
00:23:36.170095 /GVMM/HostCpus/7/CurTimerHz                        0 Hz
00:23:36.170097 /GVMM/HostCpus/7/DesiredHz                         0 Hz
00:23:36.170100 /GVMM/HostCpus/7/PPTChanges                        0 times
00:23:36.170103 /GVMM/HostCpus/7/PPTStarts                        63 times
00:23:36.170106 /GVMM/HostCpus/7/idxCpuSet                         7 
00:23:36.170109 /GVMM/HostCpus/8                                   8 
00:23:36.170112 /GVMM/HostCpus/8/CurTimerHz                        0 Hz
00:23:36.170115 /GVMM/HostCpus/8/DesiredHz                         0 Hz
00:23:36.170118 /GVMM/HostCpus/8/PPTChanges                        0 times
00:23:36.170121 /GVMM/HostCpus/8/PPTStarts                       155 times
00:23:36.170123 /GVMM/HostCpus/8/idxCpuSet                         8 
00:23:36.170126 /GVMM/HostCpus/9                                   9 
00:23:36.170129 /GVMM/HostCpus/9/CurTimerHz                        0 Hz
00:23:36.170132 /GVMM/HostCpus/9/DesiredHz                         0 Hz
00:23:36.170135 /GVMM/HostCpus/9/PPTChanges                        0 times
00:23:36.170137 /GVMM/HostCpus/9/PPTStarts                        95 times
00:23:36.170140 /GVMM/HostCpus/9/idxCpuSet                         9 
00:23:36.170143 /GVMM/Sum/HaltBlocking                        452623 calls
00:23:36.170146 /GVMM/Sum/HaltCalls                           452622 calls
00:23:36.170149 /GVMM/Sum/HaltNotBlocking                          0 calls
00:23:36.170152 /GVMM/Sum/HaltTimeouts                        349507 calls
00:23:36.170155 /GVMM/Sum/HaltWakeUps                              0 calls
00:23:36.170158 /GVMM/Sum/PokeCalls                             8385 calls
00:23:36.170162 /GVMM/Sum/PokeNotBusy                            334 calls
00:23:36.170166 /GVMM/Sum/PollCalls                             1514 calls
00:23:36.170168 /GVMM/Sum/PollHalts                                0 calls
00:23:36.170172 /GVMM/Sum/PollWakeUps                              0 calls
00:23:36.170175 /GVMM/Sum/WakeUpCalls                         103134 calls
00:23:36.170178 /GVMM/Sum/WakeUpNotHalted                        402 calls
00:23:36.170181 /GVMM/Sum/WakeUpWakeUps                            0 calls
00:23:36.170184 /GVMM/VCpus/0/Start                                0 ticks/call (           0 ticks,       0 calls, max         0, min       0)
00:23:36.170187 /GVMM/VCpus/0/Stop                                 0 ticks/call (           0 ticks,       0 calls, max         0, min       0)
00:23:36.170191 /GVMM/VCpus/0/cWakeUpTimerCanceled                 0 times
00:23:36.170194 /GVMM/VCpus/0/cWakeUpTimerHits                     0 times
00:23:36.170198 /GVMM/VCpus/0/cWakeUpTimerMisses                   0 times
00:23:36.170200 /GVMM/VCpus/0/cWakeUpTimerSameCpu                  0 times
00:23:36.170204 /GVMM/VCpus/1/Start                                0 ticks/call (           0 ticks,       0 calls, max         0, min       0)
00:23:36.170208 /GVMM/VCpus/1/Stop                                 0 ticks/call (           0 ticks,       0 calls, max         0, min       0)
00:23:36.170211 /GVMM/VCpus/1/cWakeUpTimerCanceled                 0 times
00:23:36.170214 /GVMM/VCpus/1/cWakeUpTimerHits                     0 times
00:23:36.170218 /GVMM/VCpus/1/cWakeUpTimerMisses                   0 times
00:23:36.170221 /GVMM/VCpus/1/cWakeUpTimerSameCpu                  0 times
00:23:36.170224 /GVMM/VM/HaltBlocking                         452623 calls
00:23:36.170227 /GVMM/VM/HaltCalls                            452622 calls
00:23:36.170230 /GVMM/VM/HaltNotBlocking                           0 calls
00:23:36.170234 /GVMM/VM/HaltTimeouts                         349507 calls
00:23:36.170237 /GVMM/VM/HaltWakeUps                               0 calls
00:23:36.170239 /GVMM/VM/PokeCalls                              8385 calls
00:23:36.170243 /GVMM/VM/PokeNotBusy                             334 calls
00:23:36.170246 /GVMM/VM/PollCalls                              1514 calls
00:23:36.170249 /GVMM/VM/PollHalts                                 0 calls
00:23:36.170253 /GVMM/VM/PollWakeUps                               0 calls
00:23:36.170256 /GVMM/VM/WakeUpCalls                          103134 calls
00:23:36.170259 /GVMM/VM/WakeUpNotHalted                         402 calls
00:23:36.170262 /GVMM/VM/WakeUpWakeUps                             0 calls
00:23:36.170265 /GVMM/VMs                                          1 count
00:23:36.170268 /HGCM/FailedPageListLocking                        0 count
00:23:36.170271 /HGCM/LargeCmdAllocs                               0 count
00:23:36.170274 /HGCM/MsgArrival                                   0 ticks/call (           0 ticks,       0 calls, max         0, min      -1)
00:23:36.170278 /HGCM/MsgCompletion                                0 ticks/call (           0 ticks,       0 calls, max         0, min      -1)
00:23:36.170281 /HGCM/MsgTotal                                     0 ticks/call (           0 ticks,       0 calls, max         0, min      -1)
00:23:36.170284 /HM/CPU0/Exit/HostNmiInGC                          0 times
00:23:36.170287 /HM/CPU0/Exit/HostNmiInGCIpi                       0 times
00:23:36.170291 /HM/CPU0/Exit/PreemptTimer                         0 times
00:23:36.170294 /HM/CPU0/Exit/Trap/Gst/#AC                         0 times
00:23:36.170297 /HM/CPU0/ImportGuestStateFallback                  0 times
00:23:36.170300 /HM/CPU0/ReadToTransientFallback                   0 times
00:23:36.170303 /HM/CPU0/Switch/Preempting                      2591 times
00:23:36.170307 /HM/CPU1/Exit/HostNmiInGC                          0 times
00:23:36.170310 /HM/CPU1/Exit/HostNmiInGCIpi                       0 times
00:23:36.170314 /HM/CPU1/Exit/PreemptTimer                         0 times
00:23:36.170317 /HM/CPU1/Exit/Trap/Gst/#AC                         0 times
00:23:36.170321 /HM/CPU1/ImportGuestStateFallback                  0 times
00:23:36.170323 /HM/CPU1/ReadToTransientFallback                   0 times
00:23:36.170327 /HM/CPU1/Switch/Preempting                       565 times
00:23:36.170357 /IEM/CPU0/Tlb/Code/InvlPg                          0 
00:23:36.170360 /IEM/CPU0/Tlb/Code/InvlPg/LargeGlobal              0 
00:23:36.170363 /IEM/CPU0/Tlb/Code/InvlPg/LargeNonGlobal           0 
00:23:36.170365 /IEM/CPU0/Tlb/Code/LargePageGlobalCurLoads         0 count
00:23:36.170368 /IEM/CPU0/Tlb/Code/LargePageGlobalFirstTag ffffffffffffffff count
00:23:36.170371 /IEM/CPU0/Tlb/Code/LargePageGlobalLastTag          0 count
00:23:36.170374 /IEM/CPU0/Tlb/Code/LargePageNonGlobalCurLoads         0 count
00:23:36.170377 /IEM/CPU0/Tlb/Code/LargePageNonGlobalFirstTag ffffffffffffffff count
00:23:36.170380 /IEM/CPU0/Tlb/Code/LargePageNonGlobalLastTag         0 count
00:23:36.170382 /IEM/CPU0/Tlb/Code/Misses                          0 count
00:23:36.170385 /IEM/CPU0/Tlb/Code/Misses/GlobalLoads              0 count
00:23:36.170388 /IEM/CPU0/Tlb/Code/PhysicalRevision        fffffffffffce000 
00:23:36.170391 /IEM/CPU0/Tlb/Code/PhysicalRevisionFlushes         0 
00:23:36.170394 /IEM/CPU0/Tlb/Code/PhysicalRevisionRollovers         0 
00:23:36.170397 /IEM/CPU0/Tlb/Code/RevisionGlobal          fffff38000000000 
00:23:36.170400 /IEM/CPU0/Tlb/Code/RevisionGlobalFlushes           0 
00:23:36.170403 /IEM/CPU0/Tlb/Code/RevisionNonGlobal       fffff38000000000 
00:23:36.170405 /IEM/CPU0/Tlb/Code/RevisionNonGlobalFlushes         0 
00:23:36.170408 /IEM/CPU0/Tlb/Code/RevisionRollovers               0 
00:23:36.170411 /IEM/CPU0/Tlb/Code/SlowReads                       0 count
00:23:36.170414 /IEM/CPU0/Tlb/Data/InvlPg                          0 
00:23:36.170417 /IEM/CPU0/Tlb/Data/InvlPg/LargeGlobal              0 
00:23:36.170419 /IEM/CPU0/Tlb/Data/InvlPg/LargeNonGlobal           0 
00:23:36.170422 /IEM/CPU0/Tlb/Data/LargePageGlobalCurLoads         0 count
00:23:36.170425 /IEM/CPU0/Tlb/Data/LargePageGlobalFirstTag ffffffffffffffff count
00:23:36.170428 /IEM/CPU0/Tlb/Data/LargePageGlobalLastTag          0 count
00:23:36.170430 /IEM/CPU0/Tlb/Data/LargePageNonGlobalCurLoads         0 count
00:23:36.170433 /IEM/CPU0/Tlb/Data/LargePageNonGlobalFirstTag ffffffffffffffff count
00:23:36.170436 /IEM/CPU0/Tlb/Data/LargePageNonGlobalLastTag         0 count
00:23:36.170439 /IEM/CPU0/Tlb/Data/Misses                          0 count
00:23:36.170442 /IEM/CPU0/Tlb/Data/Misses/Core                     0 count
00:23:36.170445 /IEM/CPU0/Tlb/Data/Misses/Core/GlobalLoads         0 count
00:23:36.170448 /IEM/CPU0/Tlb/Data/Misses/Safe                     0 count
00:23:36.170451 /IEM/CPU0/Tlb/Data/Misses/Safe/Reads               0 count
00:23:36.170454 /IEM/CPU0/Tlb/Data/Misses/Safe/SubPartHits         0 count
00:23:36.170456 /IEM/CPU0/Tlb/Data/Misses/Safe/SubPartMisses         0 count
00:23:36.170459 /IEM/CPU0/Tlb/Data/Misses/Safe/SubPartMisses/GlobalLoads         0 count
00:23:36.170462 /IEM/CPU0/Tlb/Data/Misses/Safe/Writes              0 count
00:23:36.170465 /IEM/CPU0/Tlb/Data/PhysicalRevision        fffffffffffce000 
00:23:36.170467 /IEM/CPU0/Tlb/Data/PhysicalRevisionFlushes         0 
00:23:36.170470 /IEM/CPU0/Tlb/Data/PhysicalRevisionRollovers         0 
00:23:36.170473 /IEM/CPU0/Tlb/Data/RevisionGlobal          fffff38000000000 
00:23:36.170476 /IEM/CPU0/Tlb/Data/RevisionGlobalFlushes           0 
00:23:36.170478 /IEM/CPU0/Tlb/Data/RevisionNonGlobal       fffff38000000000 
00:23:36.170481 /IEM/CPU0/Tlb/Data/RevisionNonGlobalFlushes         0 
00:23:36.170484 /IEM/CPU0/Tlb/Data/RevisionRollovers               0 
00:23:36.170487 /IEM/CPU0/cInstructions                        49770 count
00:23:36.170490 /IEM/CPU0/cLongJumps                               1 bytes
00:23:36.170493 /IEM/CPU0/cMisalignedAtomics                       0 count
00:23:36.170497 /IEM/CPU0/cPendingCommit                           0 count
00:23:36.170500 /IEM/CPU0/cPotentialExits                      23747 count
00:23:36.170503 /IEM/CPU0/cRetAspectNotImplemented                 0 count
00:23:36.170505 /IEM/CPU0/cRetErrStatuses                          0 count
00:23:36.170508 /IEM/CPU0/cRetInfStatuses                      71352 count
00:23:36.170511 /IEM/CPU0/cRetInstrNotImplemented                  0 count
00:23:36.170531 /IEM/CPU1/Tlb/Code/InvlPg                          0 
00:23:36.170534 /IEM/CPU1/Tlb/Code/InvlPg/LargeGlobal              0 
00:23:36.170536 /IEM/CPU1/Tlb/Code/InvlPg/LargeNonGlobal           0 
00:23:36.170539 /IEM/CPU1/Tlb/Code/LargePageGlobalCurLoads         0 count
00:23:36.170542 /IEM/CPU1/Tlb/Code/LargePageGlobalFirstTag ffffffffffffffff count
00:23:36.170544 /IEM/CPU1/Tlb/Code/LargePageGlobalLastTag          0 count
00:23:36.170547 /IEM/CPU1/Tlb/Code/LargePageNonGlobalCurLoads         0 count
00:23:36.170550 /IEM/CPU1/Tlb/Code/LargePageNonGlobalFirstTag ffffffffffffffff count
00:23:36.170552 /IEM/CPU1/Tlb/Code/LargePageNonGlobalLastTag         0 count
00:23:36.170555 /IEM/CPU1/Tlb/Code/Misses                          0 count
00:23:36.170558 /IEM/CPU1/Tlb/Code/Misses/GlobalLoads              0 count
00:23:36.170561 /IEM/CPU1/Tlb/Code/PhysicalRevision        fffffffffffce000 
00:23:36.170564 /IEM/CPU1/Tlb/Code/PhysicalRevisionFlushes         0 
00:23:36.170566 /IEM/CPU1/Tlb/Code/PhysicalRevisionRollovers         0 
00:23:36.170569 /IEM/CPU1/Tlb/Code/RevisionGlobal          fffff38000000000 
00:23:36.170572 /IEM/CPU1/Tlb/Code/RevisionGlobalFlushes           0 
00:23:36.170575 /IEM/CPU1/Tlb/Code/RevisionNonGlobal       fffff38000000000 
00:23:36.170578 /IEM/CPU1/Tlb/Code/RevisionNonGlobalFlushes         0 
00:23:36.170581 /IEM/CPU1/Tlb/Code/RevisionRollovers               0 
00:23:36.170583 /IEM/CPU1/Tlb/Code/SlowReads                       0 count
00:23:36.170587 /IEM/CPU1/Tlb/Data/InvlPg                          0 
00:23:36.170589 /IEM/CPU1/Tlb/Data/InvlPg/LargeGlobal              0 
00:23:36.170592 /IEM/CPU1/Tlb/Data/InvlPg/LargeNonGlobal           0 
00:23:36.170595 /IEM/CPU1/Tlb/Data/LargePageGlobalCurLoads         0 count
00:23:36.170598 /IEM/CPU1/Tlb/Data/LargePageGlobalFirstTag ffffffffffffffff count
00:23:36.170601 /IEM/CPU1/Tlb/Data/LargePageGlobalLastTag          0 count
00:23:36.170603 /IEM/CPU1/Tlb/Data/LargePageNonGlobalCurLoads         0 count
00:23:36.170606 /IEM/CPU1/Tlb/Data/LargePageNonGlobalFirstTag ffffffffffffffff count
00:23:36.170609 /IEM/CPU1/Tlb/Data/LargePageNonGlobalLastTag         0 count
00:23:36.170612 /IEM/CPU1/Tlb/Data/Misses                          0 count
00:23:36.170614 /IEM/CPU1/Tlb/Data/Misses/Core                     0 count
00:23:36.170617 /IEM/CPU1/Tlb/Data/Misses/Core/GlobalLoads         0 count
00:23:36.170620 /IEM/CPU1/Tlb/Data/Misses/Safe                     0 count
00:23:36.170623 /IEM/CPU1/Tlb/Data/Misses/Safe/Reads               0 count
00:23:36.170625 /IEM/CPU1/Tlb/Data/Misses/Safe/SubPartHits         0 count
00:23:36.170628 /IEM/CPU1/Tlb/Data/Misses/Safe/SubPartMisses         0 count
00:23:36.170631 /IEM/CPU1/Tlb/Data/Misses/Safe/SubPartMisses/GlobalLoads         0 count
00:23:36.170633 /IEM/CPU1/Tlb/Data/Misses/Safe/Writes              0 count
00:23:36.170636 /IEM/CPU1/Tlb/Data/PhysicalRevision        fffffffffffce000 
00:23:36.170639 /IEM/CPU1/Tlb/Data/PhysicalRevisionFlushes         0 
00:23:36.170641 /IEM/CPU1/Tlb/Data/PhysicalRevisionRollovers         0 
00:23:36.170644 /IEM/CPU1/Tlb/Data/RevisionGlobal          fffff38000000000 
00:23:36.170647 /IEM/CPU1/Tlb/Data/RevisionGlobalFlushes           0 
00:23:36.170649 /IEM/CPU1/Tlb/Data/RevisionNonGlobal       fffff38000000000 
00:23:36.170652 /IEM/CPU1/Tlb/Data/RevisionNonGlobalFlushes         0 
00:23:36.170655 /IEM/CPU1/Tlb/Data/RevisionRollovers               0 
00:23:36.170658 /IEM/CPU1/cInstructions                        84938 count
00:23:36.170661 /IEM/CPU1/cLongJumps                            1635 bytes
00:23:36.170664 /IEM/CPU1/cMisalignedAtomics                       0 count
00:23:36.170667 /IEM/CPU1/cPendingCommit                           0 count
00:23:36.170670 /IEM/CPU1/cPotentialExits                       1637 count
00:23:36.170673 /IEM/CPU1/cRetAspectNotImplemented                 0 count
00:23:36.170676 /IEM/CPU1/cRetErrStatuses                          0 count
00:23:36.170679 /IEM/CPU1/cRetInfStatuses                     112988 count
00:23:36.170682 /IEM/CPU1/cRetInstrNotImplemented                  0 count
00:23:36.170685 /IOM/MmioMappingsStale                             0 ticks/call
00:23:36.170688 /IOM/MmioTooDeepRecursion                          0 times
00:23:36.170691 /PDM/BlkCache/cbCached                             0 bytes
00:23:36.170694 /PDM/BlkCache/cbCachedFru                          0 bytes
00:23:36.170697 /PDM/BlkCache/cbCachedMruIn                        0 bytes
00:23:36.170700 /PDM/BlkCache/cbCachedMruOut                       0 bytes
00:23:36.170702 /PDM/BlkCache/cbMax                          5242880 bytes
00:23:36.170706 /PDM/CritSects/00-AbortedEnters                    0 times
00:23:36.170709 /PDM/CritSects/00-EntersWhileAborting              0 times
00:23:36.170711 /PDM/CritSects/00-Non-interruptible-Waits-VINF_SUCCESS         0 times
00:23:36.170714 /PDM/CritSects/00-QueuedLeaves                     0 times
00:23:36.170717 /PDM/CritSects/00-VERR_INTERRUPTED                 0 times
00:23:36.170719 /PDM/CritSects/00-VERR_TIMEOUT                     0 times
00:23:36.170722 /PDM/CritSects/8237A#0Auto/ContentionR3            0 times
00:23:36.170725 /PDM/CritSects/8237A#0Auto/ContentionR3Wait         0 ticks/time (           0 ticks,       0 times, max         0, min      -1)
00:23:36.170728 /PDM/CritSects/8237A#0Auto/ContentionRZLock         0 times
00:23:36.170731 /PDM/CritSects/8237A#0Auto/ContentionRZLockBusy         0 times
00:23:36.170733 /PDM/CritSects/8237A#0Auto/ContentionRZUnlock         0 times
00:23:36.170736 /PDM/CritSects/8237A#0Auto/ContentionRZWait         0 ticks/time (           0 ticks,       0 times, max         0, min      -1)
00:23:36.170739 /PDM/CritSects/AC'97/ContentionR3                 11 times
00:23:36.170742 /PDM/CritSects/AC'97/ContentionR3Wait        1052462 ticks/time (    11577082 ticks,      11 times, max   2853552, min   19617)
00:23:36.170745 /PDM/CritSects/AC'97/ContentionRZLock              4 times
00:23:36.170748 /PDM/CritSects/AC'97/ContentionRZLockBusy          0 times
00:23:36.170750 /PDM/CritSects/AC'97/ContentionRZUnlock            0 times
00:23:36.170753 /PDM/CritSects/AC'97/ContentionRZWait         315048 ticks/time (     1260192 ticks,       4 times, max    776918, min   55700)
00:23:36.170757 /PDM/CritSects/AHCI#0/ContentionR3                 1 times
00:23:36.170759 /PDM/CritSects/AHCI#0/ContentionR3Wait          6435 ticks/time (        6435 ticks,       1 times, max      6435, min    6435)
00:23:36.170762 /PDM/CritSects/AHCI#0/ContentionRZLock             0 times
00:23:36.170765 /PDM/CritSects/AHCI#0/ContentionRZLockBusy         0 times
00:23:36.170768 /PDM/CritSects/AHCI#0/ContentionRZUnlock           0 times
00:23:36.170770 /PDM/CritSects/AHCI#0/ContentionRZWait             0 ticks/time (           0 ticks,       0 times, max         0, min      -1)
00:23:36.170773 /PDM/CritSects/ATA#0-Ctl/ContentionR3            188 times
00:23:36.170776 /PDM/CritSects/ATA#0-Ctl/ContentionR3Wait      17069 ticks/time (     3209130 ticks,     188 times, max     83070, min    5733)
00:23:36.170779 /PDM/CritSects/ATA#0-Ctl/ContentionRZLock          4 times
00:23:36.170782 /PDM/CritSects/ATA#0-Ctl/ContentionRZLockBusy         0 times
00:23:36.170784 /PDM/CritSects/ATA#0-Ctl/ContentionRZUnlock         0 times
00:23:36.170787 /PDM/CritSects/ATA#0-Ctl/ContentionRZWait      42373 ticks/time (      169493 ticks,       4 times, max     58227, min   32564)
00:23:36.170790 /PDM/CritSects/ATA#0-Req/ContentionR3              0 times
00:23:36.170793 /PDM/CritSects/ATA#0-Req/ContentionR3Wait          0 ticks/time (           0 ticks,       0 times, max         0, min      -1)
00:23:36.170797 /PDM/CritSects/ATA#0-Req/ContentionRZLock          0 times
00:23:36.170800 /PDM/CritSects/ATA#0-Req/ContentionRZLockBusy         0 times
00:23:36.170803 /PDM/CritSects/ATA#0-Req/ContentionRZUnlock         0 times
00:23:36.170806 /PDM/CritSects/ATA#0-Req/ContentionRZWait          0 ticks/time (           0 ticks,       0 times, max         0, min      -1)
00:23:36.170809 /PDM/CritSects/ATA#1-Ctl/ContentionR3              0 times
00:23:36.170812 /PDM/CritSects/ATA#1-Ctl/ContentionR3Wait          0 ticks/time (           0 ticks,       0 times, max         0, min      -1)
00:23:36.170815 /PDM/CritSects/ATA#1-Ctl/ContentionRZLock          0 times
00:23:36.170817 /PDM/CritSects/ATA#1-Ctl/ContentionRZLockBusy         0 times
00:23:36.170820 /PDM/CritSects/ATA#1-Ctl/ContentionRZUnlock         0 times
00:23:36.170823 /PDM/CritSects/ATA#1-Ctl/ContentionRZWait          0 ticks/time (           0 ticks,       0 times, max         0, min      -1)
00:23:36.170826 /PDM/CritSects/ATA#1-Req/ContentionR3              0 times
00:23:36.170828 /PDM/CritSects/ATA#1-Req/ContentionR3Wait          0 ticks/time (           0 ticks,       0 times, max         0, min      -1)
00:23:36.170831 /PDM/CritSects/ATA#1-Req/ContentionRZLock          0 times
00:23:36.170834 /PDM/CritSects/ATA#1-Req/ContentionRZLockBusy         0 times
00:23:36.170837 /PDM/CritSects/ATA#1-Req/ContentionRZUnlock         0 times
00:23:36.170840 /PDM/CritSects/ATA#1-Req/ContentionRZWait          0 ticks/time (           0 ticks,       0 times, max         0, min      -1)
00:23:36.170843 /PDM/CritSects/E1000#0/ContentionR3                0 times
00:23:36.170846 /PDM/CritSects/E1000#0/ContentionR3Wait            0 ticks/time (           0 ticks,       0 times, max         0, min      -1)
00:23:36.170849 /PDM/CritSects/E1000#0/ContentionRZLock            0 times
00:23:36.170852 /PDM/CritSects/E1000#0/ContentionRZLockBusy         0 times
00:23:36.170855 /PDM/CritSects/E1000#0/ContentionRZUnlock          0 times
00:23:36.170857 /PDM/CritSects/E1000#0/ContentionRZWait            0 ticks/time (           0 ticks,       0 times, max         0, min      -1)
00:23:36.170860 /PDM/CritSects/E1000#0RX/ContentionR3              0 times
00:23:36.170863 /PDM/CritSects/E1000#0RX/ContentionR3Wait          0 ticks/time (           0 ticks,       0 times, max         0, min      -1)
00:23:36.170866 /PDM/CritSects/E1000#0RX/ContentionRZLock          0 times
00:23:36.170868 /PDM/CritSects/E1000#0RX/ContentionRZLockBusy         0 times
00:23:36.170871 /PDM/CritSects/E1000#0RX/ContentionRZUnlock         0 times
00:23:36.170874 /PDM/CritSects/E1000#0RX/ContentionRZWait          0 ticks/time (           0 ticks,       0 times, max         0, min      -1)
00:23:36.170876 /PDM/CritSects/E1000#0TX/ContentionR3              0 times
00:23:36.170879 /PDM/CritSects/E1000#0TX/ContentionR3Wait          0 ticks/time (           0 ticks,       0 times, max         0, min      -1)
00:23:36.170882 /PDM/CritSects/E1000#0TX/ContentionRZLock          0 times
00:23:36.170885 /PDM/CritSects/E1000#0TX/ContentionRZLockBusy         0 times
00:23:36.170887 /PDM/CritSects/E1000#0TX/ContentionRZUnlock         0 times
00:23:36.170890 /PDM/CritSects/E1000#0TX/ContentionRZWait          0 ticks/time (           0 ticks,       0 times, max         0, min      -1)
00:23:36.170893 /PDM/CritSects/EHCI#0Irq/ContentionR3              0 times
00:23:36.170896 /PDM/CritSects/EHCI#0Irq/ContentionR3Wait          0 ticks/time (           0 ticks,       0 times, max         0, min      -1)
00:23:36.170899 /PDM/CritSects/EHCI#0Irq/ContentionRZLock          0 times
00:23:36.170901 /PDM/CritSects/EHCI#0Irq/ContentionRZLockBusy         0 times
00:23:36.170904 /PDM/CritSects/EHCI#0Irq/ContentionRZUnlock         0 times
00:23:36.170907 /PDM/CritSects/EHCI#0Irq/ContentionRZWait          0 ticks/time (           0 ticks,       0 times, max         0, min      -1)
00:23:36.170910 /PDM/CritSects/GIMDev#0Auto/ContentionR3           0 times
00:23:36.170914 /PDM/CritSects/GIMDev#0Auto/ContentionR3Wait         0 ticks/time (           0 ticks,       0 times, max         0, min      -1)
00:23:36.170917 /PDM/CritSects/GIMDev#0Auto/ContentionRZLock         0 times
00:23:36.170920 /PDM/CritSects/GIMDev#0Auto/ContentionRZLockBusy         0 times
00:23:36.170923 /PDM/CritSects/GIMDev#0Auto/ContentionRZUnlock         0 times
00:23:36.170926 /PDM/CritSects/GIMDev#0Auto/ContentionRZWait         0 ticks/time (           0 ticks,       0 times, max         0, min      -1)
00:23:36.170929 /PDM/CritSects/NOP/ContentionR3                    0 times
00:23:36.170932 /PDM/CritSects/NOP/ContentionR3Wait                0 ticks/time (           0 ticks,       0 times, max         0, min      -1)
00:23:36.170935 /PDM/CritSects/NOP/ContentionRZLock                0 times
00:23:36.170938 /PDM/CritSects/NOP/ContentionRZLockBusy            0 times
00:23:36.170941 /PDM/CritSects/NOP/ContentionRZUnlock              0 times
00:23:36.170943 /PDM/CritSects/NOP/ContentionRZWait                0 ticks/time (           0 ticks,       0 times, max         0, min      -1)
00:23:36.170947 /PDM/CritSects/OHCI#0Irq/ContentionR3              1 times
00:23:36.170950 /PDM/CritSects/OHCI#0Irq/ContentionR3Wait      32019 ticks/time (       32019 ticks,       1 times, max     32019, min   32019)
00:23:36.170953 /PDM/CritSects/OHCI#0Irq/ContentionRZLock          0 times
00:23:36.170955 /PDM/CritSects/OHCI#0Irq/ContentionRZLockBusy         0 times
00:23:36.170958 /PDM/CritSects/OHCI#0Irq/ContentionRZUnlock         0 times
00:23:36.170961 /PDM/CritSects/OHCI#0Irq/ContentionRZWait          0 ticks/time (           0 ticks,       0 times, max         0, min      -1)
00:23:36.170964 /PDM/CritSects/PDM/ContentionR3                    8 times
00:23:36.170967 /PDM/CritSects/PDM/ContentionR3Wait            30907 ticks/time (      247260 ticks,       8 times, max     46605, min   11076)
00:23:36.170970 /PDM/CritSects/PDM/ContentionRZLock                3 times
00:23:36.170972 /PDM/CritSects/PDM/ContentionRZLockBusy            0 times
00:23:36.170975 /PDM/CritSects/PDM/ContentionRZUnlock              0 times
00:23:36.170978 /PDM/CritSects/PDM/ContentionRZWait            50752 ticks/time (      152256 ticks,       3 times, max     69147, min   38727)
00:23:36.170981 /PDM/CritSects/PGM/ContentionR3                 1025 times
00:23:36.170985 /PDM/CritSects/PGM/ContentionR3Wait           182656 ticks/time (   187223018 ticks,    1025 times, max   3446907, min    7332)
00:23:36.170988 /PDM/CritSects/PGM/ContentionRZLock               39 times
00:23:36.170991 /PDM/CritSects/PGM/ContentionRZLockBusy            0 times
00:23:36.170994 /PDM/CritSects/PGM/ContentionRZUnlock              0 times
00:23:36.170997 /PDM/CritSects/PGM/ContentionRZWait           549501 ticks/time (    21430545 ticks,      39 times, max   2940921, min   14274)
00:23:36.171000 /PDM/CritSects/TM VirtualSync Lock/ContentionR3       592 times
00:23:36.171003 /PDM/CritSects/TM VirtualSync Lock/ContentionR3Wait     48059 ticks/time (    28450999 ticks,     592 times, max    595530, min    5889)
00:23:36.171006 /PDM/CritSects/TM VirtualSync Lock/ContentionRZLock         7 times
00:23:36.171009 /PDM/CritSects/TM VirtualSync Lock/ContentionRZLockBusy         0 times
00:23:36.171011 /PDM/CritSects/TM VirtualSync Lock/ContentionRZUnlock         0 times
00:23:36.171014 /PDM/CritSects/TM VirtualSync Lock/ContentionRZWait    195983 ticks/time (     1371881 ticks,       7 times, max    528108, min   37167)
00:23:36.171017 /PDM/CritSects/TM real queue timer lock/ContentionR3         0 times
00:23:36.171020 /PDM/CritSects/TM real queue timer lock/ContentionR3Wait         0 ticks/time (           0 ticks,       0 times, max         0, min      -1)
00:23:36.171023 /PDM/CritSects/TM real queue timer lock/ContentionRZLock         0 times
00:23:36.171026 /PDM/CritSects/TM real queue timer lock/ContentionRZLockBusy         0 times
00:23:36.171029 /PDM/CritSects/TM real queue timer lock/ContentionRZUnlock         0 times
00:23:36.171032 /PDM/CritSects/TM real queue timer lock/ContentionRZWait         0 ticks/time (           0 ticks,       0 times, max         0, min      -1)
00:23:36.171036 /PDM/CritSects/TM tsc queue timer lock/ContentionR3         0 times
00:23:36.171039 /PDM/CritSects/TM tsc queue timer lock/ContentionR3Wait         0 ticks/time (           0 ticks,       0 times, max         0, min      -1)
00:23:36.171042 /PDM/CritSects/TM tsc queue timer lock/ContentionRZLock         0 times
00:23:36.171044 /PDM/CritSects/TM tsc queue timer lock/ContentionRZLockBusy         0 times
00:23:36.171047 /PDM/CritSects/TM tsc queue timer lock/ContentionRZUnlock         0 times
00:23:36.171051 /PDM/CritSects/TM tsc queue timer lock/ContentionRZWait         0 ticks/time (           0 ticks,       0 times, max         0, min      -1)
00:23:36.171054 /PDM/CritSects/TM virtual queue timer lock/ContentionR3        19 times
00:23:36.171057 /PDM/CritSects/TM virtual queue timer lock/ContentionR3Wait     22912 ticks/time (       91650 ticks,       4 times, max     41886, min    8229)
00:23:36.171060 /PDM/CritSects/TM virtual queue timer lock/ContentionRZLock         0 times
00:23:36.171063 /PDM/CritSects/TM virtual queue timer lock/ContentionRZLockBusy         0 times
00:23:36.171065 /PDM/CritSects/TM virtual queue timer lock/ContentionRZUnlock         0 times
00:23:36.171068 /PDM/CritSects/TM virtual queue timer lock/ContentionRZWait         0 ticks/time (           0 ticks,       0 times, max         0, min      -1)
00:23:36.171071 /PDM/CritSects/TM virtual_sync queue timer lock/ContentionR3         0 times
00:23:36.171074 /PDM/CritSects/TM virtual_sync queue timer lock/ContentionR3Wait         0 ticks/time (           0 ticks,       0 times, max         0, min      -1)
00:23:36.171077 /PDM/CritSects/TM virtual_sync queue timer lock/ContentionRZLock         0 times
00:23:36.171080 /PDM/CritSects/TM virtual_sync queue timer lock/ContentionRZLockBusy         0 times
00:23:36.171083 /PDM/CritSects/TM virtual_sync queue timer lock/ContentionRZUnlock         0 times
00:23:36.171085 /PDM/CritSects/TM virtual_sync queue timer lock/ContentionRZWait         0 ticks/time (           0 ticks,       0 times, max         0, min      -1)
00:23:36.171088 /PDM/CritSects/VGA#0/ContentionR3                 33 times
00:23:36.171091 /PDM/CritSects/VGA#0/ContentionR3Wait         233964 ticks/time (     7720814 ticks,      33 times, max   2689011, min   54171)
00:23:36.171095 /PDM/CritSects/VGA#0/ContentionRZLock              4 times
00:23:36.171097 /PDM/CritSects/VGA#0/ContentionRZLockBusy          0 times
00:23:36.171100 /PDM/CritSects/VGA#0/ContentionRZUnlock            0 times
00:23:36.171103 /PDM/CritSects/VGA#0/ContentionRZWait         982361 ticks/time (     3929445 ticks,       4 times, max   1968369, min   47970)
00:23:36.171106 /PDM/CritSects/VGA#0_IRQ/ContentionR3              0 times
00:23:36.171108 /PDM/CritSects/VGA#0_IRQ/ContentionR3Wait          0 ticks/time (           0 ticks,       0 times, max         0, min      -1)
00:23:36.171111 /PDM/CritSects/VGA#0_IRQ/ContentionRZLock          0 times
00:23:36.171114 /PDM/CritSects/VGA#0_IRQ/ContentionRZLockBusy         0 times
00:23:36.171117 /PDM/CritSects/VGA#0_IRQ/ContentionRZUnlock         0 times
00:23:36.171119 /PDM/CritSects/VGA#0_IRQ/ContentionRZWait          0 ticks/time (           0 ticks,       0 times, max         0, min      -1)
00:23:36.171122 /PDM/CritSects/VMMDev#0/ContentionR3               0 times
00:23:36.171125 /PDM/CritSects/VMMDev#0/ContentionR3Wait           0 ticks/time (           0 ticks,       0 times, max         0, min      -1)
00:23:36.171128 /PDM/CritSects/VMMDev#0/ContentionRZLock           0 times
00:23:36.171130 /PDM/CritSects/VMMDev#0/ContentionRZLockBusy         0 times
00:23:36.171133 /PDM/CritSects/VMMDev#0/ContentionRZUnlock         0 times
00:23:36.171136 /PDM/CritSects/VMMDev#0/ContentionRZWait           0 ticks/time (           0 ticks,       0 times, max         0, min      -1)
00:23:36.171139 /PDM/CritSects/acpi#0/ContentionR3                 0 times
00:23:36.171225 /PDM/CritSects/acpi#0/ContentionR3Wait             0 ticks/time (           0 ticks,       0 times, max         0, min      -1)
00:23:36.171229 /PDM/CritSects/acpi#0/ContentionRZLock             0 times
00:23:36.171232 /PDM/CritSects/acpi#0/ContentionRZLockBusy         0 times
00:23:36.171235 /PDM/CritSects/acpi#0/ContentionRZUnlock           0 times
00:23:36.171238 /PDM/CritSects/acpi#0/ContentionRZWait             0 ticks/time (           0 ticks,       0 times, max         0, min      -1)
00:23:36.171241 /PDM/CritSects/mc146818#0Auto/ContentionR3         0 times
00:23:36.171243 /PDM/CritSects/mc146818#0Auto/ContentionR3Wait         0 ticks/time (           0 ticks,       0 times, max         0, min      -1)
00:23:36.171247 /PDM/CritSects/mc146818#0Auto/ContentionRZLock         0 times
00:23:36.171249 /PDM/CritSects/mc146818#0Auto/ContentionRZLockBusy         0 times
00:23:36.171252 /PDM/CritSects/mc146818#0Auto/ContentionRZUnlock         0 times
00:23:36.171256 /PDM/CritSects/mc146818#0Auto/ContentionRZWait         0 ticks/time (           0 ticks,       0 times, max         0, min      -1)
00:23:36.171259 /PDM/CritSects/pcarch#0Auto/ContentionR3           0 times
00:23:36.171261 /PDM/CritSects/pcarch#0Auto/ContentionR3Wait         0 ticks/time (           0 ticks,       0 times, max         0, min      -1)
00:23:36.171265 /PDM/CritSects/pcarch#0Auto/ContentionRZLock         0 times
00:23:36.171268 /PDM/CritSects/pcarch#0Auto/ContentionRZLockBusy         0 times
00:23:36.171271 /PDM/CritSects/pcarch#0Auto/ContentionRZUnlock         0 times
00:23:36.171274 /PDM/CritSects/pcarch#0Auto/ContentionRZWait         0 ticks/time (           0 ticks,       0 times, max         0, min      -1)
00:23:36.171277 /PDM/CritSects/pcbios#0Auto/ContentionR3           0 times
00:23:36.171280 /PDM/CritSects/pcbios#0Auto/ContentionR3Wait         0 ticks/time (           0 ticks,       0 times, max         0, min      -1)
00:23:36.171284 /PDM/CritSects/pcbios#0Auto/ContentionRZLock         0 times
00:23:36.171287 /PDM/CritSects/pcbios#0Auto/ContentionRZLockBusy         0 times
00:23:36.171290 /PDM/CritSects/pcbios#0Auto/ContentionRZUnlock         0 times
00:23:36.171293 /PDM/CritSects/pcbios#0Auto/ContentionRZWait         0 ticks/time (           0 ticks,       0 times, max         0, min      -1)
00:23:36.171297 /PDM/CritSects/pckbd#0Auto/ContentionR3            1 times
00:23:36.171300 /PDM/CritSects/pckbd#0Auto/ContentionR3Wait     41262 ticks/time (       41262 ticks,       1 times, max     41262, min   41262)
00:23:36.171304 /PDM/CritSects/pckbd#0Auto/ContentionRZLock         1 times
00:23:36.171307 /PDM/CritSects/pckbd#0Auto/ContentionRZLockBusy         0 times
00:23:36.171310 /PDM/CritSects/pckbd#0Auto/ContentionRZUnlock         0 times
00:23:36.171313 /PDM/CritSects/pckbd#0Auto/ContentionRZWait     99997 ticks/time (       99997 ticks,       1 times, max     99997, min   99997)
00:23:36.171316 /PDM/CritSects/pit#0/ContentionR3                  0 times
00:23:36.171319 /PDM/CritSects/pit#0/ContentionR3Wait              0 ticks/time (           0 ticks,       0 times, max         0, min      -1)
00:23:36.171323 /PDM/CritSects/pit#0/ContentionRZLock              0 times
00:23:36.171325 /PDM/CritSects/pit#0/ContentionRZLockBusy          0 times
00:23:36.171328 /PDM/CritSects/pit#0/ContentionRZUnlock            0 times
00:23:36.171331 /PDM/CritSects/pit#0/ContentionRZWait              0 ticks/time (           0 ticks,       0 times, max         0, min      -1)
00:23:36.171334 /PDM/CritSects/usb-ehci#0Auto/ContentionR3         0 times
00:23:36.171337 /PDM/CritSects/usb-ehci#0Auto/ContentionR3Wait         0 ticks/time (           0 ticks,       0 times, max         0, min      -1)
00:23:36.171340 /PDM/CritSects/usb-ehci#0Auto/ContentionRZLock         0 times
00:23:36.171343 /PDM/CritSects/usb-ehci#0Auto/ContentionRZLockBusy         0 times
00:23:36.171347 /PDM/CritSects/usb-ehci#0Auto/ContentionRZUnlock         0 times
00:23:36.171350 /PDM/CritSects/usb-ehci#0Auto/ContentionRZWait         0 ticks/time (           0 ticks,       0 times, max         0, min      -1)
00:23:36.171354 /PDM/CritSects/usb-ohci#0Auto/ContentionR3         1 times
00:23:36.171358 /PDM/CritSects/usb-ohci#0Auto/ContentionR3Wait     13962 ticks/time (       13962 ticks,       1 times, max     13962, min   13962)
00:23:36.171361 /PDM/CritSects/usb-ohci#0Auto/ContentionRZLock         1 times
00:23:36.171365 /PDM/CritSects/usb-ohci#0Auto/ContentionRZLockBusy         0 times
00:23:36.171367 /PDM/CritSects/usb-ohci#0Auto/ContentionRZUnlock         0 times
00:23:36.171370 /PDM/CritSects/usb-ohci#0Auto/ContentionRZWait     34086 ticks/time (       34086 ticks,       1 times, max     34086, min   34086)
00:23:36.171374 /PDM/CritSectsRw/00-EnterSharedWhileAborting         0 times
00:23:36.171377 /PDM/CritSectsRw/00-Excl-Non-interruptible-Waits-VINF_SUCCESS         0 times
00:23:36.171380 /PDM/CritSectsRw/00-Excl-VERR_INTERRUPTED          0 times
00:23:36.171383 /PDM/CritSectsRw/00-Excl-VERR_TIMEOUT              0 times
00:23:36.171386 /PDM/CritSectsRw/00-Shared-Non-interruptible-Waits-VINF_SUCCESS         0 times
00:23:36.171389 /PDM/CritSectsRw/00-Shared-VERR_INTERRUPTED         0 times
00:23:36.171391 /PDM/CritSectsRw/00-Shared-VERR_TIMEOUT            0 times
00:23:36.171395 /PDM/CritSectsRw/IOM Lock/ContentionR3EnterExcl         0 times
00:23:36.171398 /PDM/CritSectsRw/IOM Lock/ContentionR3EnterShared         0 times
00:23:36.171401 /PDM/CritSectsRw/IOM Lock/ContentionR3LeaveExcl         0 times
00:23:36.171405 /PDM/CritSectsRw/IOM Lock/ContentionRZEnterExcl         0 times
00:23:36.171408 /PDM/CritSectsRw/IOM Lock/ContentionRZEnterShared         0 times
00:23:36.171411 /PDM/CritSectsRw/IOM Lock/ContentionRZLeaveExcl         0 times
00:23:36.171414 /PDM/CritSectsRw/IOM Lock/ContentionRZLeaveShared         0 times
00:23:36.171417 /PDM/CritSectsRw/IOM Lock/R3EnterExcl            499 times
00:23:36.171420 /PDM/CritSectsRw/IOM Lock/R3EnterShared        50897 times
00:23:36.171423 /PDM/CritSectsRw/IOM Lock/RZEnterExcl              0 times
00:23:36.171426 /PDM/CritSectsRw/IOM Lock/RZEnterShared      2262841 times
00:23:36.171429 /PDM/CritSectsRw/TM real queue alloc lock/ContentionR3EnterExcl         0 times
00:23:36.171432 /PDM/CritSectsRw/TM real queue alloc lock/ContentionR3EnterShared         0 times
00:23:36.171434 /PDM/CritSectsRw/TM real queue alloc lock/ContentionR3LeaveExcl         0 times
00:23:36.171437 /PDM/CritSectsRw/TM real queue alloc lock/ContentionRZEnterExcl         0 times
00:23:36.171440 /PDM/CritSectsRw/TM real queue alloc lock/ContentionRZEnterShared         0 times
00:23:36.171443 /PDM/CritSectsRw/TM real queue alloc lock/ContentionRZLeaveExcl         0 times
00:23:36.171446 /PDM/CritSectsRw/TM real queue alloc lock/ContentionRZLeaveShared         0 times
00:23:36.171449 /PDM/CritSectsRw/TM real queue alloc lock/R3EnterExcl         8 times
00:23:36.171451 /PDM/CritSectsRw/TM real queue alloc lock/R3EnterShared         1 times
00:23:36.171454 /PDM/CritSectsRw/TM real queue alloc lock/RZEnterExcl         0 times
00:23:36.171458 /PDM/CritSectsRw/TM real queue alloc lock/RZEnterShared         0 times
00:23:36.171460 /PDM/CritSectsRw/TM tsc queue alloc lock/ContentionR3EnterExcl         0 times
00:23:36.171463 /PDM/CritSectsRw/TM tsc queue alloc lock/ContentionR3EnterShared         0 times
00:23:36.171466 /PDM/CritSectsRw/TM tsc queue alloc lock/ContentionR3LeaveExcl         0 times
00:23:36.171469 /PDM/CritSectsRw/TM tsc queue alloc lock/ContentionRZEnterExcl         0 times
00:23:36.171472 /PDM/CritSectsRw/TM tsc queue alloc lock/ContentionRZEnterShared         0 times
00:23:36.171475 /PDM/CritSectsRw/TM tsc queue alloc lock/ContentionRZLeaveExcl         0 times
00:23:36.171478 /PDM/CritSectsRw/TM tsc queue alloc lock/ContentionRZLeaveShared         0 times
00:23:36.171481 /PDM/CritSectsRw/TM tsc queue alloc lock/R3EnterExcl         0 times
00:23:36.171484 /PDM/CritSectsRw/TM tsc queue alloc lock/R3EnterShared         1 times
00:23:36.171487 /PDM/CritSectsRw/TM tsc queue alloc lock/RZEnterExcl         0 times
00:23:36.171491 /PDM/CritSectsRw/TM tsc queue alloc lock/RZEnterShared         0 times
00:23:36.171495 /PDM/CritSectsRw/TM virtual queue alloc lock/ContentionR3EnterExcl         0 times
00:23:36.171497 /PDM/CritSectsRw/TM virtual queue alloc lock/ContentionR3EnterShared         0 times
00:23:36.171500 /PDM/CritSectsRw/TM virtual queue alloc lock/ContentionR3LeaveExcl         0 times
00:23:36.171503 /PDM/CritSectsRw/TM virtual queue alloc lock/ContentionRZEnterExcl         0 times
00:23:36.171506 /PDM/CritSectsRw/TM virtual queue alloc lock/ContentionRZEnterShared         0 times
00:23:36.171509 /PDM/CritSectsRw/TM virtual queue alloc lock/ContentionRZLeaveExcl         0 times
00:23:36.171511 /PDM/CritSectsRw/TM virtual queue alloc lock/ContentionRZLeaveShared         0 times
00:23:36.171514 /PDM/CritSectsRw/TM virtual queue alloc lock/R3EnterExcl        11 times
00:23:36.171517 /PDM/CritSectsRw/TM virtual queue alloc lock/R3EnterShared         1 times
00:23:36.171521 /PDM/CritSectsRw/TM virtual queue alloc lock/RZEnterExcl         0 times
00:23:36.171523 /PDM/CritSectsRw/TM virtual queue alloc lock/RZEnterShared         0 times
00:23:36.171526 /PDM/CritSectsRw/TM virtual_sync queue alloc lock/ContentionR3EnterExcl         0 times
00:23:36.171529 /PDM/CritSectsRw/TM virtual_sync queue alloc lock/ContentionR3EnterShared         0 times
00:23:36.171533 /PDM/CritSectsRw/TM virtual_sync queue alloc lock/ContentionR3LeaveExcl         0 times
00:23:36.171536 /PDM/CritSectsRw/TM virtual_sync queue alloc lock/ContentionRZEnterExcl         0 times
00:23:36.171538 /PDM/CritSectsRw/TM virtual_sync queue alloc lock/ContentionRZEnterShared         0 times
00:23:36.171542 /PDM/CritSectsRw/TM virtual_sync queue alloc lock/ContentionRZLeaveExcl         0 times
00:23:36.171545 /PDM/CritSectsRw/TM virtual_sync queue alloc lock/ContentionRZLeaveShared         0 times
00:23:36.171548 /PDM/CritSectsRw/TM virtual_sync queue alloc lock/R3EnterExcl        10 times
00:23:36.171550 /PDM/CritSectsRw/TM virtual_sync queue alloc lock/R3EnterShared         1 times
00:23:36.171553 /PDM/CritSectsRw/TM virtual_sync queue alloc lock/RZEnterExcl         0 times
00:23:36.171556 /PDM/CritSectsRw/TM virtual_sync queue alloc lock/RZEnterShared         0 times
00:23:36.171560 /PDM/Queue/DevHlp/AllocFailures                    0 times
00:23:36.171563 /PDM/Queue/DevHlp/Flush                            0 calls
00:23:36.171566 /PDM/Queue/DevHlp/FlushLeftovers                   0 times
00:23:36.171569 /PDM/Queue/DevHlp/Insert                           0 calls
00:23:36.171572 /PDM/Queue/DevHlp/cItems                          16 count
00:23:36.171575 /PDM/Queue/DevHlp/cbItem                          56 bytes
00:23:36.171578 /PDM/Queue/DevHlp/rcOkay                           0 
00:23:36.171581 /PDM/Queue/Keyboard/AllocFailures                  0 times
00:23:36.171585 /PDM/Queue/Keyboard/Flush                          0 calls
00:23:36.171588 /PDM/Queue/Keyboard/FlushLeftovers                 0 times
00:23:36.171591 /PDM/Queue/Keyboard/Insert                       573 calls
00:23:36.171594 /PDM/Queue/Keyboard/cItems                        64 count
00:23:36.171597 /PDM/Queue/Keyboard/cbItem                        16 bytes
00:23:36.171600 /PDM/Queue/Keyboard/rcOkay                         0 
00:23:36.171603 /PDM/Queue/Mouse/AllocFailures                     0 times
00:23:36.171606 /PDM/Queue/Mouse/Flush                             0 calls
00:23:36.171609 /PDM/Queue/Mouse/FlushLeftovers                    0 times
00:23:36.171612 /PDM/Queue/Mouse/Insert                            0 calls
00:23:36.171615 /PDM/Queue/Mouse/cItems                          128 count
00:23:36.171618 /PDM/Queue/Mouse/cbItem                           32 bytes
00:23:36.171621 /PDM/Queue/Mouse/rcOkay                            0 
00:23:36.171625 /PDM/Queue/Mouse_1/AllocFailures                   0 times
00:23:36.171627 /PDM/Queue/Mouse_1/Flush                           0 calls
00:23:36.171630 /PDM/Queue/Mouse_1/FlushLeftovers                  0 times
00:23:36.171634 /PDM/Queue/Mouse_1/Insert                       3168 calls
00:23:36.171637 /PDM/Queue/Mouse_1/cItems                        128 count
00:23:36.171640 /PDM/Queue/Mouse_1/cbItem                         32 bytes
00:23:36.171643 /PDM/Queue/Mouse_1/rcOkay                          0 
00:23:36.171647 /PDM/Tasks/000-E1000-Xmit-retriggered              1 times
00:23:36.171650 /PDM/Tasks/000-E1000-Xmit-runs                    14 times
00:23:36.171653 /PGM/CPU0/R3/Page/MapTlbMisses                    18 times
00:23:36.171656 /PGM/CPU0/R3/RamRange/TlbLocking                   7 times
00:23:36.171659 /PGM/CPU0/R3/RamRange/TlbMisses                    7 times
00:23:36.171662 /PGM/CPU0/RZ/Page/MapTlbMisses                     0 times
00:23:36.171665 /PGM/CPU0/RZ/RamRange/TlbLocking                  10 times
00:23:36.171668 /PGM/CPU0/RZ/RamRange/TlbMisses                   10 times
00:23:36.171671 /PGM/CPU0/cA20Changes                              2 times
00:23:36.171674 /PGM/CPU0/cGuestModeChanges                    97173 times
00:23:36.171677 /PGM/CPU1/R3/Page/MapTlbMisses                    16 times
00:23:36.171680 /PGM/CPU1/R3/RamRange/TlbLocking                   6 times
00:23:36.171683 /PGM/CPU1/R3/RamRange/TlbMisses                    6 times
00:23:36.171686 /PGM/CPU1/RZ/Page/MapTlbMisses                     0 times
00:23:36.171689 /PGM/CPU1/RZ/RamRange/TlbLocking                  20 times
00:23:36.171692 /PGM/CPU1/RZ/RamRange/TlbMisses                   20 times
00:23:36.171695 /PGM/CPU1/cA20Changes                              0 times
00:23:36.171698 /PGM/CPU1/cGuestModeChanges                        3 times
00:23:36.171701 /PGM/ChunkR3Map/Mapped                           115 count
00:23:36.171704 /PGM/ChunkR3Map/Unmapped                           0 count
00:23:36.171707 /PGM/ChunkR3Map/c                                115 count
00:23:36.171711 /PGM/ChunkR3Map/cMax                       4294967295 count
00:23:36.171714 /PGM/LargePage/Alloc                            6703 ns/call (     6723170 ns,    1003 calls, max     39438, min       1)
00:23:36.171717 /PGM/LargePage/AllocFailed                      1003 times
00:23:36.171720 /PGM/LargePage/Overflow                            0 times
00:23:36.171723 /PGM/LargePage/Recheck                             0 times
00:23:36.171726 /PGM/LargePage/Refused                             3 times
00:23:36.171729 /PGM/LargePage/Reused                              0 times
00:23:36.171732 /PGM/LargePage/TlbFlush                            0 times
00:23:36.171735 /PGM/LargePage/ZeroEvict                           0 times
00:23:36.171741 /PGM/Mmio2QueryAndResetDirtyBitmap                 0 ticks/call (           0 ticks,       0 calls, max         0, min      -1)
00:23:36.171745 /PGM/Page/cAllPages                           529969 count
00:23:36.171748 /PGM/Page/cBalloonedPages                          0 count
00:23:36.171751 /PGM/Page/cHandyPages                            128 count
00:23:36.171755 /PGM/Page/cLargePages                              0 count
00:23:36.171758 /PGM/Page/cLargePagesDisabled                      0 count
00:23:36.171761 /PGM/Page/cMonitoredPages                          0 count
00:23:36.171764 /PGM/Page/cPrivatePages                       159723 count
00:23:36.171767 /PGM/Page/cPureMmioPages                          70 count
00:23:36.171770 /PGM/Page/cReadLockedPages                         0 count
00:23:36.171773 /PGM/Page/cReusedSharedPages                       0 count
00:23:36.171776 /PGM/Page/cSharedPages                             0 count
00:23:36.171779 /PGM/Page/cWriteLockedPages                        0 count
00:23:36.171782 /PGM/Page/cWrittenToPages                          0 count
00:23:36.171785 /PGM/Page/cZeroPages                          370176 count
00:23:36.171788 /PGM/PhysHandlerTree/ErrorsAllocatorR3             0 times
00:23:36.171791 /PGM/PhysHandlerTree/ErrorsTree                    0 times
00:23:36.171794 /PGM/PhysHandlerTree/Inserts                      89 times
00:23:36.171798 /PGM/PhysHandlerTree/MaxHandlers                6144 times
00:23:36.171802 /PGM/PhysHandlerTree/RebalancingOperations        27 times
00:23:36.171805 /PGM/PhysHandlerTree/Removals                     75 times
00:23:36.171808 /PGM/Pool/Grow                              17611784 ticks/call (    17611784 ticks,       1 calls, max  17611784, min 17611784)
00:23:36.171811 /PGM/ShMod/Check                                   0 ticks/call (           0 ticks,       0 calls, max         0, min      -1)
00:23:36.171815 /PROF/CPU0/EM/Capped                               0 ticks/call (           0 ticks,       0 calls, max         0, min      -1)
00:23:36.171819 /PROF/CPU0/EM/ForcedActions                    25616 times
00:23:36.171822 /PROF/CPU0/EM/HMExec                        37359433 ticks/call (4587215434417 ticks,  122786 calls, max 72480401214, min    5499)
00:23:36.171826 /PROF/CPU0/EM/HMExecuteCalled                  15689 times
00:23:36.171829 /PROF/CPU0/EM/Halted                           12878 times
00:23:36.171832 /PROF/CPU0/EM/NEMExec                              0 ticks/call (           0 ticks,       0 calls, max         0, min      -1)
00:23:36.171836 /PROF/CPU0/EM/NEMExecuteCalled                     0 times
00:23:36.171839 /PROF/CPU0/EM/REMTotal                             0 times
00:23:36.171843 /PROF/CPU0/EM/RecordedExits                  2244732 times
00:23:36.171847 /PROF/CPU0/EM/Total                        1340655814236 ticks/call (5362623256945 ticks,       4 calls, max 5042098374008, min 10280777871)
00:23:36.171851 /PROF/CPU0/VM/Halt/Block                    16749429 ns/call (198782230383 ns,   11868 calls, max 500309717, min       1)
00:23:36.171854 /PROF/CPU0/VM/Halt/BlockInsomnia            16708681 ns/call (198281920666 ns,   11867 calls, max 498261645, min       1)
00:23:36.171858 /PROF/CPU0/VM/Halt/BlockOnTime                     0 ns/call (           0 ns,       0 calls, max         0, min      -1)
00:23:36.171861 /PROF/CPU0/VM/Halt/BlockOverslept             310017 ns/call (      310017 ns,       1 calls, max    310017, min  310017)
00:23:36.171865 /PROF/CPU0/VM/Halt/R0HaltBlock              19622444 ns/call (1162178539480 ns,   59227 calls, max 500471226, min       2)
00:23:36.171868 /PROF/CPU0/VM/Halt/R0HaltBlockInsomnia      18296139 ns/call (1080643173675 ns,   59064 calls, max 499933969, min       2)
00:23:36.171871 /PROF/CPU0/VM/Halt/R0HaltBlockOnTime       500006475 ns/call ( 10500135995 ns,      21 calls, max 500043620, min 499944679)
00:23:36.171874 /PROF/CPU0/VM/Halt/R0HaltBlockOverslept       252917 ns/call (    35914353 ns,     142 calls, max    475987, min   52279)
00:23:36.171878 /PROF/CPU0/VM/Halt/R0HaltExec                  60564 times
00:23:36.171881 /PROF/CPU0/VM/Halt/R0HaltExec/FromBlock        57673 times
00:23:36.171884 /PROF/CPU0/VM/Halt/R0HaltExec/FromSpin          2460 times
00:23:36.171887 /PROF/CPU0/VM/Halt/R0HaltHistoryCounter        71062 times
00:23:36.171890 /PROF/CPU0/VM/Halt/R0HaltHistorySucceeded        115 times
00:23:36.171893 /PROF/CPU0/VM/Halt/R0HaltHistoryToRing3           38 times
00:23:36.171896 /PROF/CPU0/VM/Halt/R0HaltToR3                  10498 times
00:23:36.171899 /PROF/CPU0/VM/Halt/R0HaltToR3/FromSpin           257 times
00:23:36.171902 /PROF/CPU0/VM/Halt/R0HaltToR3/Other                0 times
00:23:36.171905 /PROF/CPU0/VM/Halt/R0HaltToR3/PendingFF         8687 times
00:23:36.171907 /PROF/CPU0/VM/Halt/R0HaltToR3/PostWaitNoInt       215 times
00:23:36.171910 /PROF/CPU0/VM/Halt/R0HaltToR3/PostWaitPendingFF      1339 times
00:23:36.171913 /PROF/CPU0/VM/Halt/R0HaltToR3/SmallDelta           0 times
00:23:36.171916 /PROF/CPU0/VM/Halt/Timers                        208 ns/call (     4959800 ns,   23733 calls, max    415372, min       1)
00:23:36.171919 /PROF/CPU0/VM/Halt/Yield                           0 ns/call (           0 ns,       0 calls, max         0, min      -1)
00:23:36.171923 /PROF/CPU1/EM/Capped                               0 ticks/call (           0 ticks,       0 calls, max         0, min      -1)
00:23:36.171926 /PROF/CPU1/EM/ForcedActions                   115590 times
00:23:36.171930 /PROF/CPU1/EM/HMExec                         7466641 ticks/call (1083521664807 ticks,  145115 calls, max 793514943, min    5460)
00:23:36.171933 /PROF/CPU1/EM/HMExecuteCalled                  97876 times
00:23:36.171936 /PROF/CPU1/EM/Halted                           95449 times
00:23:36.171939 /PROF/CPU1/EM/NEMExec                              0 ticks/call (           0 ticks,       0 calls, max         0, min      -1)
00:23:36.171942 /PROF/CPU1/EM/NEMExecuteCalled                     0 times
00:23:36.171945 /PROF/CPU1/EM/REMTotal                             0 times
00:23:36.171948 /PROF/CPU1/EM/RecordedExits                  1571471 times
00:23:36.171951 /PROF/CPU1/EM/Total                        1340655850057 ticks/call (5362623400231 ticks,       4 calls, max 5042098430656, min 10280831885)
00:23:36.171955 /PROF/CPU1/VM/Halt/Block                     3786489 ns/call (1095643365174 ns,  289356 calls, max 200227102, min       1)
00:23:36.171958 /PROF/CPU1/VM/Halt/BlockInsomnia              842586 ns/call ( 12588240516 ns,   14940 calls, max  71483984, min       1)
00:23:36.171962 /PROF/CPU1/VM/Halt/BlockOnTime               3590976 ns/call (203127185392 ns,   56566 calls, max 111763727, min    7722)
00:23:36.171965 /PROF/CPU1/VM/Halt/BlockOverslept             251768 ns/call ( 54847825433 ns,  217850 calls, max   8486211, min   50002)
00:23:36.171969 /PROF/CPU1/VM/Halt/R0HaltBlock               2852169 ns/call (262644918650 ns,   92086 calls, max 203767664, min       2)
00:23:36.171972 /PROF/CPU1/VM/Halt/R0HaltBlockInsomnia        649963 ns/call ( 13970320495 ns,   21494 calls, max 203577952, min       2)
00:23:36.171975 /PROF/CPU1/VM/Halt/R0HaltBlockOnTime         3380323 ns/call ( 42030936690 ns,   12434 calls, max 203767664, min    4511)
00:23:36.171978 /PROF/CPU1/VM/Halt/R0HaltBlockOverslept       217122 ns/call ( 12627398379 ns,   58158 calls, max   4987803, min   50009)
00:23:36.171981 /PROF/CPU1/VM/Halt/R0HaltExec                  18024 times
00:23:36.171984 /PROF/CPU1/VM/Halt/R0HaltExec/FromBlock        17365 times
00:23:36.171987 /PROF/CPU1/VM/Halt/R0HaltExec/FromSpin           194 times
00:23:36.171990 /PROF/CPU1/VM/Halt/R0HaltHistoryCounter       111016 times
00:23:36.171993 /PROF/CPU1/VM/Halt/R0HaltHistorySucceeded          8 times
00:23:36.171995 /PROF/CPU1/VM/Halt/R0HaltHistoryToRing3          163 times
00:23:36.171998 /PROF/CPU1/VM/Halt/R0HaltToR3                  92992 times
00:23:36.172001 /PROF/CPU1/VM/Halt/R0HaltToR3/FromSpin             5 times
00:23:36.172004 /PROF/CPU1/VM/Halt/R0HaltToR3/Other                0 times
00:23:36.172006 /PROF/CPU1/VM/Halt/R0HaltToR3/PendingFF        12878 times
00:23:36.172009 /PROF/CPU1/VM/Halt/R0HaltToR3/PostWaitNoInt     74002 times
00:23:36.172012 /PROF/CPU1/VM/Halt/R0HaltToR3/PostWaitPendingFF       719 times
00:23:36.172015 /PROF/CPU1/VM/Halt/R0HaltToR3/SmallDelta        5388 times
00:23:36.172017 /PROF/CPU1/VM/Halt/Timers                       4810 ns/call (  2777175908 ns,  577306 calls, max   1703231, min       2)
00:23:36.172021 /PROF/CPU1/VM/Halt/Yield                        2770 ns/call (     4194528 ns,    1514 calls, max      9863, min     970)
00:23:36.172025 /Public/NetAdapter/0/BytesReceived              2432 bytes
00:23:36.172028 /Public/NetAdapter/0/BytesTransmitted           1754 bytes
00:23:36.172031 /Public/NetAdapter/0/e1000                         0 
00:23:36.172034 /Public/Storage/AHCI0/Port0/BytesRead        4301824 bytes
00:23:36.172037 /Public/Storage/AHCI0/Port0/QueryBufAttempts         0 count
00:23:36.172039 /Public/Storage/AHCI0/Port0/QueryBufSuccess         0 count
00:23:36.172042 /Public/Storage/AHCI0/Port0/ReqsRead             200 count
00:23:36.172045 /Public/Storage/AHCI0/Port0/ReqsSubmitted        200 count
00:23:36.172048 /Public/Storage/AHCI0/Port0/ReqsSucceeded        200 count
00:23:36.172051 /Public/Storage/PIIX3IDE0/Port0/BytesRead  164022272 bytes
00:23:36.172054 /Public/Storage/PIIX3IDE0/Port0/QueryBufAttempts         0 count
00:23:36.172057 /Public/Storage/PIIX3IDE0/Port0/QueryBufSuccess         0 count
00:23:36.172061 /Public/Storage/PIIX3IDE0/Port0/ReqsRead        3188 count
00:23:36.172063 /Public/Storage/PIIX3IDE0/Port0/ReqsSubmitted      3188 count
00:23:36.172066 /Public/Storage/PIIX3IDE0/Port0/ReqsSucceeded      3188 count
00:23:36.172069 /SELM/LoadHidSel/GstReadErrors                     0 times
00:23:36.172072 /SELM/LoadHidSel/NoGoodGuest                       0 times
00:23:36.172075 /TM/CPU/00/cNsExecuting                    13604705005 ns
00:23:36.172078 /TM/CPU/00/cNsHalted                       198799537678 ns
00:23:36.172081 /TM/CPU/00/cNsOther                        1165210270055 ns
00:23:36.172084 /TM/CPU/00/cNsTotal                        1377614512738 ns
00:23:36.172087 /TM/CPU/00/cPeriodsExecuting                 2244732 count
00:23:36.172090 /TM/CPU/00/cPeriodsHalted                      11865 count
00:23:36.172093 /TM/CPU/00/pctExecuting                            0 %
00:23:36.172096 /TM/CPU/00/pctHalted                               7 %
00:23:36.172099 /TM/CPU/00/pctOther                               91 %
00:23:36.172102 /TM/CPU/01/cNsExecuting                    12807739302 ns
00:23:36.172105 /TM/CPU/01/cNsHalted                       1098719744974 ns
00:23:36.172108 /TM/CPU/01/cNsOther                        266087064880 ns
00:23:36.172111 /TM/CPU/01/cNsTotal                        1377614549156 ns
00:23:36.172114 /TM/CPU/01/cPeriodsExecuting                 1571471 count
00:23:36.172116 /TM/CPU/01/cPeriodsHalted                      89305 count
00:23:36.172119 /TM/CPU/01/pctExecuting                            0 %
00:23:36.172122 /TM/CPU/01/pctHalted                              76 %
00:23:36.172125 /TM/CPU/01/pctOther                               23 %
00:23:36.172128 /TM/CPU/pctExecuting                               0 %
00:23:36.172131 /TM/CPU/pctHalted                                 42 %
00:23:36.172134 /TM/CPU/pctOther                                  57 %
00:23:36.172137 /TM/MaxHzHint                                      0 Hz
00:23:36.172140 /TM/MaxHzHint/real                                 0 Hz
00:23:36.172143 /TM/MaxHzHint/tsc                                  0 Hz
00:23:36.172146 /TM/MaxHzHint/virtual                              0 Hz
00:23:36.172149 /TM/MaxHzHint/virtual_sync                         0 Hz
00:23:36.172152 /TM/PIT/Handler                                    0 ticks/call (           0 ticks,       0 calls, max         0, min      -1)
00:23:36.172155 /TM/PIT/Irq                                        0 times
00:23:36.172158 /TM/R3/1nsSteps                                 1292 times
00:23:36.172162 /TM/TSC/offCPU0                            4854603825720 ticks
00:23:36.172165 /TM/TSC/offCPU1                            4854603825720 ticks
00:23:36.172168 /TM/VirtualSync/CurrentOffset                 370517 ns
00:23:36.172171 /TRPM/ForwardRaw/IRQ/21                           93 times
00:23:36.172174 /TRPM/ForwardRaw/IRQ/22                          821 times
00:23:36.172177 /TRPM/ForwardRaw/IRQ/23                          651 times
00:23:36.172179 /TRPM/ForwardRaw/IRQ/24                          327 times
00:23:36.172182 /TRPM/ForwardRaw/IRQ/25                        41278 times
00:23:36.172186 /TRPM/ForwardRaw/IRQ/30                           42 times
00:23:36.172204 /TRPM/ForwardRaw/IRQ/EC                        50898 times
00:23:36.172208 /TRPM/ForwardRaw/IRQ/FB                        13638 times
00:23:36.172211 /TRPM/ForwardRaw/IRQ/FD                         5800 times
00:23:36.172215 /TRPM/ForwardRaw/TRAP/08                           6 times
00:23:36.172219 /VMM/EmtHashCollisions/Emt00                       0 times
00:23:36.172222 /VMM/EmtHashCollisions/Emt01                       0 times
00:23:36.172225 /VMM/LogFlush/00-Flushes                           0 times
00:23:36.172228 /VMM/LogFlush/00-NoWakups                          0 times
00:23:36.172232 /VMM/LogFlush/CPU0/Rel/cbBuf                    4096 bytes
00:23:36.172236 /VMM/LogFlush/CPU1/Rel/cbBuf                    4096 bytes
00:23:36.172239 /VUSB/0/cUrbsInPool                                0 count
00:23:36.172242 /VUSB/1/cUrbsInPool                                0 count
00:23:36.172246 ********************* End of statistics **********************
00:23:36.174435 VUSB: Detached 'HidMouse' from port 1 on RootHub#1
00:23:36.175375 E1000#0: Interrupt attempts: 427
00:23:36.175383 E1000#0: Interrupts raised : 411
00:23:36.175387 E1000#0: Interrupts lowered: 0
00:23:36.175390 E1000#0: ICR outside ISR   : 0
00:23:36.175393 E1000#0: IMS raised ints   : 1
00:23:36.175396 E1000#0: Interrupts skipped: 15
00:23:36.175399 E1000#0: Masked interrupts : 1
00:23:36.175401 E1000#0: Early interrupts  : 0
00:23:36.175405 E1000#0: Late interrupts   : 1
00:23:36.175409 E1000#0: Lost interrupts   : 0
00:23:36.175411 E1000#0: Interrupts by RX  : 11
00:23:36.175414 E1000#0: Interrupts by TX  : 14
00:23:36.175417 E1000#0: Interrupts by ICS : 387
00:23:36.175420 E1000#0: Interrupts by RDTR: 0
00:23:36.175422 E1000#0: Interrupts by RDMT: 0
00:23:36.175425 E1000#0: Interrupts by TXQE: 0
00:23:36.175428 E1000#0: TX int delay asked: 0
00:23:36.175430 E1000#0: TX delayed:         0
00:23:36.175433 E1000#0: TX delay expired:   0
00:23:36.175435 E1000#0: TX no report asked: 3
00:23:36.175438 E1000#0: TX abs timer expd : 0
00:23:36.175440 E1000#0: TX int timer expd : 0
00:23:36.175443 E1000#0: RX abs timer expd : 0
00:23:36.175445 E1000#0: RX int timer expd : 0
00:23:36.175448 E1000#0: TX CTX descriptors: 3
00:23:36.175450 E1000#0: TX DAT descriptors: 3
00:23:36.175453 E1000#0: TX LEG descriptors: 11
00:23:36.175455 E1000#0: Received frames   : 11
00:23:36.175458 E1000#0: Transmitted frames: 14
00:23:36.175461 E1000#0: TX frames up to 1514: 14
00:23:36.175463 E1000#0: TX frames up to 2962: 0
00:23:36.175466 E1000#0: TX frames up to 4410: 0
00:23:36.175469 E1000#0: TX frames up to 5858: 0
00:23:36.175471 E1000#0: TX frames up to 7306: 0
00:23:36.175474 E1000#0: TX frames up to 8754: 0
00:23:36.175476 E1000#0: TX frames up to 16384: 0
00:23:36.175479 E1000#0: TX frames up to 32768: 0
00:23:36.175481 E1000#0: Larger TX frames    : 0
00:23:36.175484 E1000#0: Max TX Delay        : 0
00:23:36.176678 GIM: KVM: Resetting MSRs
00:23:36.177793 vmmR3LogFlusher: Terminating (VERR_OBJECT_DESTROYED)
00:23:36.178194 Changing the VM state from 'DESTROYING' to 'TERMINATED'
00:23:36.178207 Console: Machine state changed to 'PoweredOff'
00:23:36.178331 GUI: Request to close Runtime UI because VM is powered off.
00:23:36.178340 GUI: Request for async QApp quit.
00:23:36.193405 GUI: UICommon: Handling aboutToQuit request..
00:23:37.193386 GUI: UICommon: aboutToQuit request handled!
